model,workload,objective_role,config_id,hash,cap,chunk,policy,mem,request_throughput_raw,request_throughput_delta,request_throughput_ci_lo,request_throughput_ci_hi,output_throughput_raw,output_throughput_delta,output_throughput_ci_lo,output_throughput_ci_hi,ttft_p95_ms_raw,ttft_p95_ms_delta,ttft_p95_ms_ci_lo,ttft_p95_ms_ci_hi,tpot_p95_ms_raw,tpot_p95_ms_delta,tpot_p95_ms_ci_lo,tpot_p95_ms_ci_hi,e2e_p95_ms_raw,e2e_p95_ms_delta,e2e_p95_ms_ci_lo,e2e_p95_ms_ci_hi,classification,repeat_count
lfm25,R_concurrent_decode,cookbook,74,cap32_chunk-1_pollpm_mem0.85,32,-1,lpm,0.85,21.98955177756656,0.0,-0.004640673447338963,0.004680974179137717,5629.32525505704,0.0,-0.004576355742929017,0.004622716629599443,136.5026107802987,0.0,-0.08013044936898796,0.07285193971260207,5.135910708110268,0.0,-0.003807954212730952,0.0036915637253612183,1441.4699131716043,0.0,-0.005270356321668374,0.005124313526555215,FLAT,5
lfm25,R_concurrent_decode,request_throughput_best,100,cap48_chunk-1_polfcfs_mem0.75,48,-1,fcfs,0.75,22.31813879464081,0.014942870159339483,0.011008866579364696,0.019326152675093793,5713.443531428047,0.014942870159339483,0.010953417706026054,0.01940651577017587,131.79393320344388,0.0344951466491249,-0.017816628394813575,0.09474954067877596,5.080590880183759,0.010771181796278562,0.0068224185710274885,0.014599206775939226,1422.1366866817698,0.01341216095679476,0.009416584985718051,0.018059946407932813,STRICT_ALL_METRIC_WIN,5
lfm25,R_concurrent_decode,ttft_p95_best,125,cap64_chunk-1_polfcfs_mem0.8,64,-1,fcfs,0.8,22.08700272776948,0.004431693341850451,-0.001706660858790537,0.01051268288453217,5654.272698308986,0.004431693341850451,-0.0018018942038482866,0.010453640935263797,134.64164861477911,0.013633161702048424,-0.05858654612439786,0.0835300746868481,5.119821823603821,0.003132625433117653,0.0004055832573567314,0.006017994638095164,1438.556280694902,0.0020212926056094593,-0.004403010335166674,0.008304935147771975,WIN,5
lfm25,R_concurrent_decode,tpot_p95_best,5,cap8_chunk-1_polfcfs_mem0.8,8,-1,fcfs,0.8,7.887677799823616,-0.6412988368471195,-0.6425648141766902,-0.6398527615863568,2019.2455167548462,-0.6412988368471194,-0.6425777268012862,-0.6398612767757873,3045.5195981031284,-21.311072152348057,-22.306226127359857,-20.093846077716275,3.8875986076526194,0.24305564707081107,0.24112985254034475,0.2451110452652009,4036.790881161578,-1.8004683582188687,-1.8093248378994853,-1.7887003348356585,TRADE-OFF,5
lfm25,R_concurrent_decode,e2e_p95_best,100,cap48_chunk-1_polfcfs_mem0.75,48,-1,fcfs,0.75,22.31813879464081,0.014942870159339483,0.01107276570273496,0.019277347899426533,5713.443531428047,0.014942870159339483,0.011032851862657718,0.0192837466598191,131.79393320344388,0.0344951466491249,-0.017597370076701927,0.09274495139353624,5.080590880183759,0.010771181796278562,0.00670641275661075,0.01465465914730368,1422.1366866817698,0.01341216095679476,0.009425746960029008,0.01806776666352758,STRICT_ALL_METRIC_WIN,5
lfm25,R_concurrent_decode,constrained_throughput_best_3pct,100,cap48_chunk-1_polfcfs_mem0.75,48,-1,fcfs,0.75,22.31813879464081,0.014942870159339483,0.011024285414678875,0.019382350799389138,5713.443531428047,0.014942870159339483,0.010967883109818305,0.019461809767658194,131.79393320344388,0.0344951466491249,-0.019117260678321094,0.09217935166509476,5.080590880183759,0.010771181796278562,0.006859642492004925,0.014626204874660436,1422.1366866817698,0.01341216095679476,0.00933682629572695,0.018056112382863088,STRICT_ALL_METRIC_WIN,5
lfm25,R_concurrent_decode,maximin_balanced_best,100,cap48_chunk-1_polfcfs_mem0.75,48,-1,fcfs,0.75,22.31813879464081,0.014942870159339483,0.011041130257879894,0.01936600451391532,5713.443531428047,0.014942870159339483,0.011129361915904745,0.019380293065339442,131.79393320344388,0.0344951466491249,-0.01885553388539326,0.09284338920141111,5.080590880183759,0.010771181796278562,0.006862977178111418,0.014710530066678995,1422.1366866817698,0.01341216095679476,0.009375228471213304,0.018156306265011524,STRICT_ALL_METRIC_WIN,5
lfm25,R_concurrent_decode,pareto_knee_candidate,100,cap48_chunk-1_polfcfs_mem0.75,48,-1,fcfs,0.75,22.31813879464081,0.014942870159339483,0.01113985017285989,0.019382342764724465,5713.443531428047,0.014942870159339483,0.010957228278991977,0.01932033482203685,131.79393320344388,0.0344951466491249,-0.01781597074999408,0.09255951913784584,5.080590880183759,0.010771181796278562,0.0068163579086262475,0.014656229892342106,1422.1366866817698,0.01341216095679476,0.009355882584089814,0.018056127648183436,STRICT_ALL_METRIC_WIN,5
lfm25,R_concurrent_decode,strict_all_metric_candidate,100,cap48_chunk-1_polfcfs_mem0.75,48,-1,fcfs,0.75,22.31813879464081,0.014942870159339483,0.010969504346930248,0.019432255885531057,5713.443531428047,0.014942870159339483,0.011104600515579932,0.019225334077574586,131.79393320344388,0.0344951466491249,-0.01799926272834542,0.09220415848568085,5.080590880183759,0.010771181796278562,0.006768439628244471,0.014652498480699194,1422.1366866817698,0.01341216095679476,0.00937505550029688,0.01794518634241725,STRICT_ALL_METRIC_WIN,5
lfm25,R_long_prefill,cookbook,74,cap32_chunk-1_pollpm_mem0.85,32,-1,lpm,0.85,12.604484843853099,0.0,-0.035684849058899994,0.034444511317210866,403.3435150032992,0.0,-0.033258557535016164,0.03361582813590691,208.50754480808973,0.0,-0.05069000371136308,0.048143597903267166,3.5571069473160373,0.0,-0.159935417557951,0.13698372093770564,308.3048473810777,0.0,-0.03542440316501358,0.03422297438907938,FLAT,5
lfm25,R_long_prefill,request_throughput_best,60,cap24_chunk2048_polfcfs_mem0.75,24,2048,fcfs,0.75,19.92403864149859,0.5807102700603477,0.524890709829848,0.644299797947635,637.5692365279549,0.5807102700603475,0.5255823910671042,0.6469475695438558,93.96148651372641,0.5493616952796191,0.5203313925598209,0.5785150544012474,3.771749689514118,-0.060341942307929886,-0.15292155069941324,0.07334059102242813,193.0203861789778,0.3739300960766391,0.3505943252436402,0.3990450336325366,STRICT_ALL_METRIC_WIN,5
lfm25,R_long_prefill,ttft_p95_best,60,cap24_chunk2048_polfcfs_mem0.75,24,2048,fcfs,0.75,19.92403864149859,0.5807102700603477,0.5238934540193404,0.6447892264919025,637.5692365279549,0.5807102700603475,0.5261907427570022,0.6447297244990288,93.96148651372641,0.5493616952796191,0.5196488331333867,0.5783331428333854,3.771749689514118,-0.060341942307929886,-0.15267842278448943,0.0724287996612073,193.0203861789778,0.3739300960766391,0.35171001904076715,0.39883306722922773,STRICT_ALL_METRIC_WIN,5
lfm25,R_long_prefill,tpot_p95_best,42,cap16_chunk8192_pollpm_mem0.85,16,8192,lpm,0.85,15.198632192851147,0.20581145371150567,0.17757705856468375,0.24658247299914485,486.3562301712367,0.20581145371150567,0.17739843419687884,0.247823429927546,156.05521262157708,0.2515608355313461,0.2254656635203368,0.2882177357693415,3.311126924330188,0.06915170857357822,-0.006453209301640506,0.18498705505723698,255.79720445442945,0.17031079262190973,0.14977118145500778,0.1993454950854946,WIN,5
lfm25,R_long_prefill,e2e_p95_best,60,cap24_chunk2048_polfcfs_mem0.75,24,2048,fcfs,0.75,19.92403864149859,0.5807102700603477,0.5242812549334176,0.6445280304629932,637.5692365279549,0.5807102700603475,0.5257580523998969,0.6426480458620626,93.96148651372641,0.5493616952796191,0.520850017071494,0.5777877912932482,3.771749689514118,-0.060341942307929886,-0.15321798907850404,0.07206581260276557,193.0203861789778,0.3739300960766391,0.35064076518371584,0.3988421442177198,STRICT_ALL_METRIC_WIN,5
lfm25,R_long_prefill,constrained_throughput_best_3pct,60,cap24_chunk2048_polfcfs_mem0.75,24,2048,fcfs,0.75,19.92403864149859,0.5807102700603477,0.5259041444615621,0.644554304714133,637.5692365279549,0.5807102700603475,0.5249897345774598,0.6454478797549458,93.96148651372641,0.5493616952796191,0.5208523644494919,0.5775260343032006,3.771749689514118,-0.060341942307929886,-0.15264531901801898,0.07306938701455083,193.0203861789778,0.3739300960766391,0.3507255952168544,0.3987386603444298,STRICT_ALL_METRIC_WIN,5
lfm25,R_long_prefill,maximin_balanced_best,42,cap16_chunk8192_pollpm_mem0.85,16,8192,lpm,0.85,15.198632192851147,0.20581145371150567,0.1774988578391855,0.24793327628468864,486.3562301712367,0.20581145371150567,0.1774332687627833,0.24819797972410246,156.05521262157708,0.2515608355313461,0.22500554412879764,0.28735422263361887,3.311126924330188,0.06915170857357822,-0.00665136152979785,0.18468411932013512,255.79720445442945,0.17031079262190973,0.1497211952459864,0.19844170332697914,STRICT_ALL_METRIC_WIN,5
lfm25,R_long_prefill,pareto_knee_candidate,59,cap24_chunk2048_pollpm_mem0.9,24,2048,lpm,0.9,20.560267089397897,0.6311866247690907,0.38244120682179655,0.7980769127898791,657.9285468607327,0.6311866247690905,0.3837579466998555,0.7994325994945555,92.70108798984438,0.5554065533927492,0.37025267734836775,0.6639580219786464,3.684477303432481,-0.035807288901602785,-0.23629405290632197,0.1350304753947195,191.96223171893507,0.377362265466875,0.25308858692926817,0.4537455311077013,STRICT_ALL_METRIC_WIN,5
lfm25,R_long_prefill,strict_all_metric_candidate,60,cap24_chunk2048_polfcfs_mem0.75,24,2048,fcfs,0.75,19.92403864149859,0.5807102700603477,0.5257594873261097,0.6446212711596901,637.5692365279549,0.5807102700603475,0.5262967108816958,0.6447297244990281,93.96148651372641,0.5493616952796191,0.5205695525332219,0.5782910864346904,3.771749689514118,-0.060341942307929886,-0.15286233244473812,0.07261613649757613,193.0203861789778,0.3739300960766391,0.35208233161176195,0.3988667333217586,STRICT_ALL_METRIC_WIN,5
lfm25,R_medium_balanced,cookbook,74,cap32_chunk-1_pollpm_mem0.85,32,-1,lpm,0.85,7.107628701745201,0.0,-0.00197718036303251,0.0019889814540303306,1819.5529476467714,0.0,-0.002001319868556434,0.001942418286507723,97.58616478648037,0.0,-0.03263783823131039,0.030447208113094832,4.147961048007597,0.0,-0.0010021830270351305,0.0010448343287473932,1150.4994098795578,0.0,-0.0011008852977344883,0.0010994086103433074,FLAT,5
lfm25,R_medium_balanced,request_throughput_best,32,cap16_chunk2048_pollpm_mem0.75,16,2048,lpm,0.75,7.005397207228564,-0.01438334764047744,-0.024179625137954464,-0.005651393330688712,1793.3816850505125,-0.01438334764047744,-0.023989562389011843,-0.005879539505048934,103.66572884377092,-0.062299446551595805,-0.10226771065030885,-0.01943040888658687,4.1933143556154535,-0.010933879822627945,-0.014368630756877466,-0.008263717333979072,1154.3828679714352,-0.0033754542232089513,-0.008758393864700897,0.002413765873746506,REGRESSION,5
lfm25,R_medium_balanced,ttft_p95_best,170,cap128_chunk-1_pollpm_mem0.85,128,-1,lpm,0.85,7.151086791729641,0.006114288155453229,0.0043585358078368445,0.00786845164242193,1830.6782186827882,0.006114288155453229,0.0044957270283632,0.007882595031105492,94.11094810348004,0.03561177642962132,0.006916897834171924,0.06421771885725924,4.144433257078716,0.0008504879597591719,0.00019907499679527874,0.001666246359157797,1145.096208411269,0.004696396557782312,0.0033043423996095196,0.0059772904459098886,STRICT_ALL_METRIC_WIN,5
lfm25,R_medium_balanced,tpot_p95_best,168,cap128_chunk-1_pollpm_mem0.75,128,-1,lpm,0.75,7.103292760675439,-0.0006100404581765861,-0.004395899527212768,0.0027087280522532452,1818.4429467329123,-0.0006100404581765861,-0.0045167360918063615,0.002654756182323817,96.57702811527997,0.010340980951637935,-0.03214801580073925,0.047440026060851515,4.14779791909763,3.932749321389206e-05,-0.0007032195242136774,0.0009021299595287358,1149.4717254769057,0.0008932506995024125,-0.0005933594782312867,0.002278068360078747,FLAT,5
lfm25,R_medium_balanced,e2e_p95_best,36,cap16_chunk2048_polfcfs_mem0.75,16,2048,fcfs,0.75,7.189657018932101,0.011540883834683102,-0.002523196524361362,0.027291079866258807,1840.5521968466178,0.011540883834683102,-0.002533717135266708,0.02747038967544682,99.95833698194474,-0.024308488817597285,-0.047545771379346714,0.002485740306828382,4.091580621715562,0.013592322984594007,-0.0028368603129437617,0.03196032440575789,1121.9749331474304,0.024793125913131542,0.005622951926590106,0.04623433153877323,STRICT_ALL_METRIC_WIN,5
lfm25,R_medium_balanced,constrained_throughput_best_3pct,118,cap48_chunk8192_polfcfs_mem0.85,48,8192,fcfs,0.85,7.1926174644725736,0.011957400462759837,0.010433991422824673,0.013501201793617556,1841.310070904979,0.011957400462759837,0.010442123034951878,0.013513531198027262,95.98558810539544,0.016401676247724373,-0.00539713368339903,0.04073840644639594,4.142523289877265,0.0013109472503227693,0.0005052650820802585,0.002168357084920483,1146.516329725273,0.0034620445000504985,0.0024586634909515514,0.004500324055352204,STRICT_ALL_METRIC_WIN,5
lfm25,R_medium_balanced,maximin_balanced_best,118,cap48_chunk8192_polfcfs_mem0.85,48,8192,fcfs,0.85,7.1926174644725736,0.011957400462759837,0.010444162580357175,0.013502707374490035,1841.310070904979,0.011957400462759837,0.010434955844794475,0.013528846362626095,95.98558810539544,0.016401676247724373,-0.005294961716898433,0.041605380193244584,4.142523289877265,0.0013109472503227693,0.0005298093044239227,0.0021894403810401833,1146.516329725273,0.0034620445000504985,0.002451741362915927,0.004493933353932579,STRICT_ALL_METRIC_WIN,5
lfm25,R_medium_balanced,pareto_knee_candidate,118,cap48_chunk8192_polfcfs_mem0.85,48,8192,fcfs,0.85,7.1926174644725736,0.011957400462759837,0.01046217363109327,0.013490057203208065,1841.310070904979,0.011957400462759837,0.010465052536625542,0.013538937747830458,95.98558810539544,0.016401676247724373,-0.004831532574133273,0.04141194930375287,4.142523289877265,0.0013109472503227693,0.0005166036582195832,0.0022103182057032623,1146.516329725273,0.0034620445000504985,0.002473616363497738,0.004503776350523677,STRICT_ALL_METRIC_WIN,5
lfm25,R_medium_balanced,strict_all_metric_candidate,118,cap48_chunk8192_polfcfs_mem0.85,48,8192,fcfs,0.85,7.1926174644725736,0.011957400462759837,0.010470181692921738,0.013530237133481227,1841.310070904979,0.011957400462759837,0.010520555383192326,0.013489095470059498,95.98558810539544,0.016401676247724373,-0.004939910469972997,0.04153038331970792,4.142523289877265,0.0013109472503227693,0.0005112677623339001,0.0022038083031268364,1146.516329725273,0.0034620445000504985,0.002453978787956898,0.004502176419528325,STRICT_ALL_METRIC_WIN,5
lfm25,R_short_decode,cookbook,74,cap32_chunk-1_pollpm_mem0.85,32,-1,lpm,0.85,1.681435290623152,0.0,-0.00425376758835865,0.004176454204454005,430.4474343995269,0.0,-0.004197090089438807,0.004176690864491572,30.896233618259423,0.0,-0.2577601021236322,0.20994878689217622,2.2286259537893875,0.0,-5.0592970518653635e-05,5.245130015931187e-05,598.0547149246559,0.0,-0.012852870239967156,0.01260736182018597,FLAT,5
lfm25,R_short_decode,request_throughput_best,167,cap96_chunk8192_polfcfs_mem0.9,96,8192,fcfs,0.9,1.6785843173938644,-0.0016955592910334882,-0.004961911704297294,0.0018667388321380652,429.7175852528293,-0.0016955592910334882,-0.004902954632874573,0.0019678319268783945,26.90464689861983,0.12919331103453968,-0.01169551751127848,0.26982957230300897,2.2418324166636525,-0.005925831946724802,-0.011725866943641527,-0.0027585851474229324,596.1101148789749,0.0032515420364606085,-0.005345370335685701,0.013844502302538642,REGRESSION,5
lfm25,R_short_decode,ttft_p95_best,21,cap8_chunk8192_polfcfs_mem0.8,8,8192,fcfs,0.8,1.680669431900461,-0.0004554791534125968,-0.0034578355702201296,0.002990941477113325,430.251374566518,-0.0004554791534125968,-0.0035675280282622735,0.0029742477087547348,27.106957221403718,0.12264525325883968,-0.035074173232097536,0.2717103454251243,2.2314918620451643,-0.0012859530110487238,-0.0015200063458518155,-0.0010637313213395228,595.2255205670372,0.004730661404408698,-0.0031654202722381287,0.015070887317871762,REGRESSION,5
lfm25,R_short_decode,tpot_p95_best,105,cap48_chunk2048_pollpm_mem0.8,48,2048,lpm,0.8,1.6821369278529374,0.0004172847053336426,-0.0030098821950992616,0.004112475441440149,430.6270535303521,0.0004172847053340867,-0.003096806860387366,0.004138071697161827,26.873364886268973,0.13020579730511117,-0.020837381344550022,0.275987548177303,2.230805975987631,-0.0009781911560962087,-0.0013317874920915074,-0.0005346650696711979,595.0636772299185,0.005001277675929949,-0.002977618023612583,0.015131560810859767,REGRESSION,5
lfm25,R_short_decode,e2e_p95_best,5,cap8_chunk-1_polfcfs_mem0.8,8,-1,fcfs,0.8,1.6803397276374006,-0.0006515641677447004,-0.003372808099540869,0.0024934116874665005,430.16697027517455,-0.0006515641677447004,-0.0033730546064750845,0.0025639405154041805,25.144096058793366,0.1861760119546284,0.056741607416805236,0.31933995021517625,2.2375343413612283,-0.003997255598990668,-0.004148598279164389,-0.003820643460243245,594.7328252065927,0.005554491311855481,-0.0016074176982412813,0.015662536280049825,TRADE-OFF,5
lfm25,R_short_decode,constrained_throughput_best_3pct,167,cap96_chunk8192_polfcfs_mem0.9,96,8192,fcfs,0.9,1.6785843173938644,-0.0016955592910334882,-0.004924039477042585,0.00190878992070097,429.7175852528293,-0.0016955592910334882,-0.004863700490568471,0.001917054696838066,26.90464689861983,0.12919331103453968,-0.012920768593358322,0.27010137251715827,2.2418324166636525,-0.005925831946724802,-0.011707833514345234,-0.002754537566810334,596.1101148789749,0.0032515420364606085,-0.005548411166300343,0.013686245993845936,REGRESSION,5
lfm25,R_short_decode,maximin_balanced_best,9,cap8_chunk2048_pollpm_mem0.8,8,2048,lpm,0.8,1.6734522512231216,-0.004747752973039976,-0.007565214418833416,-0.0015486157260313136,428.4037763131191,-0.004747752973039976,-0.007569732643354354,-0.0015611656813868668,28.021372882649302,0.09304890593237558,-0.05257492387033842,0.2372758830386406,2.237753648105209,-0.00409566006368256,-0.004423322539034824,-0.0036475079872806903,597.3373009450734,0.001199579171736631,-0.006137635838655914,0.011274697074798728,REGRESSION,5
lfm25,R_short_decode,pareto_knee_candidate,5,cap8_chunk-1_polfcfs_mem0.8,8,-1,fcfs,0.8,1.6803397276374006,-0.0006515641677447004,-0.0033560309576739027,0.002578184714183349,430.16697027517455,-0.0006515641677447004,-0.003384408012178289,0.0025493522535861178,25.144096058793366,0.1861760119546284,0.05721125897849523,0.31824137138242425,2.2375343413612283,-0.003997255598990668,-0.004147391812474821,-0.0038123706498771615,594.7328252065927,0.005554491311855481,-0.0017615302417350875,0.01555468712592426,TRADE-OFF,5
lfm25,R_short_decode,strict_all_metric_candidate,78,cap32_chunk-1_polfcfs_mem0.85,32,-1,fcfs,0.85,1.6734808579398224,-0.004730739700593345,-0.009333547477256668,-0.0003573945182289096,428.4110996325945,-0.004730739700593345,-0.009456903002197339,-0.00039630462261349103,27.62781720608473,0.10578688821938109,-0.04677089391737508,0.25816580014240503,2.260481542816493,-0.014293824844380243,-0.03651824919374392,-0.002600612324935131,602.9779383027926,-0.008232061808520319,-0.030710893309496744,0.009467854369730147,REGRESSION,5
lfm25,shared_prefix,cookbook,74,cap32_chunk-1_pollpm_mem0.85,32,-1,lpm,0.85,14.08048095310482,0.0,-0.015973341430020715,0.016502995089563703,3604.6031239948343,0.0,-0.015777114868499153,0.016142269866514285,7449.867688077502,0.0,-0.021122045231711788,0.020646377791829477,7.657345421064427,0.0,-0.004573040866495869,0.00451462176188554,9065.951490602456,0.0,-0.016529185170454187,0.016254950492390563,FLAT,5
lfm25,shared_prefix,request_throughput_best,152,cap96_chunk2048_pollpm_mem0.75,96,2048,lpm,0.75,26.625410868406885,0.8909447026051935,0.821488374421884,0.942631406080323,6816.1051823121625,0.8909447026051933,0.8189614095598194,0.9420653047320773,486.4161811675875,0.9347080778433112,0.9080288341834892,0.9492281192182231,7.996636991224745,-0.044309294083425765,-0.05456585089053191,-0.03371223818853819,2448.476057443768,0.7299261903197035,0.7106603906496174,0.7419093643923526,TRADE-OFF,5
lfm25,shared_prefix,ttft_p95_best,152,cap96_chunk2048_pollpm_mem0.75,96,2048,lpm,0.75,26.625410868406885,0.8909447026051935,0.8215836489893583,0.9425149778797637,6816.1051823121625,0.8909447026051933,0.8199935811478463,0.9425789997448698,486.4161811675875,0.9347080778433112,0.9079319794559981,0.9492563614944249,7.996636991224745,-0.044309294083425765,-0.05471935354932242,-0.03388536904670291,2448.476057443768,0.7299261903197035,0.710632870046628,0.7419230825135085,TRADE-OFF,5
lfm25,shared_prefix,tpot_p95_best,8,cap8_chunk2048_pollpm_mem0.75,8,2048,lpm,0.75,7.757525868002451,-0.449058175367804,-0.4544217394513741,-0.44031834414554427,1985.9266222086274,-0.4490581753678041,-0.4543991408736674,-0.44059072909512953,14102.45112179312,-0.8929800786075934,-0.9165790488930825,-0.8546499531025396,4.071110274387049,0.4683392154168834,0.4614100670187068,0.47435055600182807,15103.444871585807,-0.665952535400357,-0.6824664448861288,-0.6397538815866657,TRADE-OFF,5
lfm25,shared_prefix,e2e_p95_best,152,cap96_chunk2048_pollpm_mem0.75,96,2048,lpm,0.75,26.625410868406885,0.8909447026051935,0.8230157579187478,0.9423151773075404,6816.1051823121625,0.8909447026051933,0.8208920942082419,0.9435491792785784,486.4161811675875,0.9347080778433112,0.908092766002521,0.9492601645262096,7.996636991224745,-0.044309294083425765,-0.05489547220596293,-0.0339305140361936,2448.476057443768,0.7299261903197035,0.7105358835282117,0.7419292138509572,TRADE-OFF,5
lfm25,shared_prefix,constrained_throughput_best_3pct,106,cap48_chunk2048_pollpm_mem0.85,48,2048,lpm,0.85,21.777926416176093,0.5466748961706416,0.4966789469416521,0.5886770311118509,5575.14916254108,0.5466748961706414,0.49716052556706075,0.5885100681934305,2452.7043295511976,0.6707720952579579,0.6564088003381163,0.6830495366952194,7.206302255081634,0.05890333283673321,0.05118681744114696,0.06634056595011023,4228.555245548487,0.533578439071541,0.5273594608316747,0.5417623530480793,STRICT_ALL_METRIC_WIN,5
lfm25,shared_prefix,maximin_balanced_best,83,cap32_chunk2048_pollpm_mem0.9,32,2048,lpm,0.9,20.53039904451893,0.45807512633237635,0.4372511560304406,0.4836323569243724,5255.782155396846,0.45807512633237635,0.43736081478354655,0.48269137569043735,3426.3996433420057,0.5400724164772093,0.46696921043299766,0.5963516853602342,5.510814386566041,0.2803231298138308,0.2733446857055848,0.2857041166962768,4794.04652519151,0.47120315720187766,0.411496954891019,0.5208958590191798,STRICT_ALL_METRIC_WIN,5
lfm25,shared_prefix,pareto_knee_candidate,179,cap128_chunk2048_pollpm_mem0.9,128,2048,lpm,0.9,26.797881473078302,0.903193616917555,0.8572444490590796,0.9444401019167403,6860.257657108047,0.9031936169175552,0.8588663563758832,0.9441367839009088,460.425396328792,0.9381968357551316,0.9215299141379443,0.9483912974962764,7.981664639660248,-0.042354001388478224,-0.05212644108853388,-0.03359293140183673,2419.324318547733,0.7331417092783317,0.7205787685692071,0.7421407193957354,TRADE-OFF,5
lfm25,shared_prefix,strict_all_metric_candidate,106,cap48_chunk2048_pollpm_mem0.85,48,2048,lpm,0.85,21.777926416176093,0.5466748961706416,0.4986159073961121,0.5890190445487584,5575.14916254108,0.5466748961706414,0.4985432374068359,0.5877280882192681,2452.7043295511976,0.6707720952579579,0.6554559619934505,0.6830097231017437,7.206302255081634,0.05890333283673321,0.05116121443285073,0.06617510721305614,4228.555245548487,0.533578439071541,0.5273394476190983,0.5413620918387677,STRICT_ALL_METRIC_WIN,5
lfm25,tool_agent,cookbook,74,cap32_chunk-1_pollpm_mem0.85,32,-1,lpm,0.85,5.2642012138579855,0.0,-0.002255537904323987,0.002260946239326472,1091.3478746509682,0.0,-0.0022554350386514766,0.0022605838301412774,530.6558697065338,0.0,-0.005843950527756325,0.0058075550350324984,24.482135972882702,0.0,-0.591222892125496,0.3692635066940019,2093.990309406072,0.0,-0.001209158759034562,0.0012081783007997407,FLAT,5
lfm25,tool_agent,request_throughput_best,105,cap48_chunk2048_pollpm_mem0.8,48,2048,lpm,0.8,5.265402448592218,0.00022818936538193668,-0.0030433960341422176,0.0031415046152115916,1091.5969086298958,0.00022818936538193668,-0.00307791679021325,0.003087326325180829,308.06978118140245,0.419454680955903,0.147986413826583,0.6011966012915584,52.41769649088381,-1.1410589561688385,-3.7503849866571777,0.22047203845198204,1954.4262524228538,0.0666498103435843,0.0023203064318209066,0.10634440025191524,WIN,5
lfm25,tool_agent,ttft_p95_best,41,cap16_chunk8192_pollpm_mem0.8,16,8192,lpm,0.8,5.272951599095063,0.0016622436874262903,-0.001287726567229172,0.004273857347796955,1093.161960766393,0.0016622436874262903,-0.001363203870961424,0.004286832471577138,375.7126979576421,0.2919842794438121,0.1749203744398853,0.4038181176791046,28.49234057900806,-0.16380125535481094,-1.1575807182592799,0.4004801483769871,2023.007178590633,0.03389850014901563,0.00783976339846093,0.05455620381396339,STRICT_ALL_METRIC_WIN,5
lfm25,tool_agent,tpot_p95_best,17,cap8_chunk8192_pollpm_mem0.8,8,8192,lpm,0.8,5.246240110394126,-0.003411933308433701,-0.005996182755803945,-0.0009677273471652148,1087.6242684863585,-0.003411933308433479,-0.0060222718779270375,-0.0009829261850869558,1387.5855298200618,-1.6148500544946987,-1.8210164349028504,-1.2748436184605973,8.228896631958081,0.6638815893730554,0.529535970890514,0.7568510821323261,2314.801330622285,-0.10544987731048416,-0.13357570874440075,-0.08538689370552398,TRADE-OFF,5
lfm25,tool_agent,e2e_p95_best,191,cap128_chunk8192_polfcfs_mem0.9,128,8192,fcfs,0.9,5.262061559389386,-0.00040645377744441546,-0.0032372956583365917,0.002433213374024001,1090.9042921848104,-0.00040645377744430444,-0.0032587267698604206,0.002452740693508214,283.32451111171395,0.46608616377239065,0.3986966468641254,0.5178382879843614,14.538730108786524,0.40614944198945113,0.1317051130931413,0.5988518638578724,1919.038121537305,0.08354966452466028,0.06439815759019607,0.1028634946637117,STRICT_ALL_METRIC_WIN,5
lfm25,tool_agent,constrained_throughput_best_3pct,68,cap24_chunk8192_polfcfs_mem0.75,24,8192,fcfs,0.75,5.2675182524218105,0.0006301124195429164,-0.0018271475999062565,0.003128644183572066,1092.0355465008274,0.0006301124195429164,-0.0018426161103410887,0.003127612940410623,340.68551524542244,0.3579916200044482,0.17818987144452328,0.480062139890693,27.251498475670815,-0.11311768327140892,-0.9744769941327744,0.37675066460758266,1957.9025370161976,0.06498968585412102,0.03289879895029557,0.09476814797530488,WIN,5
lfm25,tool_agent,maximin_balanced_best,68,cap24_chunk8192_polfcfs_mem0.75,24,8192,fcfs,0.75,5.2675182524218105,0.0006301124195429164,-0.0017888134993062853,0.0031504656031839996,1092.0355465008274,0.0006301124195429164,-0.0017887912537692312,0.003124864924237175,340.68551524542244,0.3579916200044482,0.176191866186408,0.47940034322801617,27.251498475670815,-0.11311768327140892,-0.9647248204082038,0.3879560037309626,1957.9025370161976,0.06498968585412102,0.03240709636082536,0.09464903099586863,STRICT_ALL_METRIC_WIN,5
lfm25,tool_agent,pareto_knee_candidate,25,cap16_chunk-1_pollpm_mem0.8,16,-1,lpm,0.8,5.261582968717097,-0.0004973679831985489,-0.002716496815501163,0.0017974999015789137,1090.805073159585,-0.0004973679831985489,-0.0027339969338553427,0.0017638702756096072,513.0170821584761,0.033239597552765066,0.02627390542369268,0.03970285943142116,18.554747019610943,0.24211077660205582,-0.16494506761764477,0.47855568927451136,2121.2200807826594,-0.013003771437849032,-0.018801195313884068,-0.007256191507495303,TRADE-OFF,5
lfm25,tool_agent,strict_all_metric_candidate,68,cap24_chunk8192_polfcfs_mem0.75,24,8192,fcfs,0.75,5.2675182524218105,0.0006301124195429164,-0.0018026908115937156,0.0031255680983709234,1092.0355465008274,0.0006301124195429164,-0.0018133737370350067,0.0031507336244120275,340.68551524542244,0.3579916200044482,0.1786606199907788,0.4798383708392569,27.251498475670815,-0.11311768327140892,-0.9836943130963077,0.380465290396922,1957.9025370161976,0.06498968585412102,0.03244305973571682,0.09436084633704334,STRICT_ALL_METRIC_WIN,5
qwen,R_concurrent_decode,cookbook,74,cap32_chunk-1_pollpm_mem0.85,32,-1,lpm,0.85,12.028894178008782,0.0,-0.002405016636824575,0.0024120848174113974,3079.396909570248,0.0,-0.0023517146224176972,0.0024091492066080134,111.69331246055663,0.0,-0.05452773002640088,0.05203881029190792,9.947482452618287,0.0,-0.00015484127336419238,0.0001632859224268033,2648.036977155134,0.0,-0.0022412663608339044,0.002263718177087026,FLAT,5
qwen,R_concurrent_decode,request_throughput_best,174,cap128_chunk-1_polfcfs_mem0.85,128,-1,fcfs,0.85,12.073823759480845,0.0037351381438039954,0.0011181794461907423,0.006059495200328141,3090.8988824270964,0.0037351381438039954,0.0011779173293028024,0.006068469757266165,106.72327220439911,0.044497205308622556,-0.0045491692410830845,0.0950598264693272,9.932854383563003,0.0014705297672009676,0.0009601458852511707,0.001992397533326917,2639.4475510157645,0.003243695693629478,0.0009220568574088095,0.005564665881349503,STRICT_ALL_METRIC_WIN,5
qwen,R_concurrent_decode,ttft_p95_best,169,cap128_chunk-1_pollpm_mem0.8,128,-1,lpm,0.8,12.021675218424287,-0.0006001349315793991,-0.002713694960178592,0.001514207128725502,3077.5488559166174,-0.0006001349315793991,-0.0028475278489836246,0.0015213409681900103,110.68454246968031,0.009031605999083925,-0.04483138286190714,0.06662326910200567,9.958511339610114,-0.001108711379422811,-0.0014120421066700195,-0.0007334766440532103,2649.3998885527253,-0.0005146874493631159,-0.002687945956624005,0.001860338333456557,REGRESSION,5
qwen,R_concurrent_decode,tpot_p95_best,4,cap8_chunk-1_polfcfs_mem0.75,8,-1,fcfs,0.75,4.5806608119384915,-0.6191951858456903,-0.6199593566640187,-0.6184796456210103,1172.6491678562538,-0.6191951858456903,-0.6199528017893466,-0.6184570698973361,5205.665741977282,-45.60678090118968,-47.17331649171765,-43.63048717939028,6.916886951445657,0.3046595473385272,0.3041486807662186,0.30524975550528405,6969.419262362644,-1.6319191621901372,-1.6364395556872875,-1.62676813990427,TRADE-OFF,5
qwen,R_concurrent_decode,e2e_p95_best,169,cap128_chunk-1_pollpm_mem0.8,128,-1,lpm,0.8,12.021675218424287,-0.0006001349315793991,-0.002733654624529752,0.0016045236071635428,3077.5488559166174,-0.0006001349315793991,-0.002733540321615885,0.0016181755292422322,110.68454246968031,0.009031605999083925,-0.04567474690757978,0.06590013729222266,9.958511339610114,-0.001108711379422811,-0.0014198257867803377,-0.0007413547899562222,2649.3998885527253,-0.0005146874493631159,-0.0026274691151368934,0.001887002419710626,REGRESSION,5
qwen,R_concurrent_decode,constrained_throughput_best_3pct,174,cap128_chunk-1_polfcfs_mem0.85,128,-1,fcfs,0.85,12.073823759480845,0.0037351381438039954,0.0010317389924482058,0.006058654852027445,3090.8988824270964,0.0037351381438039954,0.0010483918608850118,0.006088920465903596,106.72327220439911,0.044497205308622556,-0.005108181565575475,0.09456003777020863,9.932854383563003,0.0014705297672009676,0.0009619256134282272,0.002014820227340899,2639.4475510157645,0.003243695693629478,0.0009086006109488842,0.005564727364949721,STRICT_ALL_METRIC_WIN,5
qwen,R_concurrent_decode,maximin_balanced_best,179,cap128_chunk2048_pollpm_mem0.9,128,2048,lpm,0.9,12.088727387985443,0.00497412389628038,0.0030359890702027882,0.006790727486649445,3094.7142113242735,0.00497412389628038,0.003037645349805418,0.006773772668502819,100.47216238453984,0.10046393851896385,0.06878218853103446,0.13923127805892996,9.947261573125918,2.2204562151406648e-05,-0.00028360666322080894,0.00031064270504790875,2636.644699452445,0.004302159600100497,0.002857445177461776,0.00608927832294365,STRICT_ALL_METRIC_WIN,5
qwen,R_concurrent_decode,pareto_knee_candidate,174,cap128_chunk-1_polfcfs_mem0.85,128,-1,fcfs,0.85,12.073823759480845,0.0037351381438039954,0.0011571730514185086,0.006078706112212078,3090.8988824270964,0.0037351381438039954,0.0011038043636370342,0.006104745608823314,106.72327220439911,0.044497205308622556,-0.0037864586726419347,0.09570175746456741,9.932854383563003,0.0014705297672009676,0.0009597617682991167,0.0020061591115382387,2639.4475510157645,0.003243695693629478,0.0009651466113805823,0.0056226250130446175,STRICT_ALL_METRIC_WIN,5
qwen,R_concurrent_decode,strict_all_metric_candidate,174,cap128_chunk-1_polfcfs_mem0.85,128,-1,fcfs,0.85,12.073823759480845,0.0037351381438039954,0.0011180752586639699,0.006059888135571878,3090.8988824270964,0.0037351381438039954,0.001126349017703726,0.006127173758459913,106.72327220439911,0.044497205308622556,-0.003356134651678146,0.09582933139968963,9.932854383563003,0.0014705297672009676,0.0009578281409947931,0.0020010519022437916,2639.4475510157645,0.003243695693629478,0.0009220679665685738,0.005575090369628222,STRICT_ALL_METRIC_WIN,5
qwen,R_long_prefill,cookbook,74,cap32_chunk-1_pollpm_mem0.85,32,-1,lpm,0.85,11.2353085670168,0.0,-0.018246063787646368,0.01811412261177603,359.52987414453753,0.0,-0.018149715657874932,0.01782317012434881,157.5690269190818,0.0,-0.03583647157530283,0.03460026343258883,7.459292640729297,0.0,-0.007533703931634983,0.007484618794090308,347.6438607648015,0.0,-0.015863033077182336,0.015695342745373098,FLAT,5
qwen,R_long_prefill,request_throughput_best,120,cap64_chunk-1_pollpm_mem0.75,64,-1,lpm,0.75,13.246432047398766,0.17900028898947817,0.15685075024288883,0.2008418435178436,423.8858255167605,0.1790002889894784,0.15684448900473202,0.20143430990611622,105.88372200727463,0.3280169073986203,0.2991756828481816,0.3577007278798983,6.127998146468834,0.17847463001938235,0.17396453225525935,0.18357256223624396,293.8487456878647,0.15474202523982405,0.13968195412089537,0.16861063415195898,STRICT_ALL_METRIC_WIN,5
qwen,R_long_prefill,ttft_p95_best,98,cap48_chunk-1_pollpm_mem0.85,48,-1,lpm,0.85,13.311763161333147,0.184815092699113,0.16348168512213582,0.2055630162824932,425.9764211626607,0.184815092699113,0.16348280569784612,0.20479216248798307,104.48806379921734,0.33687434743836886,0.3069265894027275,0.36567417817859454,6.126739115664555,0.17864341690909413,0.17488110288583072,0.18331011771737682,293.02756779361516,0.15710414920324745,0.14221320878568844,0.17070057032232855,STRICT_ALL_METRIC_WIN,5
qwen,R_long_prefill,tpot_p95_best,71,cap24_chunk8192_polfcfs_mem0.9,24,8192,fcfs,0.9,13.181064420058542,0.1731822353997332,0.14767494717690677,0.19672536308070435,421.79406144187334,0.17318223539973343,0.14829590461488817,0.19686919691427385,106.38781659305096,0.3248177089544033,0.2824235928530283,0.36048963304067794,6.126001991271492,0.178742236519554,0.1747708327890435,0.1834342229113452,294.85591758042574,0.1518448882377631,0.13215435222637154,0.16900512694722705,STRICT_ALL_METRIC_WIN,5
qwen,R_long_prefill,e2e_p95_best,98,cap48_chunk-1_pollpm_mem0.85,48,-1,lpm,0.85,13.311763161333147,0.184815092699113,0.16286049153683016,0.20571806240027732,425.9764211626607,0.184815092699113,0.16379991224378757,0.20515399372583487,104.48806379921734,0.33687434743836886,0.3064892721957907,0.3650452549564406,6.126739115664555,0.17864341690909413,0.17476744701455146,0.18338931851006562,293.02756779361516,0.15710414920324745,0.14283813554488875,0.17089744926666872,STRICT_ALL_METRIC_WIN,5
qwen,R_long_prefill,constrained_throughput_best_3pct,120,cap64_chunk-1_pollpm_mem0.75,64,-1,lpm,0.75,13.246432047398766,0.17900028898947817,0.15691066193376174,0.20166439015467907,423.8858255167605,0.1790002889894784,0.1566975901563834,0.20136102698777358,105.88372200727463,0.3280169073986203,0.29811420019964335,0.35608833463016476,6.127998146468834,0.17847463001938235,0.1740438380556717,0.18346288587213866,293.8487456878647,0.15474202523982405,0.13975287615006476,0.1687608839347054,STRICT_ALL_METRIC_WIN,5
qwen,R_long_prefill,maximin_balanced_best,120,cap64_chunk-1_pollpm_mem0.75,64,-1,lpm,0.75,13.246432047398766,0.17900028898947817,0.15669836058844044,0.20075550188917846,423.8858255167605,0.1790002889894784,0.15657286472258666,0.2013806181114839,105.88372200727463,0.3280169073986203,0.2979665346879325,0.3567083925764847,6.127998146468834,0.17847463001938235,0.17400755196563758,0.1835356952574671,293.8487456878647,0.15474202523982405,0.1395706313518637,0.16872524961193283,STRICT_ALL_METRIC_WIN,5
qwen,R_long_prefill,pareto_knee_candidate,137,cap64_chunk8192_pollpm_mem0.8,64,8192,lpm,0.8,13.514669069506041,0.2028747576351131,0.18326487164693697,0.22115918902422135,432.4694102241933,0.2028747576351131,0.18329900223309892,0.22171935624128292,98.64818619564176,0.3739366922263113,0.35509568146488385,0.391994461659831,6.123888707389273,0.17902554540472626,0.17029386864022783,0.1862867077774647,287.66245770733804,0.17253692593767356,0.16006218894831012,0.18385657977933945,STRICT_ALL_METRIC_WIN,5
qwen,R_long_prefill,strict_all_metric_candidate,120,cap64_chunk-1_pollpm_mem0.75,64,-1,lpm,0.75,13.246432047398766,0.17900028898947817,0.15689443094028183,0.2003442381141094,423.8858255167605,0.1790002889894784,0.15573551193226476,0.20078647531604155,105.88372200727463,0.3280169073986203,0.29856392309050145,0.3569608910559041,6.127998146468834,0.17847463001938235,0.17403070823723926,0.18360590133966312,293.8487456878647,0.15474202523982405,0.1400428626614816,0.16885205761093003,STRICT_ALL_METRIC_WIN,5
qwen,R_medium_balanced,cookbook,74,cap32_chunk-1_pollpm_mem0.85,32,-1,lpm,0.85,4.654554031373353,0.0,-0.0018647280175361214,0.0019006388560032059,1191.5658320315783,0.0,-0.0018654866916101298,0.001867961367844423,107.29986245278269,0.0,-0.044578553587929504,0.04411367850525838,6.664497538414949,0.0,-4.372982837798633e-05,4.448946337642923e-05,1802.5728212902322,0.0,-0.001423195058040161,0.0013713937752688836,FLAT,5
qwen,R_medium_balanced,request_throughput_best,165,cap96_chunk8192_polfcfs_mem0.8,96,8192,fcfs,0.8,4.643755012439078,-0.002320097448968439,-0.004032444566709592,-0.0008425326499271746,1188.801283184404,-0.002320097448968439,-0.003965801950817194,-0.0008631377535880281,109.50991017743945,-0.020596929708361023,-0.05715028091317276,0.007444058945462751,6.666489048020951,-0.0002988236689296375,-0.0006214340572665566,-6.033638167646238e-05,1807.8182684723288,-0.0029099779604697673,-0.004400043176685281,-0.001430815885049841,REGRESSION,5
qwen,R_medium_balanced,ttft_p95_best,165,cap96_chunk8192_polfcfs_mem0.8,96,8192,fcfs,0.8,4.643755012439078,-0.002320097448968439,-0.004056595186338408,-0.0008277421942159968,1188.801283184404,-0.002320097448968439,-0.0040342246491792575,-0.0008459482073813125,109.50991017743945,-0.020596929708361023,-0.05698451531454602,0.006947227314763589,6.666489048020951,-0.0002988236689296375,-0.0006175195597359461,-6.16183892584278e-05,1807.8182684723288,-0.0029099779604697673,-0.004397624155565216,-0.0014273733822876388,REGRESSION,5
qwen,R_medium_balanced,tpot_p95_best,72,cap32_chunk-1_pollpm_mem0.75,32,-1,lpm,0.75,4.671705313987992,0.0036848390842674217,0.0014554713917043828,0.005865745074027452,1195.9565603809258,0.0036848390842671996,0.0014186455378788487,0.005810522132203309,103.353944956325,0.0367746743216385,-0.020828262735615437,0.08958581779122626,6.66061362498166,0.0005827766325821049,0.00029476743926100667,0.0008724362146397269,1798.171526612714,0.0024416737152221923,-0.0008991660873449767,0.005183466928387875,STRICT_ALL_METRIC_WIN,5
qwen,R_medium_balanced,e2e_p95_best,83,cap32_chunk2048_pollpm_mem0.9,32,2048,lpm,0.9,4.659933579734597,0.0011557602135423561,-0.0007812073642587208,0.0029189331586041423,1192.9429964120568,0.0011557602135423561,-0.0008763545476498074,0.0028981892380852635,105.48079875297844,0.016953085103950882,-0.024566837341890246,0.05301888412278444,6.663944621606932,8.296451530365179e-05,-0.0002417324881005656,0.00029341401306675604,1803.3368901815265,-0.0004238768510596014,-0.0020630006616331573,0.0013684529963798612,FLAT,5
qwen,R_medium_balanced,constrained_throughput_best_3pct,165,cap96_chunk8192_polfcfs_mem0.8,96,8192,fcfs,0.8,4.643755012439078,-0.002320097448968439,-0.004062412449076158,-0.0008312464055463209,1188.801283184404,-0.002320097448968439,-0.003986769873510215,-0.000822112932949532,109.50991017743945,-0.020596929708361023,-0.05702051409142179,0.007320742640747748,6.666489048020951,-0.0002988236689296375,-0.0006168900837584146,-5.8069375688574315e-05,1807.8182684723288,-0.0029099779604697673,-0.0044150768302790855,-0.0014273488043729746,REGRESSION,5
qwen,R_medium_balanced,maximin_balanced_best,83,cap32_chunk2048_pollpm_mem0.9,32,2048,lpm,0.9,4.659933579734597,0.0011557602135423561,-0.0008029322717179044,0.0029159755295984358,1192.9429964120568,0.0011557602135423561,-0.0008215403720142649,0.0029256396249566323,105.48079875297844,0.016953085103950882,-0.024112810961052278,0.05280620510979478,6.663944621606932,8.296451530365179e-05,-0.000242008659030013,0.0002947387353720021,1803.3368901815265,-0.0004238768510596014,-0.0020888653078479148,0.0013205795168051307,FLAT,5
qwen,R_medium_balanced,pareto_knee_candidate,83,cap32_chunk2048_pollpm_mem0.9,32,2048,lpm,0.9,4.659933579734597,0.0011557602135423561,-0.0008451285828525306,0.00291599138464072,1192.9429964120568,0.0011557602135423561,-0.000838981881388992,0.0029412166147528883,105.48079875297844,0.016953085103950882,-0.023017215186095896,0.05307915990796642,6.663944621606932,8.296451530365179e-05,-0.0002412992045853768,0.0002957192713521045,1803.3368901815265,-0.0004238768510596014,-0.0021131902608104713,0.001379264426273291,FLAT,5
qwen,R_medium_balanced,strict_all_metric_candidate,102,cap48_chunk-1_polfcfs_mem0.85,48,-1,fcfs,0.85,4.642286235367671,-0.0026356544414336547,-0.004324849363517069,-0.0010923871394836783,1188.4252762541237,-0.0026356544414336547,-0.004324849363517291,-0.0011016038092082404,110.4581612860784,-0.029434323223718195,-0.06896934896859873,0.0026814472360399623,6.6838059271229255,-0.0028972009662664444,-0.003283809251508174,-0.0025495670980091255,1808.0981260631233,-0.0030652324874931303,-0.005522293476925455,-0.0005518943901336012,REGRESSION,5
qwen,R_short_decode,cookbook,74,cap32_chunk-1_pollpm_mem0.85,32,-1,lpm,0.85,0.8814492212540571,0.0,-0.0008110954553099293,0.000805042190533245,225.65100064103862,0.0,-0.0008177533550452782,0.0007971405645716134,52.15150280389935,0.0,-0.03498772079671597,0.03385810626766184,4.2549123680036445,0.0,-0.00041432816401519855,0.0004142300417764168,1135.5887526785955,0.0,-0.0010952731903692892,0.001116783464916248,FLAT,5
qwen,R_short_decode,request_throughput_best,102,cap48_chunk-1_polfcfs_mem0.85,48,-1,fcfs,0.85,0.8820578027407638,0.0006904328372323576,-0.0005215436938898893,0.0019415783226354726,225.80679750163554,0.0006904328372323576,-0.0005211717752930001,0.0019675864413200624,54.32015188038349,-0.04158363536787668,-0.08347123277190628,-0.0029308860944036127,4.2473320335916736,0.0017815488913411892,-0.00019568830858812658,0.002960050340980347,1135.6846419535577,-8.444014150033041e-05,-0.0023862099073590493,0.0018356621140274375,REGRESSION,5
qwen,R_short_decode,ttft_p95_best,139,cap64_chunk8192_pollpm_mem0.9,64,8192,lpm,0.9,0.8805220196767604,-0.0010519058329617748,-0.0025262195961544163,0.0002298195518349187,225.41363703725065,-0.0010519058329617748,-0.002519721565725219,0.0002186849049540973,52.598739066161215,-0.008575711882044423,-0.03545208326372025,0.017841823989152794,4.2543358048241515,0.00013550530060935095,-0.00021015679043033254,0.0004774091203861657,1135.8264910196885,-0.00020935249713627258,-0.001365829024643439,0.0008841414296071876,FLAT,5
qwen,R_short_decode,tpot_p95_best,67,cap24_chunk8192_pollpm_mem0.9,24,8192,lpm,0.9,0.879636717050263,-0.0020562775031048863,-0.002763971223696321,-0.0012959650862007623,225.18699956486734,-0.0020562775031048863,-0.0027590976649979615,-0.001332282729093129,52.98741174861789,-0.016028472810490912,-0.04233392247688482,0.009431418165855045,4.257236191582885,-0.0005461507495936324,-0.0008918677727945357,-0.00020852266888959407,1137.3311485536397,-0.0015343546428530086,-0.0024099049966561648,-0.000632620564450237,REGRESSION,5
qwen,R_short_decode,e2e_p95_best,39,cap16_chunk2048_polfcfs_mem0.9,16,2048,fcfs,0.9,0.8847598184482972,0.0037558569619360327,0.0026322069171786032,0.004774241770032495,226.49851352276409,0.0037558569619360327,0.002643114405671554,0.004773241317911191,51.91122545860708,0.004607294754204183,-0.024380244722906914,0.032417672922255836,4.240183741000353,0.003461558248308294,0.003152456988837643,0.0037614616749486298,1131.8383977515623,0.003302564346632453,0.0020370482237131947,0.004579344119437262,STRICT_ALL_METRIC_WIN,5
qwen,R_short_decode,constrained_throughput_best_3pct,102,cap48_chunk-1_polfcfs_mem0.85,48,-1,fcfs,0.85,0.8820578027407638,0.0006904328372323576,-0.0004944427514821409,0.00197641963017437,225.80679750163554,0.0006904328372323576,-0.0005356539966933111,0.001984691502102048,54.32015188038349,-0.04158363536787668,-0.08346823223599642,-0.0032284191480268544,4.2473320335916736,0.0017815488913411892,-0.00019446204586819337,0.0029756616827910838,1135.6846419535577,-8.444014150033041e-05,-0.002345969776925916,0.001847008914511894,REGRESSION,5
qwen,R_short_decode,maximin_balanced_best,39,cap16_chunk2048_polfcfs_mem0.9,16,2048,fcfs,0.9,0.8847598184482972,0.0037558569619360327,0.002611304043006024,0.004800819642314702,226.49851352276409,0.0037558569619360327,0.00261915298743321,0.004797956188958169,51.91122545860708,0.004607294754204183,-0.024092776316330333,0.03306817591198683,4.240183741000353,0.003461558248308294,0.0031513502269986337,0.0037551289151734947,1131.8383977515623,0.003302564346632453,0.0019693824735527166,0.004560176345364527,STRICT_ALL_METRIC_WIN,5
qwen,R_short_decode,pareto_knee_candidate,98,cap48_chunk-1_pollpm_mem0.85,48,-1,lpm,0.85,0.885228347641035,0.0042874011297000525,0.002791395608924241,0.005525839532498849,226.6184569961049,0.0042874011296998304,0.0027914392902048503,0.005509016178770787,54.82302926015109,-0.051226260272829505,-0.09707288526282913,-0.005370355889573659,4.248642402901953,0.0014735826638501148,-0.004178192505474881,0.004505115774643809,1134.9667521985248,0.00054773392093177,-0.004818631217386471,0.0040115211130695464,TRADE-OFF,5
qwen,R_short_decode,strict_all_metric_candidate,102,cap48_chunk-1_polfcfs_mem0.85,48,-1,fcfs,0.85,0.8820578027407638,0.0006904328372323576,-0.0005356801657633469,0.0019713345114209524,225.80679750163554,0.0006904328372323576,-0.0005405932811076736,0.0019473824301809994,54.32015188038349,-0.04158363536787668,-0.0837364426243016,-0.0034835945976565315,4.2473320335916736,0.0017815488913411892,-0.00019473462603672442,0.002963215237752559,1135.6846419535577,-8.444014150033041e-05,-0.0023458704338873365,0.001876386784141867,REGRESSION,5
qwen,shared_prefix,cookbook,74,cap32_chunk-1_pollpm_mem0.85,32,-1,lpm,0.85,14.816658670353586,0.0,-0.003618475951648775,0.003584849767071946,3793.064619610518,0.0,-0.003646682642111884,0.003692512049944924,2762.411105474457,0.0,-0.021952537951049456,0.021550437886001944,8.430209718107998,0.0,-0.028027923515136166,0.026812722890872415,4587.47453244403,0.0,-0.007074351186507233,0.0070045251368323624,FLAT,5
qwen,shared_prefix,request_throughput_best,184,cap128_chunk8192_pollpm_mem0.75,128,8192,lpm,0.75,18.2463577763704,0.23147588011048947,0.2214067997678128,0.24469992455429626,4671.067590750822,0.23147588011048947,0.2212006660124345,0.24467445615925223,423.39109043125063,0.8467313248226567,0.8405140208007631,0.8531283600129264,12.482385608641541,-0.4806732010271957,-0.5115272967127795,-0.4534068380347367,3538.3758031390607,0.22868764107253803,0.22314802987538118,0.23427325803045548,TRADE-OFF,5
qwen,shared_prefix,ttft_p95_best,169,cap128_chunk-1_pollpm_mem0.8,128,-1,lpm,0.8,18.03782253892573,0.21740150328341712,0.21137189684405863,0.22455851152098283,4617.682569964988,0.21740150328341734,0.2112130293519657,0.22429748520432322,464.03558685909945,0.8320179114761417,0.8281985065325176,0.8363283376723348,12.563010685894564,-0.4902370292057332,-0.5223327957966324,-0.462670314197586,3607.455612961203,0.21362928830489025,0.20889483592805336,0.21823683953288128,TRADE-OFF,5
qwen,shared_prefix,tpot_p95_best,9,cap8_chunk2048_pollpm_mem0.8,8,2048,lpm,0.8,5.37498539134718,-0.6372336360759999,-0.63826042044465,-0.6363843584355862,1375.996260184878,-0.6372336360759999,-0.6382311281534908,-0.6363747718269195,21067.44882446248,-6.62647123113272,-6.745797803458536,-6.504396962483191,6.123902173073707,0.2735765327498755,0.2460457574999689,0.2934518034352067,22405.81312932074,-3.8841280689102344,-3.9111149302106383,-3.8626328804567063,TRADE-OFF,5
qwen,shared_prefix,e2e_p95_best,165,cap96_chunk8192_polfcfs_mem0.8,96,8192,fcfs,0.8,18.06207868090625,0.21903858911499197,0.20352602309743806,0.2317384632486211,4623.892142312,0.21903858911499197,0.20354381895635473,0.23191608180366935,462.46872167568654,0.8325851207449967,0.8166265970741032,0.8458317202052814,12.56544888587486,-0.4905262509525017,-0.5233702593485828,-0.4624241704132981,3602.5863609509543,0.21469071152932706,0.19833755262296177,0.22871896462175623,TRADE-OFF,5
qwen,shared_prefix,constrained_throughput_best_3pct,77,cap32_chunk-1_polfcfs_mem0.8,32,-1,fcfs,0.8,14.758556179084195,-0.003921430098517975,-0.009557770888677306,0.0013629100844097684,3778.190381845554,-0.003921430098517975,-0.009257042061688306,0.0015024045220926416,2931.3111057598144,-0.06114223909346328,-0.12933632748988536,-0.011634845335362293,7.996159702959453,0.05148745163672619,0.029345478848169383,0.07197113406457341,4619.739876776002,-0.007033356611308106,-0.01533531411396094,0.0018073763537853947,TRADE-OFF,5
qwen,shared_prefix,maximin_balanced_best,77,cap32_chunk-1_polfcfs_mem0.8,32,-1,fcfs,0.8,14.758556179084195,-0.003921430098517975,-0.009480512962594823,0.0013641275635659375,3778.190381845554,-0.003921430098517975,-0.00928725635983208,0.0015256613585703347,2931.3111057598144,-0.06114223909346328,-0.12875007598543367,-0.011892588572834295,7.996159702959453,0.05148745163672619,0.02934534993543931,0.07232027928927504,4619.739876776002,-0.007033356611308106,-0.015490599393118965,0.0018493974293439645,TRADE-OFF,5
qwen,shared_prefix,pareto_knee_candidate,169,cap128_chunk-1_pollpm_mem0.8,128,-1,lpm,0.8,18.03782253892573,0.21740150328341712,0.21125227734741636,0.22452940813956737,4617.682569964988,0.21740150328341734,0.2112017556565289,0.22416435696012535,464.03558685909945,0.8320179114761417,0.8282355654435203,0.8363591134491358,12.563010685894564,-0.4902370292057332,-0.5218576307577728,-0.4630169991838468,3607.455612961203,0.21362928830489025,0.20888040357843518,0.2182583034295428,TRADE-OFF,5
qwen,shared_prefix,strict_all_metric_candidate,77,cap32_chunk-1_polfcfs_mem0.8,32,-1,fcfs,0.8,14.758556179084195,-0.003921430098517975,-0.009407703740123069,0.0015520073251979523,3778.190381845554,-0.003921430098517975,-0.009407703740123069,0.0014457467897722278,2931.3111057598144,-0.06114223909346328,-0.12948995190155174,-0.012209472946849598,7.996159702959453,0.05148745163672619,0.02882802300846911,0.07190880691152185,4619.739876776002,-0.007033356611308106,-0.014901652288691548,0.001636652792772681,TRADE-OFF,5
qwen,tool_agent,cookbook,74,cap32_chunk-1_pollpm_mem0.85,32,-1,lpm,0.85,4.855766675317275,0.0,-0.001247180693493985,0.001260242250479493,1006.673268293401,0.0,-0.0012045100666415592,0.0012486647162275322,214.44999298546463,0.0,-0.03617751430800128,0.03480444515720197,12.729194353565143,0.0,-0.051441048604434325,0.04902910861081351,5578.126924610697,0.0,-0.003973926976739506,0.0038507187624082497,FLAT,5
qwen,tool_agent,request_throughput_best,139,cap64_chunk8192_pollpm_mem0.9,64,8192,lpm,0.9,4.84758952691512,-0.0016840076858967157,-0.003611974698543344,0.00021959856718416963,1004.978022772408,-0.0016840076858967157,-0.0036789833529826677,0.00027299907721323733,280.88532998692205,-0.3097940740243361,-0.9060654342755631,0.02357391627396638,37.55316085542878,-1.9501600660933454,-5.386651871849569,-0.0625933303620192,5800.562672973609,-0.0398764229228139,-0.1222077623741012,0.006281016894584208,REGRESSION,5
qwen,tool_agent,ttft_p95_best,115,cap48_chunk8192_pollpm_mem0.9,48,8192,lpm,0.9,4.846554311567395,-0.0018972006617837822,-0.003939595189055625,-0.0001938225714967213,1004.7634071025944,-0.0018972006617840043,-0.0039221715226508466,-0.00017041979435210053,273.6561650549992,-0.2760838144375577,-0.8239774141140863,0.043820099903496224,34.23275859850719,-1.6893107016564182,-5.191757854700631,0.06447244936756913,5840.3301077801725,-0.047005596450779175,-0.13159891376276361,0.0008148435046288127,REGRESSION,5
qwen,tool_agent,tpot_p95_best,5,cap8_chunk-1_polfcfs_mem0.8,8,-1,fcfs,0.8,4.281646055846116,-0.11823480365922778,-0.12832998014729358,-0.11177978890873126,887.6494520677376,-0.11823480365922778,-0.12829978363615702,-0.11176400395749317,8320.509366737679,-37.79929885239791,-40.08979316950617,-36.10964094255617,11.773684940259724,0.07506440602329278,0.03668844542849076,0.11499567648054054,11338.782286578786,-1.0327221735583096,-1.1324356440716565,-0.9718336222417598,TRADE-OFF,5
qwen,tool_agent,e2e_p95_best,98,cap48_chunk-1_pollpm_mem0.85,48,-1,lpm,0.85,4.852485188809583,-0.0006757916364418248,-0.0021902763202828663,0.0006973896514208544,1005.9929669180585,-0.0006757916364420469,-0.0021403373791482466,0.0007318601781957146,215.32610793132335,-0.0040854044043643345,-0.05391860610622734,0.0509325098313206,13.159454645168307,-0.03380106231802937,-0.08975288283117044,0.01940960153076453,5592.74253223557,-0.0026201640483276556,-0.009369001236071022,0.003790729971927126,FLAT,5
qwen,tool_agent,constrained_throughput_best_3pct,73,cap32_chunk-1_pollpm_mem0.8,32,-1,lpm,0.8,4.84859119602256,-0.0014777232462979129,-0.0030130772584610055,-0.00015498393990105502,1005.1856838034171,-0.0014777232462979129,-0.003004579335132615,-0.00017149672613125944,302.87210543174297,-0.41232042591986273,-1.104676066738293,-0.03880390097823194,32.20090383461308,-1.529689070667255,-3.4635379581900088,-0.18804617327127404,5841.23611443676,-0.04716801775614421,-0.12874027610877903,-0.0019986984767822423,REGRESSION,5
qwen,tool_agent,maximin_balanced_best,75,cap32_chunk-1_pollpm_mem0.9,32,-1,lpm,0.9,4.8536503903134225,-0.00043582922025675597,-0.0013888278133925651,0.0005359468771446662,1006.2345306678271,-0.000435829220256978,-0.0013762049160615491,0.000549811714254389,224.42525366786867,-0.04651555611419478,-0.07813277013435282,-0.018764306354935423,12.961147625423205,-0.018222148661992676,-0.06632819043318915,0.031388671052618625,5611.240357509814,-0.005936299648009236,-0.012387760839888351,0.00023695269784241544,REGRESSION,5
qwen,tool_agent,pareto_knee_candidate,48,cap24_chunk-1_pollpm_mem0.75,24,-1,lpm,0.75,4.851407410432204,-0.0008977500725539933,-0.002057050975111782,0.0002741436471898062,1005.7695272937523,-0.0008977500725541043,-0.0020241531830202998,0.00026359528230036043,276.30012436304213,-0.28841283935956885,-0.9670669049691503,0.08662933017540178,20.623634982041583,-0.6201838395424764,-1.6994868042512516,-0.054680040620909164,5851.719622029921,-0.04904741342692165,-0.13993984162070522,-0.0013416894708746102,REGRESSION,5
qwen,tool_agent,strict_all_metric_candidate,75,cap32_chunk-1_pollpm_mem0.9,32,-1,lpm,0.9,4.8536503903134225,-0.00043582922025675597,-0.0013701089087146262,0.0005508581685011216,1006.2345306678271,-0.000435829220256978,-0.0013695997145317718,0.0005360608732896398,224.42525366786867,-0.04651555611419478,-0.07795849420964251,-0.01742594946605136,12.961147625423205,-0.018222148661992676,-0.06701316587321138,0.02999222838313535,5611.240357509814,-0.005936299648009236,-0.012516170045313179,0.0003271522851714476,REGRESSION,5
