model,workload,objective_role,config_id,hash,cap,chunk,policy,mem
lfm25,R_concurrent_decode,cookbook,74,cap32_chunk-1_pollpm_mem0.85,32,-1,lpm,0.85
lfm25,R_concurrent_decode,request_throughput_best,100,cap48_chunk-1_polfcfs_mem0.75,48,-1,fcfs,0.75
lfm25,R_concurrent_decode,output_throughput_best,100,cap48_chunk-1_polfcfs_mem0.75,48,-1,fcfs,0.75
lfm25,R_concurrent_decode,ttft_p95_best,125,cap64_chunk-1_polfcfs_mem0.8,64,-1,fcfs,0.8
lfm25,R_concurrent_decode,tpot_p95_best,5,cap8_chunk-1_polfcfs_mem0.8,8,-1,fcfs,0.8
lfm25,R_concurrent_decode,e2e_p95_best,100,cap48_chunk-1_polfcfs_mem0.75,48,-1,fcfs,0.75
lfm25,R_concurrent_decode,ttft_p50_best,70,cap24_chunk8192_polfcfs_mem0.85,24,8192,fcfs,0.85
lfm25,R_concurrent_decode,tpot_p50_best,5,cap8_chunk-1_polfcfs_mem0.8,8,-1,fcfs,0.8
lfm25,R_concurrent_decode,e2e_p50_best,66,cap24_chunk8192_pollpm_mem0.85,24,8192,lpm,0.85
lfm25,R_concurrent_decode,constrained_throughput_best_1pct,100,cap48_chunk-1_polfcfs_mem0.75,48,-1,fcfs,0.75
lfm25,R_concurrent_decode,constrained_throughput_best_3pct,100,cap48_chunk-1_polfcfs_mem0.75,48,-1,fcfs,0.75
lfm25,R_concurrent_decode,constrained_throughput_best_5pct,100,cap48_chunk-1_polfcfs_mem0.75,48,-1,fcfs,0.75
lfm25,R_concurrent_decode,constrained_ttft_best,125,cap64_chunk-1_polfcfs_mem0.8,64,-1,fcfs,0.8
lfm25,R_concurrent_decode,constrained_tpot_best,100,cap48_chunk-1_polfcfs_mem0.75,48,-1,fcfs,0.75
lfm25,R_concurrent_decode,constrained_e2e_best,100,cap48_chunk-1_polfcfs_mem0.75,48,-1,fcfs,0.75
lfm25,R_concurrent_decode,maximin_balanced_best,100,cap48_chunk-1_polfcfs_mem0.75,48,-1,fcfs,0.75
lfm25,R_concurrent_decode,geometric_balanced_best,125,cap64_chunk-1_polfcfs_mem0.8,64,-1,fcfs,0.8
lfm25,R_concurrent_decode,strict_all_metric_candidate,100,cap48_chunk-1_polfcfs_mem0.75,48,-1,fcfs,0.75
lfm25,R_concurrent_decode,noise_tolerant_all_metric_candidate,100,cap48_chunk-1_polfcfs_mem0.75,48,-1,fcfs,0.75
lfm25,R_concurrent_decode,pareto_knee_candidate,100,cap48_chunk-1_polfcfs_mem0.75,48,-1,fcfs,0.75
lfm25,R_long_prefill,cookbook,74,cap32_chunk-1_pollpm_mem0.85,32,-1,lpm,0.85
lfm25,R_long_prefill,request_throughput_best,60,cap24_chunk2048_polfcfs_mem0.75,24,2048,fcfs,0.75
lfm25,R_long_prefill,output_throughput_best,60,cap24_chunk2048_polfcfs_mem0.75,24,2048,fcfs,0.75
lfm25,R_long_prefill,ttft_p95_best,60,cap24_chunk2048_polfcfs_mem0.75,24,2048,fcfs,0.75
lfm25,R_long_prefill,tpot_p95_best,42,cap16_chunk8192_pollpm_mem0.85,16,8192,lpm,0.85
lfm25,R_long_prefill,e2e_p95_best,60,cap24_chunk2048_polfcfs_mem0.75,24,2048,fcfs,0.75
lfm25,R_long_prefill,ttft_p50_best,60,cap24_chunk2048_polfcfs_mem0.75,24,2048,fcfs,0.75
lfm25,R_long_prefill,tpot_p50_best,42,cap16_chunk8192_pollpm_mem0.85,16,8192,lpm,0.85
lfm25,R_long_prefill,e2e_p50_best,60,cap24_chunk2048_polfcfs_mem0.75,24,2048,fcfs,0.75
lfm25,R_long_prefill,constrained_throughput_best_1pct,60,cap24_chunk2048_polfcfs_mem0.75,24,2048,fcfs,0.75
lfm25,R_long_prefill,constrained_throughput_best_3pct,60,cap24_chunk2048_polfcfs_mem0.75,24,2048,fcfs,0.75
lfm25,R_long_prefill,constrained_throughput_best_5pct,60,cap24_chunk2048_polfcfs_mem0.75,24,2048,fcfs,0.75
lfm25,R_long_prefill,constrained_ttft_best,60,cap24_chunk2048_polfcfs_mem0.75,24,2048,fcfs,0.75
lfm25,R_long_prefill,constrained_tpot_best,42,cap16_chunk8192_pollpm_mem0.85,16,8192,lpm,0.85
lfm25,R_long_prefill,constrained_e2e_best,60,cap24_chunk2048_polfcfs_mem0.75,24,2048,fcfs,0.75
lfm25,R_long_prefill,maximin_balanced_best,42,cap16_chunk8192_pollpm_mem0.85,16,8192,lpm,0.85
lfm25,R_long_prefill,geometric_balanced_best,60,cap24_chunk2048_polfcfs_mem0.75,24,2048,fcfs,0.75
lfm25,R_long_prefill,strict_all_metric_candidate,60,cap24_chunk2048_polfcfs_mem0.75,24,2048,fcfs,0.75
lfm25,R_long_prefill,noise_tolerant_all_metric_candidate,60,cap24_chunk2048_polfcfs_mem0.75,24,2048,fcfs,0.75
lfm25,R_long_prefill,pareto_knee_candidate,59,cap24_chunk2048_pollpm_mem0.9,24,2048,lpm,0.9
lfm25,R_medium_balanced,cookbook,74,cap32_chunk-1_pollpm_mem0.85,32,-1,lpm,0.85
lfm25,R_medium_balanced,request_throughput_best,32,cap16_chunk2048_pollpm_mem0.75,16,2048,lpm,0.75
lfm25,R_medium_balanced,output_throughput_best,32,cap16_chunk2048_pollpm_mem0.75,16,2048,lpm,0.75
lfm25,R_medium_balanced,ttft_p95_best,170,cap128_chunk-1_pollpm_mem0.85,128,-1,lpm,0.85
lfm25,R_medium_balanced,tpot_p95_best,168,cap128_chunk-1_pollpm_mem0.75,128,-1,lpm,0.75
lfm25,R_medium_balanced,e2e_p95_best,36,cap16_chunk2048_polfcfs_mem0.75,16,2048,fcfs,0.75
lfm25,R_medium_balanced,ttft_p50_best,137,cap64_chunk8192_pollpm_mem0.8,64,8192,lpm,0.8
lfm25,R_medium_balanced,tpot_p50_best,32,cap16_chunk2048_pollpm_mem0.75,16,2048,lpm,0.75
lfm25,R_medium_balanced,e2e_p50_best,32,cap16_chunk2048_pollpm_mem0.75,16,2048,lpm,0.75
lfm25,R_medium_balanced,constrained_throughput_best_1pct,118,cap48_chunk8192_polfcfs_mem0.85,48,8192,fcfs,0.85
lfm25,R_medium_balanced,constrained_throughput_best_3pct,118,cap48_chunk8192_polfcfs_mem0.85,48,8192,fcfs,0.85
lfm25,R_medium_balanced,constrained_throughput_best_5pct,118,cap48_chunk8192_polfcfs_mem0.85,48,8192,fcfs,0.85
lfm25,R_medium_balanced,constrained_ttft_best,170,cap128_chunk-1_pollpm_mem0.85,128,-1,lpm,0.85
lfm25,R_medium_balanced,constrained_tpot_best,118,cap48_chunk8192_polfcfs_mem0.85,48,8192,fcfs,0.85
lfm25,R_medium_balanced,constrained_e2e_best,118,cap48_chunk8192_polfcfs_mem0.85,48,8192,fcfs,0.85
lfm25,R_medium_balanced,maximin_balanced_best,118,cap48_chunk8192_polfcfs_mem0.85,48,8192,fcfs,0.85
lfm25,R_medium_balanced,geometric_balanced_best,170,cap128_chunk-1_pollpm_mem0.85,128,-1,lpm,0.85
lfm25,R_medium_balanced,strict_all_metric_candidate,118,cap48_chunk8192_polfcfs_mem0.85,48,8192,fcfs,0.85
lfm25,R_medium_balanced,noise_tolerant_all_metric_candidate,118,cap48_chunk8192_polfcfs_mem0.85,48,8192,fcfs,0.85
lfm25,R_medium_balanced,pareto_knee_candidate,118,cap48_chunk8192_polfcfs_mem0.85,48,8192,fcfs,0.85
lfm25,R_short_decode,cookbook,74,cap32_chunk-1_pollpm_mem0.85,32,-1,lpm,0.85
lfm25,R_short_decode,request_throughput_best,167,cap96_chunk8192_polfcfs_mem0.9,96,8192,fcfs,0.9
lfm25,R_short_decode,output_throughput_best,167,cap96_chunk8192_polfcfs_mem0.9,96,8192,fcfs,0.9
lfm25,R_short_decode,ttft_p95_best,21,cap8_chunk8192_polfcfs_mem0.8,8,8192,fcfs,0.8
lfm25,R_short_decode,tpot_p95_best,105,cap48_chunk2048_pollpm_mem0.8,48,2048,lpm,0.8
lfm25,R_short_decode,e2e_p95_best,5,cap8_chunk-1_polfcfs_mem0.8,8,-1,fcfs,0.8
lfm25,R_short_decode,ttft_p50_best,132,cap64_chunk2048_polfcfs_mem0.75,64,2048,fcfs,0.75
lfm25,R_short_decode,tpot_p50_best,90,cap32_chunk8192_pollpm_mem0.85,32,8192,lpm,0.85
lfm25,R_short_decode,e2e_p50_best,167,cap96_chunk8192_polfcfs_mem0.9,96,8192,fcfs,0.9
lfm25,R_short_decode,constrained_throughput_best_1pct,167,cap96_chunk8192_polfcfs_mem0.9,96,8192,fcfs,0.9
lfm25,R_short_decode,constrained_throughput_best_3pct,167,cap96_chunk8192_polfcfs_mem0.9,96,8192,fcfs,0.9
lfm25,R_short_decode,constrained_throughput_best_5pct,167,cap96_chunk8192_polfcfs_mem0.9,96,8192,fcfs,0.9
lfm25,R_short_decode,constrained_ttft_best,21,cap8_chunk8192_polfcfs_mem0.8,8,8192,fcfs,0.8
lfm25,R_short_decode,constrained_tpot_best,105,cap48_chunk2048_pollpm_mem0.8,48,2048,lpm,0.8
lfm25,R_short_decode,constrained_e2e_best,5,cap8_chunk-1_polfcfs_mem0.8,8,-1,fcfs,0.8
lfm25,R_short_decode,maximin_balanced_best,9,cap8_chunk2048_pollpm_mem0.8,8,2048,lpm,0.8
lfm25,R_short_decode,geometric_balanced_best,21,cap8_chunk8192_polfcfs_mem0.8,8,8192,fcfs,0.8
lfm25,R_short_decode,strict_all_metric_candidate,78,cap32_chunk-1_polfcfs_mem0.85,32,-1,fcfs,0.85
lfm25,R_short_decode,noise_tolerant_all_metric_candidate,167,cap96_chunk8192_polfcfs_mem0.9,96,8192,fcfs,0.9
lfm25,R_short_decode,pareto_knee_candidate,5,cap8_chunk-1_polfcfs_mem0.8,8,-1,fcfs,0.8
lfm25,shared_prefix,cookbook,74,cap32_chunk-1_pollpm_mem0.85,32,-1,lpm,0.85
lfm25,shared_prefix,request_throughput_best,152,cap96_chunk2048_pollpm_mem0.75,96,2048,lpm,0.75
lfm25,shared_prefix,output_throughput_best,152,cap96_chunk2048_pollpm_mem0.75,96,2048,lpm,0.75
lfm25,shared_prefix,ttft_p95_best,152,cap96_chunk2048_pollpm_mem0.75,96,2048,lpm,0.75
lfm25,shared_prefix,tpot_p95_best,8,cap8_chunk2048_pollpm_mem0.75,8,2048,lpm,0.75
lfm25,shared_prefix,e2e_p95_best,152,cap96_chunk2048_pollpm_mem0.75,96,2048,lpm,0.75
lfm25,shared_prefix,ttft_p50_best,152,cap96_chunk2048_pollpm_mem0.75,96,2048,lpm,0.75
lfm25,shared_prefix,tpot_p50_best,22,cap8_chunk8192_polfcfs_mem0.85,8,8192,fcfs,0.85
lfm25,shared_prefix,e2e_p50_best,106,cap48_chunk2048_pollpm_mem0.85,48,2048,lpm,0.85
lfm25,shared_prefix,constrained_throughput_best_1pct,106,cap48_chunk2048_pollpm_mem0.85,48,2048,lpm,0.85
lfm25,shared_prefix,constrained_throughput_best_3pct,106,cap48_chunk2048_pollpm_mem0.85,48,2048,lpm,0.85
lfm25,shared_prefix,constrained_throughput_best_5pct,152,cap96_chunk2048_pollpm_mem0.75,96,2048,lpm,0.75
lfm25,shared_prefix,constrained_ttft_best,85,cap32_chunk2048_polfcfs_mem0.8,32,2048,fcfs,0.8
lfm25,shared_prefix,constrained_tpot_best,65,cap24_chunk8192_pollpm_mem0.8,24,8192,lpm,0.8
lfm25,shared_prefix,constrained_e2e_best,85,cap32_chunk2048_polfcfs_mem0.8,32,2048,fcfs,0.8
lfm25,shared_prefix,maximin_balanced_best,83,cap32_chunk2048_pollpm_mem0.9,32,2048,lpm,0.9
lfm25,shared_prefix,geometric_balanced_best,152,cap96_chunk2048_pollpm_mem0.75,96,2048,lpm,0.75
lfm25,shared_prefix,strict_all_metric_candidate,106,cap48_chunk2048_pollpm_mem0.85,48,2048,lpm,0.85
lfm25,shared_prefix,noise_tolerant_all_metric_candidate,106,cap48_chunk2048_pollpm_mem0.85,48,2048,lpm,0.85
lfm25,shared_prefix,pareto_knee_candidate,179,cap128_chunk2048_pollpm_mem0.9,128,2048,lpm,0.9
lfm25,tool_agent,cookbook,74,cap32_chunk-1_pollpm_mem0.85,32,-1,lpm,0.85
lfm25,tool_agent,request_throughput_best,105,cap48_chunk2048_pollpm_mem0.8,48,2048,lpm,0.8
lfm25,tool_agent,output_throughput_best,105,cap48_chunk2048_pollpm_mem0.8,48,2048,lpm,0.8
lfm25,tool_agent,ttft_p95_best,41,cap16_chunk8192_pollpm_mem0.8,16,8192,lpm,0.8
lfm25,tool_agent,tpot_p95_best,17,cap8_chunk8192_pollpm_mem0.8,8,8192,lpm,0.8
lfm25,tool_agent,e2e_p95_best,191,cap128_chunk8192_polfcfs_mem0.9,128,8192,fcfs,0.9
lfm25,tool_agent,ttft_p50_best,152,cap96_chunk2048_pollpm_mem0.75,96,2048,lpm,0.75
lfm25,tool_agent,tpot_p50_best,125,cap64_chunk-1_polfcfs_mem0.8,64,-1,fcfs,0.8
lfm25,tool_agent,e2e_p50_best,10,cap8_chunk2048_pollpm_mem0.85,8,2048,lpm,0.85
lfm25,tool_agent,constrained_throughput_best_1pct,68,cap24_chunk8192_polfcfs_mem0.75,24,8192,fcfs,0.75
lfm25,tool_agent,constrained_throughput_best_3pct,68,cap24_chunk8192_polfcfs_mem0.75,24,8192,fcfs,0.75
lfm25,tool_agent,constrained_throughput_best_5pct,68,cap24_chunk8192_polfcfs_mem0.75,24,8192,fcfs,0.75
lfm25,tool_agent,constrained_ttft_best,47,cap16_chunk8192_polfcfs_mem0.9,16,8192,fcfs,0.9
lfm25,tool_agent,constrained_tpot_best,31,cap16_chunk-1_polfcfs_mem0.9,16,-1,fcfs,0.9
lfm25,tool_agent,constrained_e2e_best,191,cap128_chunk8192_polfcfs_mem0.9,128,8192,fcfs,0.9
lfm25,tool_agent,maximin_balanced_best,68,cap24_chunk8192_polfcfs_mem0.75,24,8192,fcfs,0.75
lfm25,tool_agent,geometric_balanced_best,31,cap16_chunk-1_polfcfs_mem0.9,16,-1,fcfs,0.9
lfm25,tool_agent,strict_all_metric_candidate,68,cap24_chunk8192_polfcfs_mem0.75,24,8192,fcfs,0.75
lfm25,tool_agent,noise_tolerant_all_metric_candidate,68,cap24_chunk8192_polfcfs_mem0.75,24,8192,fcfs,0.75
lfm25,tool_agent,pareto_knee_candidate,25,cap16_chunk-1_pollpm_mem0.8,16,-1,lpm,0.8
qwen,R_concurrent_decode,cookbook,74,cap32_chunk-1_pollpm_mem0.85,32,-1,lpm,0.85
qwen,R_concurrent_decode,request_throughput_best,174,cap128_chunk-1_polfcfs_mem0.85,128,-1,fcfs,0.85
qwen,R_concurrent_decode,output_throughput_best,174,cap128_chunk-1_polfcfs_mem0.85,128,-1,fcfs,0.85
qwen,R_concurrent_decode,ttft_p95_best,169,cap128_chunk-1_pollpm_mem0.8,128,-1,lpm,0.8
qwen,R_concurrent_decode,tpot_p95_best,4,cap8_chunk-1_polfcfs_mem0.75,8,-1,fcfs,0.75
qwen,R_concurrent_decode,e2e_p95_best,169,cap128_chunk-1_pollpm_mem0.8,128,-1,lpm,0.8
qwen,R_concurrent_decode,ttft_p50_best,169,cap128_chunk-1_pollpm_mem0.8,128,-1,lpm,0.8
qwen,R_concurrent_decode,tpot_p50_best,0,cap8_chunk-1_pollpm_mem0.75,8,-1,lpm,0.75
qwen,R_concurrent_decode,e2e_p50_best,48,cap24_chunk-1_pollpm_mem0.75,24,-1,lpm,0.75
qwen,R_concurrent_decode,constrained_throughput_best_1pct,174,cap128_chunk-1_polfcfs_mem0.85,128,-1,fcfs,0.85
qwen,R_concurrent_decode,constrained_throughput_best_3pct,174,cap128_chunk-1_polfcfs_mem0.85,128,-1,fcfs,0.85
qwen,R_concurrent_decode,constrained_throughput_best_5pct,174,cap128_chunk-1_polfcfs_mem0.85,128,-1,fcfs,0.85
qwen,R_concurrent_decode,constrained_ttft_best,169,cap128_chunk-1_pollpm_mem0.8,128,-1,lpm,0.8
qwen,R_concurrent_decode,constrained_tpot_best,179,cap128_chunk2048_pollpm_mem0.9,128,2048,lpm,0.9
qwen,R_concurrent_decode,constrained_e2e_best,169,cap128_chunk-1_pollpm_mem0.8,128,-1,lpm,0.8
qwen,R_concurrent_decode,maximin_balanced_best,179,cap128_chunk2048_pollpm_mem0.9,128,2048,lpm,0.9
qwen,R_concurrent_decode,geometric_balanced_best,169,cap128_chunk-1_pollpm_mem0.8,128,-1,lpm,0.8
qwen,R_concurrent_decode,strict_all_metric_candidate,174,cap128_chunk-1_polfcfs_mem0.85,128,-1,fcfs,0.85
qwen,R_concurrent_decode,noise_tolerant_all_metric_candidate,174,cap128_chunk-1_polfcfs_mem0.85,128,-1,fcfs,0.85
qwen,R_concurrent_decode,pareto_knee_candidate,174,cap128_chunk-1_polfcfs_mem0.85,128,-1,fcfs,0.85
qwen,R_long_prefill,cookbook,74,cap32_chunk-1_pollpm_mem0.85,32,-1,lpm,0.85
qwen,R_long_prefill,request_throughput_best,120,cap64_chunk-1_pollpm_mem0.75,64,-1,lpm,0.75
qwen,R_long_prefill,output_throughput_best,120,cap64_chunk-1_pollpm_mem0.75,64,-1,lpm,0.75
qwen,R_long_prefill,ttft_p95_best,98,cap48_chunk-1_pollpm_mem0.85,48,-1,lpm,0.85
qwen,R_long_prefill,tpot_p95_best,71,cap24_chunk8192_polfcfs_mem0.9,24,8192,fcfs,0.9
qwen,R_long_prefill,e2e_p95_best,98,cap48_chunk-1_pollpm_mem0.85,48,-1,lpm,0.85
qwen,R_long_prefill,ttft_p50_best,98,cap48_chunk-1_pollpm_mem0.85,48,-1,lpm,0.85
qwen,R_long_prefill,tpot_p50_best,83,cap32_chunk2048_pollpm_mem0.9,32,2048,lpm,0.9
qwen,R_long_prefill,e2e_p50_best,98,cap48_chunk-1_pollpm_mem0.85,48,-1,lpm,0.85
qwen,R_long_prefill,constrained_throughput_best_1pct,120,cap64_chunk-1_pollpm_mem0.75,64,-1,lpm,0.75
qwen,R_long_prefill,constrained_throughput_best_3pct,120,cap64_chunk-1_pollpm_mem0.75,64,-1,lpm,0.75
qwen,R_long_prefill,constrained_throughput_best_5pct,120,cap64_chunk-1_pollpm_mem0.75,64,-1,lpm,0.75
qwen,R_long_prefill,constrained_ttft_best,98,cap48_chunk-1_pollpm_mem0.85,48,-1,lpm,0.85
qwen,R_long_prefill,constrained_tpot_best,71,cap24_chunk8192_polfcfs_mem0.9,24,8192,fcfs,0.9
qwen,R_long_prefill,constrained_e2e_best,98,cap48_chunk-1_pollpm_mem0.85,48,-1,lpm,0.85
qwen,R_long_prefill,maximin_balanced_best,120,cap64_chunk-1_pollpm_mem0.75,64,-1,lpm,0.75
qwen,R_long_prefill,geometric_balanced_best,120,cap64_chunk-1_pollpm_mem0.75,64,-1,lpm,0.75
qwen,R_long_prefill,strict_all_metric_candidate,120,cap64_chunk-1_pollpm_mem0.75,64,-1,lpm,0.75
qwen,R_long_prefill,noise_tolerant_all_metric_candidate,120,cap64_chunk-1_pollpm_mem0.75,64,-1,lpm,0.75
qwen,R_long_prefill,pareto_knee_candidate,137,cap64_chunk8192_pollpm_mem0.8,64,8192,lpm,0.8
qwen,R_medium_balanced,cookbook,74,cap32_chunk-1_pollpm_mem0.85,32,-1,lpm,0.85
qwen,R_medium_balanced,request_throughput_best,165,cap96_chunk8192_polfcfs_mem0.8,96,8192,fcfs,0.8
qwen,R_medium_balanced,output_throughput_best,165,cap96_chunk8192_polfcfs_mem0.8,96,8192,fcfs,0.8
qwen,R_medium_balanced,ttft_p95_best,165,cap96_chunk8192_polfcfs_mem0.8,96,8192,fcfs,0.8
qwen,R_medium_balanced,tpot_p95_best,72,cap32_chunk-1_pollpm_mem0.75,32,-1,lpm,0.75
qwen,R_medium_balanced,e2e_p95_best,83,cap32_chunk2048_pollpm_mem0.9,32,2048,lpm,0.9
qwen,R_medium_balanced,ttft_p50_best,165,cap96_chunk8192_polfcfs_mem0.8,96,8192,fcfs,0.8
qwen,R_medium_balanced,tpot_p50_best,72,cap32_chunk-1_pollpm_mem0.75,32,-1,lpm,0.75
qwen,R_medium_balanced,e2e_p50_best,165,cap96_chunk8192_polfcfs_mem0.8,96,8192,fcfs,0.8
qwen,R_medium_balanced,constrained_throughput_best_1pct,165,cap96_chunk8192_polfcfs_mem0.8,96,8192,fcfs,0.8
qwen,R_medium_balanced,constrained_throughput_best_3pct,165,cap96_chunk8192_polfcfs_mem0.8,96,8192,fcfs,0.8
qwen,R_medium_balanced,constrained_throughput_best_5pct,165,cap96_chunk8192_polfcfs_mem0.8,96,8192,fcfs,0.8
qwen,R_medium_balanced,constrained_ttft_best,165,cap96_chunk8192_polfcfs_mem0.8,96,8192,fcfs,0.8
qwen,R_medium_balanced,constrained_tpot_best,83,cap32_chunk2048_pollpm_mem0.9,32,2048,lpm,0.9
qwen,R_medium_balanced,constrained_e2e_best,83,cap32_chunk2048_pollpm_mem0.9,32,2048,lpm,0.9
qwen,R_medium_balanced,maximin_balanced_best,83,cap32_chunk2048_pollpm_mem0.9,32,2048,lpm,0.9
qwen,R_medium_balanced,geometric_balanced_best,165,cap96_chunk8192_polfcfs_mem0.8,96,8192,fcfs,0.8
qwen,R_medium_balanced,strict_all_metric_candidate,102,cap48_chunk-1_polfcfs_mem0.85,48,-1,fcfs,0.85
qwen,R_medium_balanced,noise_tolerant_all_metric_candidate,165,cap96_chunk8192_polfcfs_mem0.8,96,8192,fcfs,0.8
qwen,R_medium_balanced,pareto_knee_candidate,83,cap32_chunk2048_pollpm_mem0.9,32,2048,lpm,0.9
qwen,R_short_decode,cookbook,74,cap32_chunk-1_pollpm_mem0.85,32,-1,lpm,0.85
qwen,R_short_decode,request_throughput_best,102,cap48_chunk-1_polfcfs_mem0.85,48,-1,fcfs,0.85
qwen,R_short_decode,output_throughput_best,102,cap48_chunk-1_polfcfs_mem0.85,48,-1,fcfs,0.85
qwen,R_short_decode,ttft_p95_best,139,cap64_chunk8192_pollpm_mem0.9,64,8192,lpm,0.9
qwen,R_short_decode,tpot_p95_best,67,cap24_chunk8192_pollpm_mem0.9,24,8192,lpm,0.9
qwen,R_short_decode,e2e_p95_best,39,cap16_chunk2048_polfcfs_mem0.9,16,2048,fcfs,0.9
qwen,R_short_decode,ttft_p50_best,154,cap96_chunk2048_pollpm_mem0.85,96,2048,lpm,0.85
qwen,R_short_decode,tpot_p50_best,60,cap24_chunk2048_polfcfs_mem0.75,24,2048,fcfs,0.75
qwen,R_short_decode,e2e_p50_best,102,cap48_chunk-1_polfcfs_mem0.85,48,-1,fcfs,0.85
qwen,R_short_decode,constrained_throughput_best_1pct,102,cap48_chunk-1_polfcfs_mem0.85,48,-1,fcfs,0.85
qwen,R_short_decode,constrained_throughput_best_3pct,102,cap48_chunk-1_polfcfs_mem0.85,48,-1,fcfs,0.85
qwen,R_short_decode,constrained_throughput_best_5pct,102,cap48_chunk-1_polfcfs_mem0.85,48,-1,fcfs,0.85
qwen,R_short_decode,constrained_ttft_best,139,cap64_chunk8192_pollpm_mem0.9,64,8192,lpm,0.9
qwen,R_short_decode,constrained_tpot_best,46,cap16_chunk8192_polfcfs_mem0.85,16,8192,fcfs,0.85
qwen,R_short_decode,constrained_e2e_best,39,cap16_chunk2048_polfcfs_mem0.9,16,2048,fcfs,0.9
qwen,R_short_decode,maximin_balanced_best,39,cap16_chunk2048_polfcfs_mem0.9,16,2048,fcfs,0.9
qwen,R_short_decode,geometric_balanced_best,139,cap64_chunk8192_pollpm_mem0.9,64,8192,lpm,0.9
qwen,R_short_decode,strict_all_metric_candidate,102,cap48_chunk-1_polfcfs_mem0.85,48,-1,fcfs,0.85
qwen,R_short_decode,noise_tolerant_all_metric_candidate,102,cap48_chunk-1_polfcfs_mem0.85,48,-1,fcfs,0.85
qwen,R_short_decode,pareto_knee_candidate,98,cap48_chunk-1_pollpm_mem0.85,48,-1,lpm,0.85
qwen,shared_prefix,cookbook,74,cap32_chunk-1_pollpm_mem0.85,32,-1,lpm,0.85
qwen,shared_prefix,request_throughput_best,184,cap128_chunk8192_pollpm_mem0.75,128,8192,lpm,0.75
qwen,shared_prefix,output_throughput_best,184,cap128_chunk8192_pollpm_mem0.75,128,8192,lpm,0.75
qwen,shared_prefix,ttft_p95_best,169,cap128_chunk-1_pollpm_mem0.8,128,-1,lpm,0.8
qwen,shared_prefix,tpot_p95_best,9,cap8_chunk2048_pollpm_mem0.8,8,2048,lpm,0.8
qwen,shared_prefix,e2e_p95_best,165,cap96_chunk8192_polfcfs_mem0.8,96,8192,fcfs,0.8
qwen,shared_prefix,ttft_p50_best,97,cap48_chunk-1_pollpm_mem0.8,48,-1,lpm,0.8
qwen,shared_prefix,tpot_p50_best,17,cap8_chunk8192_pollpm_mem0.8,8,8192,lpm,0.8
qwen,shared_prefix,e2e_p50_best,101,cap48_chunk-1_polfcfs_mem0.8,48,-1,fcfs,0.8
qwen,shared_prefix,constrained_throughput_best_1pct,77,cap32_chunk-1_polfcfs_mem0.8,32,-1,fcfs,0.8
qwen,shared_prefix,constrained_throughput_best_3pct,77,cap32_chunk-1_polfcfs_mem0.8,32,-1,fcfs,0.8
qwen,shared_prefix,constrained_throughput_best_5pct,77,cap32_chunk-1_polfcfs_mem0.8,32,-1,fcfs,0.8
qwen,shared_prefix,constrained_ttft_best,82,cap32_chunk2048_pollpm_mem0.85,32,2048,lpm,0.85
qwen,shared_prefix,constrained_tpot_best,83,cap32_chunk2048_pollpm_mem0.9,32,2048,lpm,0.9
qwen,shared_prefix,constrained_e2e_best,77,cap32_chunk-1_polfcfs_mem0.8,32,-1,fcfs,0.8
qwen,shared_prefix,maximin_balanced_best,77,cap32_chunk-1_polfcfs_mem0.8,32,-1,fcfs,0.8
qwen,shared_prefix,geometric_balanced_best,169,cap128_chunk-1_pollpm_mem0.8,128,-1,lpm,0.8
qwen,shared_prefix,strict_all_metric_candidate,77,cap32_chunk-1_polfcfs_mem0.8,32,-1,fcfs,0.8
qwen,shared_prefix,noise_tolerant_all_metric_candidate,77,cap32_chunk-1_polfcfs_mem0.8,32,-1,fcfs,0.8
qwen,shared_prefix,pareto_knee_candidate,169,cap128_chunk-1_pollpm_mem0.8,128,-1,lpm,0.8
qwen,tool_agent,cookbook,74,cap32_chunk-1_pollpm_mem0.85,32,-1,lpm,0.85
qwen,tool_agent,request_throughput_best,139,cap64_chunk8192_pollpm_mem0.9,64,8192,lpm,0.9
qwen,tool_agent,output_throughput_best,139,cap64_chunk8192_pollpm_mem0.9,64,8192,lpm,0.9
qwen,tool_agent,ttft_p95_best,115,cap48_chunk8192_pollpm_mem0.9,48,8192,lpm,0.9
qwen,tool_agent,tpot_p95_best,5,cap8_chunk-1_polfcfs_mem0.8,8,-1,fcfs,0.8
qwen,tool_agent,e2e_p95_best,98,cap48_chunk-1_pollpm_mem0.85,48,-1,lpm,0.85
qwen,tool_agent,ttft_p50_best,155,cap96_chunk2048_pollpm_mem0.9,96,2048,lpm,0.9
qwen,tool_agent,tpot_p50_best,18,cap8_chunk8192_pollpm_mem0.85,8,8192,lpm,0.85
qwen,tool_agent,e2e_p50_best,169,cap128_chunk-1_pollpm_mem0.8,128,-1,lpm,0.8
qwen,tool_agent,constrained_throughput_best_1pct,73,cap32_chunk-1_pollpm_mem0.8,32,-1,lpm,0.8
qwen,tool_agent,constrained_throughput_best_3pct,73,cap32_chunk-1_pollpm_mem0.8,32,-1,lpm,0.8
qwen,tool_agent,constrained_throughput_best_5pct,73,cap32_chunk-1_pollpm_mem0.8,32,-1,lpm,0.8
qwen,tool_agent,constrained_ttft_best,98,cap48_chunk-1_pollpm_mem0.85,48,-1,lpm,0.85
qwen,tool_agent,constrained_tpot_best,48,cap24_chunk-1_pollpm_mem0.75,24,-1,lpm,0.75
qwen,tool_agent,constrained_e2e_best,98,cap48_chunk-1_pollpm_mem0.85,48,-1,lpm,0.85
qwen,tool_agent,maximin_balanced_best,75,cap32_chunk-1_pollpm_mem0.9,32,-1,lpm,0.9
qwen,tool_agent,geometric_balanced_best,48,cap24_chunk-1_pollpm_mem0.75,24,-1,lpm,0.75
qwen,tool_agent,strict_all_metric_candidate,75,cap32_chunk-1_pollpm_mem0.9,32,-1,lpm,0.9
qwen,tool_agent,noise_tolerant_all_metric_candidate,73,cap32_chunk-1_pollpm_mem0.8,32,-1,lpm,0.8
qwen,tool_agent,pareto_knee_candidate,48,cap24_chunk-1_pollpm_mem0.75,24,-1,lpm,0.75
