completed_index,optuna_trial_number,request_throughput,output_token_throughput,ttft_p50,ttft_p95,ttft_p99,tpot_p50,tpot_p95,tpot_p99,e2e_p50,e2e_p95,e2e_p99,max_running_requests,chunked_prefill_size,schedule_policy,mem_fraction_static,moe_runner_backend,attention_backend,disable_cuda_graph,server_startup_s,benchmark_wall_s,config_hash,result_path
0,0,19.532091606872264,5000.2154513593,161.62,189.458,189.628,5.742,5.998,6.088,1626.127,1628.234,1629.084,32,2048,fcfs,0.9,triton,fa3,False,25.0,1.6383294039405882,9fc480df4997e8b4,/home/t-jialianggu/work/EndtoEnd-auto-optimization/results/2026-07-22_lfm25_plateau_100/trial_0000/bench_serving.jsonl
1,1,7.184360431109131,1839.1962703639376,1740.689,3370.731,3370.928,4.163,4.207,4.223,2785.062,4443.35,4443.704,8,-1,lpm,0.9,triton,fa3,False,25.0,4.45411951513961,9912763eec32d379,/home/t-jialianggu/work/EndtoEnd-auto-optimization/results/2026-07-22_lfm25_plateau_100/trial_0001/bench_serving.jsonl
2,2,19.487756787095726,4988.865737496506,163.498,191.069,191.271,5.748,6.001,6.086,1629.155,1631.49,1632.015,48,2048,fcfs,0.8,triton,fa3,False,25.0,1.642056617885828,7ff41625d40990bd,/home/t-jialianggu/work/EndtoEnd-auto-optimization/results/2026-07-22_lfm25_plateau_100/trial_0002/bench_serving.jsonl
3,3,7.155235835299901,1831.7403738367746,1754.362,3383.092,3383.26,4.156,4.202,4.216,2796.98,4453.951,4454.198,8,-1,lpm,0.8,triton,fa3,False,25.0,4.472249515820295,dfac4521803a2471,/home/t-jialianggu/work/EndtoEnd-auto-optimization/results/2026-07-22_lfm25_plateau_100/trial_0003/bench_serving.jsonl
4,4,12.267289677212919,3140.426157366507,738.86,1379.889,1379.901,4.765,4.769,4.779,1951.647,2595.593,2595.692,16,-1,lpm,0.9,triton,fa3,False,25.0,2.6085631661117077,c4081e4e659e18c2,/home/t-jialianggu/work/EndtoEnd-auto-optimization/results/2026-07-22_lfm25_plateau_100/trial_0004/bench_serving.jsonl
5,5,19.505922721345364,4993.516216664413,179.255,185.778,185.928,5.676,5.683,5.835,1626.092,1628.145,1628.444,64,8192,lpm,0.8,triton,fa3,False,28.0,1.6405273647978902,d0a03dbe38b1cad3,/home/t-jialianggu/work/EndtoEnd-auto-optimization/results/2026-07-22_lfm25_plateau_100/trial_0005/bench_serving.jsonl
6,6,19.667349232771336,5034.841403589462,166.904,172.16,172.385,5.679,5.685,5.815,1614.791,1617.851,1618.415,96,8192,lpm,0.85,triton,fa3,False,28.0,1.627062174025923,0b85d655b709c93e,/home/t-jialianggu/work/EndtoEnd-auto-optimization/results/2026-07-22_lfm25_plateau_100/trial_0006/bench_serving.jsonl
7,7,19.885771714395062,5090.757558885136,158.255,160.408,160.597,5.64,5.646,5.695,1596.662,1599.395,1599.807,64,8192,lpm,0.85,triton,fa3,False,28.0,1.60919075505808,382ec93d7917c63a,/home/t-jialianggu/work/EndtoEnd-auto-optimization/results/2026-07-22_lfm25_plateau_100/trial_0007/bench_serving.jsonl
8,8,12.271567107873935,3141.5211796157273,129.359,1517.446,1517.611,5.267,5.272,5.316,1472.826,2594.629,2594.889,24,8192,lpm,0.75,triton,fa3,False,28.0,2.6076539140194654,267be6df383254c9,/home/t-jialianggu/work/EndtoEnd-auto-optimization/results/2026-07-22_lfm25_plateau_100/trial_0008/bench_serving.jsonl
9,9,11.971364318224985,3064.6692654655963,184.376,1579.475,1579.63,5.299,5.597,5.7,1536.991,2658.491,2658.667,24,2048,fcfs,0.9,triton,fa3,False,28.0,2.673045373056084,ddde233abdef37e9,/home/t-jialianggu/work/EndtoEnd-auto-optimization/results/2026-07-22_lfm25_plateau_100/trial_0009/bench_serving.jsonl
10,10,7.117311949039937,1822.031858954224,1762.93,3410.179,3410.377,4.174,4.224,4.244,2813.082,4483.075,4483.499,8,8192,lpm,0.9,triton,fa3,False,28.0,4.496079450938851,0589bc0c84117a8a,/home/t-jialianggu/work/EndtoEnd-auto-optimization/results/2026-07-22_lfm25_plateau_100/trial_0010/bench_serving.jsonl
11,11,19.708464979766937,5045.367034820336,167.798,169.441,169.468,5.663,5.668,5.784,1611.768,1614.376,1614.52,128,-1,fcfs,0.75,triton,fa3,False,28.0,1.6236678012646735,75fef469e5938ea0,/home/t-jialianggu/work/EndtoEnd-auto-optimization/results/2026-07-22_lfm25_plateau_100/trial_0011/bench_serving.jsonl
12,12,19.659379971945867,5032.801272818142,167.074,172.965,173.171,5.675,5.681,5.824,1613.517,1616.073,1616.709,64,-1,fcfs,0.8,triton,fa3,False,28.0,1.6277217310853302,eafbffcac540adc7,/home/t-jialianggu/work/EndtoEnd-auto-optimization/results/2026-07-22_lfm25_plateau_100/trial_0012/bench_serving.jsonl
13,13,19.207480162578236,4917.114921620028,180.63,213.535,213.62,5.776,6.085,6.186,1653.963,1656.866,1657.774,96,2048,lpm,0.75,triton,fa3,False,28.0,1.6660175998695195,cf5c1252e6588937,/home/t-jialianggu/work/EndtoEnd-auto-optimization/results/2026-07-22_lfm25_plateau_100/trial_0013/bench_serving.jsonl
14,14,19.566164701383308,5008.938163554127,176.142,180.884,181.035,5.674,5.678,5.823,1622.213,1625.015,1625.414,32,8192,lpm,0.85,triton,fa3,False,28.0,1.635476368945092,af2449eab8dcded9,/home/t-jialianggu/work/EndtoEnd-auto-optimization/results/2026-07-22_lfm25_plateau_100/trial_0014/bench_serving.jsonl
15,15,19.52173107557204,4997.563155346442,180.688,182.303,182.731,5.662,5.668,5.805,1624.081,1627.961,1628.265,48,-1,fcfs,0.8,triton,fa3,False,28.0,1.6391988946124911,d71c51b21e15839b,/home/t-jialianggu/work/EndtoEnd-auto-optimization/results/2026-07-22_lfm25_plateau_100/trial_0015/bench_serving.jsonl
16,16,19.23737606881857,4924.768273617554,175.373,206.033,206.136,5.78,6.079,6.17,1649.384,1651.613,1652.034,128,2048,fcfs,0.8,triton,fa3,False,28.0,1.6634285198524594,4630fda94aa6fa69,/home/t-jialianggu/work/EndtoEnd-auto-optimization/results/2026-07-22_lfm25_plateau_100/trial_0016/bench_serving.jsonl
17,17,19.573526606191685,5010.822811185071,174.71,176.203,176.381,5.665,5.709,5.9,1619.293,1622.582,1622.774,128,-1,fcfs,0.9,triton,fa3,False,28.0,1.634861241094768,dc88833473128a3e,/home/t-jialianggu/work/EndtoEnd-auto-optimization/results/2026-07-22_lfm25_plateau_100/trial_0017/bench_serving.jsonl
18,18,19.640710348853684,5028.021849306543,167.673,169.385,169.686,5.681,5.686,5.807,1615.95,1619.055,1619.622,128,8192,fcfs,0.9,triton,fa3,False,28.0,1.6292689740657806,5ba73db267a2650a,/home/t-jialianggu/work/EndtoEnd-auto-optimization/results/2026-07-22_lfm25_plateau_100/trial_0018/bench_serving.jsonl
19,19,19.537175008140416,5001.5168020839465,181.239,183.4,183.514,5.666,5.672,5.796,1626.066,1628.386,1629.154,96,-1,lpm,0.75,triton,fa3,False,25.0,1.637903125025332,16e099da709b4cd4,/home/t-jialianggu/work/EndtoEnd-auto-optimization/results/2026-07-22_lfm25_plateau_100/trial_0019/bench_serving.jsonl
20,20,19.574867883917978,5011.166178283002,169.081,175.542,175.68,5.689,5.697,5.861,1619.315,1621.276,1621.637,64,8192,fcfs,0.85,triton,fa3,False,25.0,1.6347492197528481,c877bcef65ee9576,/home/t-jialianggu/work/EndtoEnd-auto-optimization/results/2026-07-22_lfm25_plateau_100/trial_0020/bench_serving.jsonl
21,23,19.35358847731109,4954.518650191639,173.136,201.531,201.7,5.753,6.021,6.119,1640.505,1642.297,1643.121,64,2048,lpm,0.85,triton,fa3,False,28.0,1.653440137859434,8ffbc017fc80ab18,/home/t-jialianggu/work/EndtoEnd-auto-optimization/results/2026-07-22_lfm25_plateau_100/trial_0021/bench_serving.jsonl
22,25,19.75442349121941,5057.132413752169,160.075,166.499,166.629,5.678,5.684,5.848,1607.068,1609.197,1609.47,128,-1,lpm,0.85,triton,fa3,False,28.0,1.6198903508484364,4c299dce43fc064a,/home/t-jialianggu/work/EndtoEnd-auto-optimization/results/2026-07-22_lfm25_plateau_100/trial_0022/bench_serving.jsonl
23,27,12.358850204384666,3163.8656523224745,124.427,1504.334,1504.45,5.254,5.258,5.296,1464.717,2575.767,2575.928,24,-1,lpm,0.85,triton,fa3,False,25.0,2.589237628970295,bba3c8ebb8a183ca,/home/t-jialianggu/work/EndtoEnd-auto-optimization/results/2026-07-22_lfm25_plateau_100/trial_0023/bench_serving.jsonl
24,28,19.798960685577146,5068.533935507749,158.824,160.938,161.099,5.661,5.665,5.782,1602.026,1604.785,1605.07,96,-1,fcfs,0.85,triton,fa3,False,25.0,1.6162464539520442,77ded7f5cbd5c149,/home/t-jialianggu/work/EndtoEnd-auto-optimization/results/2026-07-22_lfm25_plateau_100/trial_0024/bench_serving.jsonl
25,29,12.307025571516464,3150.5985463082147,734.065,1374.621,1374.715,4.758,4.764,4.781,1946.374,2588.987,2589.248,16,-1,fcfs,0.85,triton,fa3,False,25.0,2.6001408556476235,72bceaff38dd3e38,/home/t-jialianggu/work/EndtoEnd-auto-optimization/results/2026-07-22_lfm25_plateau_100/trial_0025/bench_serving.jsonl
26,31,19.813023173462984,5072.133932406524,159.734,161.112,161.368,5.656,5.66,5.771,1601.709,1603.665,1604.276,128,-1,fcfs,0.85,triton,fa3,False,25.0,1.6150993071496487,2a8ecfc996d4112a,/home/t-jialianggu/work/EndtoEnd-auto-optimization/results/2026-07-22_lfm25_plateau_100/trial_0026/bench_serving.jsonl
27,33,19.380427291329113,4961.389386580253,163.59,192.389,192.582,5.751,6.019,6.111,1630.705,1633.123,1633.208,32,2048,fcfs,0.85,triton,fa3,False,25.0,1.6511503858491778,a6838b439b5caf9e,/home/t-jialianggu/work/EndtoEnd-auto-optimization/results/2026-07-22_lfm25_plateau_100/trial_0027/bench_serving.jsonl
28,34,19.783975125810205,5064.697632207412,157.629,162.267,162.425,5.673,5.677,5.807,1603.395,1606.218,1606.476,48,8192,fcfs,0.75,triton,fa3,False,25.0,1.6174706951715052,9ad2da7f6b16e424,/home/t-jialianggu/work/EndtoEnd-auto-optimization/results/2026-07-22_lfm25_plateau_100/trial_0028/bench_serving.jsonl
29,35,7.148965300631046,1830.1351169615477,1753.691,3390.498,3390.688,4.173,4.228,4.243,2800.622,4463.402,4463.72,8,8192,fcfs,0.75,triton,fa3,False,25.0,4.476172236725688,45e625a567d3d6bd,/home/t-jialianggu/work/EndtoEnd-auto-optimization/results/2026-07-22_lfm25_plateau_100/trial_0029/bench_serving.jsonl
30,36,19.886330247077453,5090.900543251828,159.468,161.328,161.636,5.638,5.643,5.694,1597.417,1599.416,1599.704,96,8192,fcfs,0.8,triton,fa3,False,25.0,1.6091455589048564,ce0715024d0d7dba,/home/t-jialianggu/work/EndtoEnd-auto-optimization/results/2026-07-22_lfm25_plateau_100/trial_0030/bench_serving.jsonl
31,38,19.442872001012265,4977.37523225914,176.983,183.089,183.425,5.672,5.679,5.8,1623.28,1630.586,1630.737,32,8192,fcfs,0.8,triton,fa3,False,25.0,1.6458473829552531,05ee7283330cdd8b,/home/t-jialianggu/work/EndtoEnd-auto-optimization/results/2026-07-22_lfm25_plateau_100/trial_0031/bench_serving.jsonl
32,39,19.067169252921968,4881.195328748024,190.79,223.215,223.306,5.773,6.13,6.223,1662.839,1665.207,1665.43,96,2048,fcfs,0.85,triton,fa3,False,25.0,1.678277439903468,831ae6305871c9d6,/home/t-jialianggu/work/EndtoEnd-auto-optimization/results/2026-07-22_lfm25_plateau_100/trial_0032/bench_serving.jsonl
33,40,12.268979618795116,3140.85878241155,738.117,1379.514,1379.605,4.766,4.77,4.785,1951.557,2595.543,2595.889,16,8192,lpm,0.8,triton,fa3,False,25.0,2.608203859999776,0c57229de12d97e8,/home/t-jialianggu/work/EndtoEnd-auto-optimization/results/2026-07-22_lfm25_plateau_100/trial_0033/bench_serving.jsonl
34,42,19.489737762240136,4989.372867133475,162.502,190.955,191.136,5.744,6.009,6.101,1628.056,1630.484,1631.003,48,2048,fcfs,0.75,triton,fa3,False,25.0,1.6418897160328925,2374f408ff8d997d,/home/t-jialianggu/work/EndtoEnd-auto-optimization/results/2026-07-22_lfm25_plateau_100/trial_0034/bench_serving.jsonl
35,43,19.800074547963565,5068.819084278673,162.783,164.4,164.528,5.656,5.658,5.779,1604.879,1606.726,1607.449,96,-1,fcfs,0.9,triton,fa3,False,25.0,1.616155531257391,500a9f5f79ef6b67,/home/t-jialianggu/work/EndtoEnd-auto-optimization/results/2026-07-22_lfm25_plateau_100/trial_0035/bench_serving.jsonl
36,45,7.1721977120367715,1836.0826142814135,1742.163,3375.958,3376.061,4.164,4.209,4.223,2786.959,4449.061,4449.178,8,-1,fcfs,0.9,triton,fa3,False,25.0,4.461672876961529,791e3efc68d0d3e6,/home/t-jialianggu/work/EndtoEnd-auto-optimization/results/2026-07-22_lfm25_plateau_100/trial_0036/bench_serving.jsonl
37,46,19.69737106894796,5042.5269936506775,163.547,165.486,165.508,5.673,5.679,5.775,1610.387,1612.844,1613.237,96,-1,fcfs,0.8,triton,fa3,False,25.0,1.6245822799392045,2d58710d6b8f2167,/home/t-jialianggu/work/EndtoEnd-auto-optimization/results/2026-07-22_lfm25_plateau_100/trial_0037/bench_serving.jsonl
38,47,12.26393615420749,3139.5676554771176,137.311,1524.192,1524.293,5.266,5.269,5.315,1480.557,2596.172,2596.294,24,-1,fcfs,0.85,triton,fa3,False,28.0,2.6092764670029283,1cb9d8ae22eca6aa,/home/t-jialianggu/work/EndtoEnd-auto-optimization/results/2026-07-22_lfm25_plateau_100/trial_0038/bench_serving.jsonl
39,48,11.870869418344832,3038.942571096277,784.263,1463.663,1463.727,4.783,4.884,4.939,2012.786,2684.553,2684.907,16,2048,fcfs,0.9,triton,fa3,False,25.0,2.6956745013594627,f64804f3f7b9b5fa,/home/t-jialianggu/work/EndtoEnd-auto-optimization/results/2026-07-22_lfm25_plateau_100/trial_0039/bench_serving.jsonl
40,49,19.530761124879785,4999.874847969225,182.365,187.037,187.207,5.667,5.672,5.811,1627.247,1630.493,1630.61,48,-1,fcfs,0.85,triton,fa3,False,25.0,1.6384410108439624,5a4b05f1af827fd9,/home/t-jialianggu/work/EndtoEnd-auto-optimization/results/2026-07-22_lfm25_plateau_100/trial_0040/bench_serving.jsonl
41,50,19.852208965192773,5082.16549508935,159.711,161.751,162.042,5.643,5.649,5.699,1598.832,1601.609,1601.979,96,-1,lpm,0.9,triton,fa3,False,28.0,1.6119113019667566,9f26c241372138b0,/home/t-jialianggu/work/EndtoEnd-auto-optimization/results/2026-07-22_lfm25_plateau_100/trial_0041/bench_serving.jsonl
42,52,19.702723292788043,5043.897162953739,165.228,171.455,171.677,5.675,5.684,5.842,1611.406,1614.709,1614.818,96,8192,fcfs,0.85,triton,fa3,False,28.0,1.6241409638896585,300eff217c16f426,/home/t-jialianggu/work/EndtoEnd-auto-optimization/results/2026-07-22_lfm25_plateau_100/trial_0042/bench_serving.jsonl
43,53,19.701452544254934,5043.571851329263,164.011,169.326,169.464,5.677,5.681,5.82,1610.852,1613.181,1613.827,64,-1,lpm,0.9,triton,fa3,False,28.0,1.6242457213811576,5f4ecc16c47be4de,/home/t-jialianggu/work/EndtoEnd-auto-optimization/results/2026-07-22_lfm25_plateau_100/trial_0043/bench_serving.jsonl
44,54,19.565574925124917,5008.787180831979,176.932,178.894,179.317,5.666,5.673,5.785,1622.113,1625.363,1625.902,96,-1,lpm,0.85,triton,fa3,False,25.0,1.635525668039918,2bf5cb5c9f890b5a,/home/t-jialianggu/work/EndtoEnd-auto-optimization/results/2026-07-22_lfm25_plateau_100/trial_0044/bench_serving.jsonl
45,55,19.475848902609734,4985.817319068092,162.021,191.019,191.137,5.763,6.025,6.116,1631.754,1634.853,1635.093,128,2048,lpm,0.9,triton,fa3,False,28.0,1.6430606008507311,a67c3a46b88745c5,/home/t-jialianggu/work/EndtoEnd-auto-optimization/results/2026-07-22_lfm25_plateau_100/trial_0045/bench_serving.jsonl
46,56,7.090524955023917,1815.1743884861228,1779.546,3425.437,3425.549,4.169,4.219,4.25,2827.51,4497.129,4497.233,8,8192,lpm,0.85,triton,fa3,False,28.0,4.5130649991333485,e4d3561697803c5b,/home/t-jialianggu/work/EndtoEnd-auto-optimization/results/2026-07-22_lfm25_plateau_100/trial_0046/bench_serving.jsonl
47,57,19.643801943031782,5028.813297416136,166.308,170.97,171.193,5.685,5.69,5.818,1615.58,1617.785,1618.555,32,-1,fcfs,0.9,triton,fa3,False,25.0,1.6290125553496182,73b4490abe4293c0,/home/t-jialianggu/work/EndtoEnd-auto-optimization/results/2026-07-22_lfm25_plateau_100/trial_0047/bench_serving.jsonl
48,58,7.146726693116309,1829.5620334377752,1755.852,3389.406,3389.623,4.172,4.225,4.245,2802.354,4462.377,4462.692,8,-1,fcfs,0.85,triton,fa3,False,28.0,4.477574332151562,981d05e42dd7063e,/home/t-jialianggu/work/EndtoEnd-auto-optimization/results/2026-07-22_lfm25_plateau_100/trial_0048/bench_serving.jsonl
49,59,19.68998270006667,5040.635571217067,166.019,170.232,170.385,5.671,5.677,5.811,1611.885,1614.591,1615.105,96,8192,lpm,0.9,triton,fa3,False,28.0,1.6251918799243867,3dc8319511705268,/home/t-jialianggu/work/EndtoEnd-auto-optimization/results/2026-07-22_lfm25_plateau_100/trial_0049/bench_serving.jsonl
50,60,19.98333845529022,5115.734644554296,152.68,154.614,154.793,5.632,5.637,5.688,1589.183,1591.595,1592.595,48,-1,lpm,0.9,triton,fa3,False,25.0,1.6013340349309146,5a3f96cd7ddb7c80,/home/t-jialianggu/work/EndtoEnd-auto-optimization/results/2026-07-22_lfm25_plateau_100/trial_0050/bench_serving.jsonl
51,62,19.600922318610767,5017.836113564356,174.635,176.105,176.469,5.662,5.721,5.94,1619.087,1621.454,1621.702,32,-1,lpm,0.8,triton,fa3,False,28.0,1.6325762369669974,ab031ff06009b95e,/home/t-jialianggu/work/EndtoEnd-auto-optimization/results/2026-07-22_lfm25_plateau_100/trial_0051/bench_serving.jsonl
52,63,19.56661442347479,5009.053292409546,179.214,180.921,181.251,5.661,5.665,5.808,1622.774,1625.189,1625.958,48,-1,lpm,0.75,triton,fa3,False,25.0,1.6354387789033353,590eb11847d14d1b,/home/t-jialianggu/work/EndtoEnd-auto-optimization/results/2026-07-22_lfm25_plateau_100/trial_0052/bench_serving.jsonl
53,64,19.41980801764505,4971.470852517133,186.814,191.36,191.526,5.677,5.762,5.861,1634.295,1636.603,1637.323,64,8192,lpm,0.75,triton,fa3,False,28.0,1.6478020776994526,4df54fc9f3da2253,/home/t-jialianggu/work/EndtoEnd-auto-optimization/results/2026-07-22_lfm25_plateau_100/trial_0053/bench_serving.jsonl
54,65,19.589905963881215,5015.015926753591,176.438,180.023,180.185,5.666,5.671,5.805,1621.304,1624.004,1624.631,64,8192,fcfs,0.8,triton,fa3,False,25.0,1.6334943138062954,5e7aae54554203fb,/home/t-jialianggu/work/EndtoEnd-auto-optimization/results/2026-07-22_lfm25_plateau_100/trial_0054/bench_serving.jsonl
55,66,19.79394520577281,5067.24997267784,159.936,164.367,164.509,5.671,5.676,5.8,1605.651,1607.991,1608.659,96,8192,fcfs,0.9,triton,fa3,False,25.0,1.6166559858247638,b1786ea5bfa3633d,/home/t-jialianggu/work/EndtoEnd-auto-optimization/results/2026-07-22_lfm25_plateau_100/trial_0055/bench_serving.jsonl
56,67,12.357790051884953,3163.594253282548,126.518,1505.793,1505.884,5.25,5.254,5.293,1465.886,2578.548,2578.583,24,-1,lpm,0.9,triton,fa3,False,25.0,2.5894597549922764,7ca905b46c46ea52,/home/t-jialianggu/work/EndtoEnd-auto-optimization/results/2026-07-22_lfm25_plateau_100/trial_0056/bench_serving.jsonl
57,68,12.369312261687295,3166.5439389919475,124.058,1503.25,1503.384,5.251,5.256,5.293,1463.504,2575.895,2576.051,24,8192,fcfs,0.8,triton,fa3,False,25.0,2.58704763231799,3ff93390a09d48b4,/home/t-jialianggu/work/EndtoEnd-auto-optimization/results/2026-07-22_lfm25_plateau_100/trial_0057/bench_serving.jsonl
58,69,19.69065102289456,5040.806661861007,168.368,170.251,170.636,5.662,5.672,5.81,1612.343,1614.686,1615.677,64,8192,lpm,0.9,triton,fa3,False,28.0,1.6251367190852761,8772a35f4431da9c,/home/t-jialianggu/work/EndtoEnd-auto-optimization/results/2026-07-22_lfm25_plateau_100/trial_0058/bench_serving.jsonl
59,70,19.620217101331058,5022.775577940751,172.583,174.801,174.961,5.669,5.675,5.801,1618.366,1620.472,1621.257,96,-1,fcfs,0.75,triton,fa3,False,28.0,1.6309707397595048,b6e1b9cb46089c92,/home/t-jialianggu/work/EndtoEnd-auto-optimization/results/2026-07-22_lfm25_plateau_100/trial_0059/bench_serving.jsonl
60,72,19.761424889228074,5058.924771642387,168.104,170.004,170.085,5.639,5.712,5.714,1606.23,1608.347,1608.395,48,-1,fcfs,0.9,triton,fa3,False,25.0,1.6193164298310876,684fd53245f40156,/home/t-jialianggu/work/EndtoEnd-auto-optimization/results/2026-07-22_lfm25_plateau_100/trial_0060/bench_serving.jsonl
61,73,19.691259947778196,5040.962546631218,166.432,171.672,171.757,5.67,5.674,5.809,1611.64,1614.306,1614.593,64,-1,fcfs,0.85,triton,fa3,False,28.0,1.6250864639878273,d9c07358f44683d7,/home/t-jialianggu/work/EndtoEnd-auto-optimization/results/2026-07-22_lfm25_plateau_100/trial_0061/bench_serving.jsonl
62,74,19.09489039516143,4888.291941161326,183.423,217.382,217.44,5.777,6.086,6.184,1656.173,1658.354,1658.929,96,2048,lpm,0.9,triton,fa3,False,28.0,1.6758409887552261,06b092d6ebbe201a,/home/t-jialianggu/work/EndtoEnd-auto-optimization/results/2026-07-22_lfm25_plateau_100/trial_0062/bench_serving.jsonl
63,76,18.249855686148972,4671.963055654137,292.931,297.536,297.703,5.676,5.679,6.106,1739.324,1742.061,1742.613,128,-1,fcfs,0.8,triton,fa3,False,28.0,1.7534385230392218,612c0b205d6adacb,/home/t-jialianggu/work/EndtoEnd-auto-optimization/results/2026-07-22_lfm25_plateau_100/trial_0063/bench_serving.jsonl
64,77,19.51681952632356,4996.305798738831,175.244,177.573,177.754,5.668,5.67,5.783,1620.629,1623.06,1624.253,96,8192,fcfs,0.75,triton,fa3,False,28.0,1.639611410908401,034d247e12d23f4a,/home/t-jialianggu/work/EndtoEnd-auto-optimization/results/2026-07-22_lfm25_plateau_100/trial_0064/bench_serving.jsonl
65,78,12.34378498919155,3160.0089572330367,127.909,1505.408,1505.51,5.253,5.258,5.297,1468.044,2577.979,2578.284,24,8192,fcfs,0.9,triton,fa3,False,25.0,2.5923977149650455,83b16173022c7272,/home/t-jialianggu/work/EndtoEnd-auto-optimization/results/2026-07-22_lfm25_plateau_100/trial_0065/bench_serving.jsonl
66,79,19.467621495048427,4983.711102732397,165.747,194.37,194.537,5.752,6.021,6.121,1632.677,1635.198,1635.688,96,2048,fcfs,0.9,triton,fa3,False,25.0,1.6437549912370741,59d45e33cb707598,/home/t-jialianggu/work/EndtoEnd-auto-optimization/results/2026-07-22_lfm25_plateau_100/trial_0066/bench_serving.jsonl
67,80,19.467247821998807,4983.615442431695,166.771,194.804,194.958,5.75,6.02,6.108,1633.237,1635.07,1635.446,48,2048,lpm,0.9,triton,fa3,False,25.0,1.6437865430489182,19842cb3143cf3f0,/home/t-jialianggu/work/EndtoEnd-auto-optimization/results/2026-07-22_lfm25_plateau_100/trial_0067/bench_serving.jsonl
68,81,19.749537741837507,5055.881661910402,162.418,172.74,172.897,5.67,5.673,5.805,1607.485,1610.292,1610.683,128,8192,fcfs,0.85,triton,fa3,False,28.0,1.6202910882420838,d1120ac0b06b137f,/home/t-jialianggu/work/EndtoEnd-auto-optimization/results/2026-07-22_lfm25_plateau_100/trial_0068/bench_serving.jsonl
69,82,19.772366377171593,5061.725792555928,161.472,163.809,163.93,5.665,5.671,5.778,1606.251,1607.901,1609.021,32,8192,fcfs,0.75,triton,fa3,False,25.0,1.618420344311744,e1d14c77f61f3250,/home/t-jialianggu/work/EndtoEnd-auto-optimization/results/2026-07-22_lfm25_plateau_100/trial_0069/bench_serving.jsonl
70,83,19.788432823268973,5065.838802756857,159.452,163.748,163.946,5.67,5.677,5.799,1605.376,1607.473,1608.169,48,8192,fcfs,0.8,triton,fa3,False,25.0,1.6171063310466707,2f89f06d4325ed64,/home/t-jialianggu/work/EndtoEnd-auto-optimization/results/2026-07-22_lfm25_plateau_100/trial_0070/bench_serving.jsonl
71,85,7.1826950967847,1838.7699447768832,1743.734,3373.267,3373.385,4.16,4.203,4.229,2787.265,4444.991,4445.059,8,8192,fcfs,0.8,triton,fa3,False,25.0,4.455152219161391,a2f8d8593b8513da,/home/t-jialianggu/work/EndtoEnd-auto-optimization/results/2026-07-22_lfm25_plateau_100/trial_0071/bench_serving.jsonl
72,86,19.453815773758187,4980.176838082096,161.92,191.028,191.091,5.762,6.028,6.119,1632.521,1634.436,1634.749,96,2048,fcfs,0.8,triton,fa3,False,28.0,1.6449215090833604,ebcd263879fdf482,/home/t-jialianggu/work/EndtoEnd-auto-optimization/results/2026-07-22_lfm25_plateau_100/trial_0072/bench_serving.jsonl
73,87,19.447040429319664,4978.442349905834,186.166,187.883,188.345,5.67,5.672,5.79,1631.684,1634.02,1634.462,96,8192,lpm,0.8,triton,fa3,False,25.0,1.6454945993609726,cbb4044d1c372255,/home/t-jialianggu/work/EndtoEnd-auto-optimization/results/2026-07-22_lfm25_plateau_100/trial_0073/bench_serving.jsonl
74,88,12.195416988162927,3122.0267489697094,752.46,1395.986,1396.149,4.765,4.771,4.787,1965.101,2612.233,2612.684,16,8192,fcfs,0.9,triton,fa3,False,25.0,2.6239365190267563,1d5bb09a0f456e4a,/home/t-jialianggu/work/EndtoEnd-auto-optimization/results/2026-07-22_lfm25_plateau_100/trial_0074/bench_serving.jsonl
75,89,19.761212914480247,5058.870506106943,161.823,165.6,165.696,5.666,5.672,5.793,1606.682,1608.635,1609.662,48,8192,lpm,0.8,triton,fa3,False,25.0,1.6193337999284267,e0b0a2fe9d7668cb,/home/t-jialianggu/work/EndtoEnd-auto-optimization/results/2026-07-22_lfm25_plateau_100/trial_0075/bench_serving.jsonl
76,91,19.758319932548055,5058.129902732302,162.304,163.877,164.003,5.664,5.668,5.784,1606.268,1608.702,1608.908,48,8192,fcfs,0.85,triton,fa3,False,25.0,1.619570900220424,c50809df1f7738a2,/home/t-jialianggu/work/EndtoEnd-auto-optimization/results/2026-07-22_lfm25_plateau_100/trial_0076/bench_serving.jsonl
77,92,19.466803284629496,4983.501640865151,184.279,186.062,186.358,5.67,5.673,5.787,1630.109,1632.253,1633.457,48,8192,fcfs,0.9,triton,fa3,False,25.0,1.6438240800052881,939e2085c20d78c9,/home/t-jialianggu/work/EndtoEnd-auto-optimization/results/2026-07-22_lfm25_plateau_100/trial_0077/bench_serving.jsonl
78,94,19.763150218664975,5059.366455978234,156.45,161.517,161.745,5.674,5.679,5.804,1602.542,1605.05,1605.594,32,-1,fcfs,0.85,triton,fa3,False,25.0,1.6191750629805028,5ccf93fc9e0d8218,/home/t-jialianggu/work/EndtoEnd-auto-optimization/results/2026-07-22_lfm25_plateau_100/trial_0078/bench_serving.jsonl
79,95,19.697647921781453,5042.597867976052,166.423,171.344,171.486,5.673,5.677,5.806,1612.377,1615.25,1615.856,32,-1,lpm,0.9,triton,fa3,False,25.0,1.6245594462379813,988d81c28a9a6652,/home/t-jialianggu/work/EndtoEnd-auto-optimization/results/2026-07-22_lfm25_plateau_100/trial_0079/bench_serving.jsonl
80,96,19.776551924014335,5062.79729254767,159.301,167.289,167.43,5.676,5.683,5.843,1605.452,1608.3,1608.634,128,8192,fcfs,0.8,triton,fa3,False,28.0,1.6180778187699616,c9ba8171d8745927,/home/t-jialianggu/work/EndtoEnd-auto-optimization/results/2026-07-22_lfm25_plateau_100/trial_0080/bench_serving.jsonl
81,97,19.67780833412344,5037.518933535601,170.727,172.557,172.865,5.665,5.668,5.771,1615.465,1617.29,1617.408,96,-1,lpm,0.8,triton,fa3,False,28.0,1.6261973618529737,525a18c3e3a57d2e,/home/t-jialianggu/work/EndtoEnd-auto-optimization/results/2026-07-22_lfm25_plateau_100/trial_0081/bench_serving.jsonl
82,98,19.682408576994945,5038.696595710706,166.475,171.963,172.033,5.676,5.679,5.823,1613.103,1615.804,1616.318,128,-1,lpm,0.9,triton,fa3,False,28.0,1.6258172811940312,566eaa01fbb1b7ac,/home/t-jialianggu/work/EndtoEnd-auto-optimization/results/2026-07-22_lfm25_plateau_100/trial_0082/bench_serving.jsonl
83,99,19.663040267115118,5033.73830838147,172.076,173.851,174.075,5.66,5.665,5.777,1615.608,1618.264,1618.748,64,8192,fcfs,0.75,triton,fa3,False,25.0,1.6274187290109694,b29dab9f50ffc146,/home/t-jialianggu/work/EndtoEnd-auto-optimization/results/2026-07-22_lfm25_plateau_100/trial_0083/bench_serving.jsonl
84,100,12.221852123707595,3128.7941436691444,750.538,1391.458,1391.612,4.762,4.768,4.789,1963.655,2606.692,2606.874,16,8192,lpm,0.85,triton,fa3,False,25.0,2.6182611011900008,b8a76cbf003f0432,/home/t-jialianggu/work/EndtoEnd-auto-optimization/results/2026-07-22_lfm25_plateau_100/trial_0084/bench_serving.jsonl
85,101,19.677099678840975,5037.3375177832895,166.899,171.166,171.429,5.67,5.679,5.833,1611.274,1614.823,1614.83,128,8192,fcfs,0.75,triton,fa3,False,25.0,1.6262559280730784,099a362d8d506627,/home/t-jialianggu/work/EndtoEnd-auto-optimization/results/2026-07-22_lfm25_plateau_100/trial_0085/bench_serving.jsonl
86,106,12.259495232744536,3138.430779582601,741.738,1383.326,1383.416,4.76,4.764,4.782,1953.808,2597.833,2598.1,16,8192,fcfs,0.8,triton,fa3,False,25.0,2.6102216602303088,da766346755e1fc3,/home/t-jialianggu/work/EndtoEnd-auto-optimization/results/2026-07-22_lfm25_plateau_100/trial_0086/bench_serving.jsonl
87,107,19.687450647888138,5039.987365859363,166.163,170.938,171.16,5.663,5.666,5.783,1609.959,1615.636,1616.491,48,-1,fcfs,0.75,triton,fa3,False,25.0,1.6254008999094367,14491a4385d5f7e4,/home/t-jialianggu/work/EndtoEnd-auto-optimization/results/2026-07-22_lfm25_plateau_100/trial_0087/bench_serving.jsonl
88,109,19.7113421810489,5046.103598348518,161.944,164.01,164.086,5.665,5.672,5.777,1606.691,1608.857,1609.205,48,8192,lpm,0.9,triton,fa3,False,28.0,1.6234307996928692,bc4f2e95fb1c9763,/home/t-jialianggu/work/EndtoEnd-auto-optimization/results/2026-07-22_lfm25_plateau_100/trial_0088/bench_serving.jsonl
89,110,12.213047884961087,3126.5402585500383,749.863,1392.253,1392.441,4.761,4.765,4.784,1962.101,2606.935,2607.019,16,8192,fcfs,0.75,triton,fa3,False,25.0,2.620148574002087,4f3400d8ea214c49,/home/t-jialianggu/work/EndtoEnd-auto-optimization/results/2026-07-22_lfm25_plateau_100/trial_0089/bench_serving.jsonl
90,112,19.458168459812697,4981.29112571205,183.851,188.608,188.678,5.673,5.677,5.82,1630.264,1632.524,1632.644,128,8192,lpm,0.8,triton,fa3,False,28.0,1.6445535491220653,6a28e9d5dcc22e08,/home/t-jialianggu/work/EndtoEnd-auto-optimization/results/2026-07-22_lfm25_plateau_100/trial_0090/bench_serving.jsonl
91,113,12.231559425988928,3131.2792130531657,743.263,1389.661,1389.823,4.762,4.765,4.788,1957.058,2604.648,2604.705,16,-1,fcfs,0.9,triton,fa3,False,25.0,2.616183177102357,debb7151ed305a17,/home/t-jialianggu/work/EndtoEnd-auto-optimization/results/2026-07-22_lfm25_plateau_100/trial_0091/bench_serving.jsonl
92,114,19.618926967872927,5022.445303775469,171.678,175.689,175.793,5.676,5.681,5.807,1618.51,1621.369,1621.689,48,-1,lpm,0.8,triton,fa3,False,28.0,1.63107799179852,cb744e0c6ec46ffe,/home/t-jialianggu/work/EndtoEnd-auto-optimization/results/2026-07-22_lfm25_plateau_100/trial_0092/bench_serving.jsonl
93,116,19.66995564912175,5035.508646175168,168.607,170.284,170.412,5.654,5.722,5.722,1610.534,1612.242,1613.263,32,-1,fcfs,0.75,triton,fa3,False,25.0,1.6268465761095285,25e1922ec64e8a67,/home/t-jialianggu/work/EndtoEnd-auto-optimization/results/2026-07-22_lfm25_plateau_100/trial_0093/bench_serving.jsonl
94,118,12.094491102328243,3096.1897221960303,156.471,1554.619,1554.724,5.284,5.501,5.594,1505.317,2632.147,2632.408,24,2048,fcfs,0.75,triton,fa3,False,25.0,2.6458326959982514,d89fb5351dc90ccc,/home/t-jialianggu/work/EndtoEnd-auto-optimization/results/2026-07-22_lfm25_plateau_100/trial_0094/bench_serving.jsonl
95,120,12.193301275858047,3121.48512661966,144.72,1533.907,1533.973,5.286,5.29,5.39,1492.821,2611.378,2611.566,24,8192,fcfs,0.75,triton,fa3,False,25.0,2.6243918095715344,2ca2195ef08f12a0,/home/t-jialianggu/work/EndtoEnd-auto-optimization/results/2026-07-22_lfm25_plateau_100/trial_0095/bench_serving.jsonl
96,122,12.017331419620055,3076.436843422734,762.581,1430.129,1430.307,4.782,4.882,4.922,1990.051,2651.461,2651.492,16,2048,lpm,0.75,triton,fa3,False,25.0,2.66282079461962,a61d0e35931fcfb0,/home/t-jialianggu/work/EndtoEnd-auto-optimization/results/2026-07-22_lfm25_plateau_100/trial_0096/bench_serving.jsonl
97,123,19.434935435163847,4975.343471401945,188.006,191.061,191.247,5.662,5.669,5.847,1631.722,1634.917,1635.743,32,8192,lpm,0.75,triton,fa3,False,25.0,1.6465194909833372,d9150a3d0bd853dc,/home/t-jialianggu/work/EndtoEnd-auto-optimization/results/2026-07-22_lfm25_plateau_100/trial_0097/bench_serving.jsonl
98,124,19.66392210258102,5033.964058260741,165.003,169.103,169.317,5.669,5.677,5.797,1610.337,1613.281,1613.579,48,8192,lpm,0.75,triton,fa3,False,25.0,1.6273457468487322,4e3ff68d90a1416f,/home/t-jialianggu/work/EndtoEnd-auto-optimization/results/2026-07-22_lfm25_plateau_100/trial_0098/bench_serving.jsonl
99,125,19.735187678859543,5052.208045788043,164.288,167.711,167.797,5.661,5.667,5.786,1607.852,1611.178,1611.211,32,8192,fcfs,0.85,triton,fa3,False,25.0,1.6214692518115044,780aa9f82ede8b3b,/home/t-jialianggu/work/EndtoEnd-auto-optimization/results/2026-07-22_lfm25_plateau_100/trial_0099/bench_serving.jsonl
