index,start_us,duration_us,gap_to_next_kernel_us,layer,role,kind,short_name,grid_x,block_x,graph_node_id
0,0.0,0.96,0.896,,,copy_int,unrolled_elementwise_kernel,1,128,
1,1.856,2.368,28.864,,,other,index_elementwise_kernel,1,128,
2,33.088,1.056,29.536,,,other,vectorized_elementwise_kernel,1,128,
3,63.68,1.12,361.793,,,other,vectorized_elementwise_kernel,1,128,
4,426.593,0.96,148.48,,,other,triton_poi_fused_clamp_sub_0,1,32,
5,576.033,0.96,12.64,,,copy_int,unrolled_elementwise_kernel,1,128,
6,589.633,0.928,112.672,,,copy_int,unrolled_elementwise_kernel,1,128,
7,703.233,1.12,54.272,,,other,vectorized_elementwise_kernel,1,128,
8,758.625,0.672,15.744,,,other,DeviceScanInitKernel,1,128,
9,775.041,1.408,64.737,,,other,DeviceScanKernel,1,128,
10,841.186,1.504,20.16,,,copy_int,elementwise_kernel,1,128,
11,862.85,2.08,40.928,,,other,index_elementwise_kernel,1,128,
12,905.858,1.408,104.384,,,other,vectorized_elementwise_kernel,1,128,
13,1011.65,1.216,17.216,,,copy,unrolled_elementwise_kernel,1,128,
14,1030.082,1.472,752.77,,,other,index_elementwise_kernel,1,128,
15,1784.324,2.048,0.928,,,other,indexSelectSmallIndex,16,128,459561500672
16,1787.3,1.984,0.128,0,operator_norm,rmsnorm,RMSNormKernel,1,32,459561500673
17,1789.412,11.68,0.064,0,conv_in_proj,gemm,nvjet_tst_64x8_64x16_4x1_v_bz_TNT,4,384,459561500674
18,1801.156,1.12,0.064,0,conv_b_gate_mul,mul,vectorized_elementwise_kernel,2,128,459561500675
19,1802.34,2.624,0.064,0,conv_kernel,conv_update,causal_conv1d_update_kernel,1,64,459561500676
20,1805.028,1.28,0.096,0,conv_c_gate_mul,mul,vectorized_elementwise_kernel,2,128,459561500677
21,1806.404,7.104,0.224,0,conv_out_proj,gemm,nvjet_tst_64x8_64x16_4x1_v_bz_TNT,4,384,459561500678
22,1813.732,2.08,0.096,0,ffn_norm,fused_add_rmsnorm,FusedAddRMSNormKernel,1,32,459561500679
23,1815.908,20.704,0.064,0,dense_gate_up,gemm,nvjet_tst_64x8_64x16_2x1_v_bz_TNT,2,384,459561500680
24,1836.676,1.728,0.128,0,dense_activation,act_and_mul,act_and_mul_kernel,1,896,459561500681
25,1838.532,10.464,0.16,0,dense_down,gemm,nvjet_tst_64x8_64x16_4x1_v_bz_splitK_TNT,4,384,459561500682
26,1849.156,1.76,0.256,0,dense_down_splitk_reduce,gemm_splitk_reduce,splitKreduce_kernel,64,32,459561500683
27,1851.172,2.56,0.128,1,operator_norm,fused_add_rmsnorm,FusedAddRMSNormKernel,1,32,459561500684
28,1853.86,9.216,0.128,1,conv_in_proj,gemm,nvjet_tst_64x8_64x16_4x1_v_bz_TNT,4,384,459561500685
29,1863.204,1.056,0.128,1,conv_b_gate_mul,mul,vectorized_elementwise_kernel,2,128,459561500686
30,1864.388,2.528,0.128,1,conv_kernel,conv_update,causal_conv1d_update_kernel,1,64,459561500687
31,1867.044,1.312,0.096,1,conv_c_gate_mul,mul,vectorized_elementwise_kernel,2,128,459561500688
32,1868.452,5.504,0.224,1,conv_out_proj,gemm,nvjet_tst_64x8_64x16_4x1_v_bz_TNT,4,384,459561500689
33,1874.18,2.272,0.096,1,ffn_norm,fused_add_rmsnorm,FusedAddRMSNormKernel,1,32,459561500690
34,1876.548,16.64,-0.064,1,dense_gate_up,gemm,nvjet_tst_64x8_64x16_2x1_v_bz_TNT,2,384,459561500691
35,1893.124,1.92,-0.032,1,dense_activation,act_and_mul,act_and_mul_kernel,1,896,459561500692
36,1895.012,10.592,0.064,1,dense_down,gemm,nvjet_tst_64x8_64x16_4x1_v_bz_splitK_TNT,4,384,459561500693
37,1905.668,1.76,0.288,1,dense_down_splitk_reduce,gemm_splitk_reduce,splitKreduce_kernel,64,32,459561500694
38,1907.716,2.4,0.096,2,operator_norm,fused_add_rmsnorm,FusedAddRMSNormKernel,1,32,459561500695
39,1910.212,6.144,-0.16,2,attn_qkv_proj,gemm,nvjet_tst_64x8_64x16_4x1_v_bz_TNT,4,384,459561500696
40,1916.196,2.016,0.256,2,attn_q_norm,rmsnorm,RMSNormKernel,32,32,459561500697
41,1918.468,1.696,0.064,2,attn_k_norm,rmsnorm,RMSNormKernel,8,32,459561500698
42,1920.228,1.696,0.224,2,attn_rope,rope,BatchQKApplyRotaryPosIdsCosSinCacheHeadParallelismKernel,1,8,459561500699
43,1922.148,1.088,0.128,2,attn_store_kv,store_kv,store_kvcache,1,128,459561500700
44,1923.364,3.232,-0.128,2,attn_prepare,attention_prepare,prepare_varlen_num_blocks_kernel,1,32,459561500701
45,1926.468,7.968,0.512,2,attn_kernel,attention,device_kernel,132,512,459561500702
46,1934.948,0.896,0.16,2,attn_combine,attention_combine,device_kernel,2,256,459561500703
47,1936.004,5.536,0.224,2,attn_out_proj,gemm,nvjet_tst_64x8_64x16_4x1_v_bz_TNT,4,384,459561500704
48,1941.764,2.016,0.096,2,ffn_norm,fused_add_rmsnorm,FusedAddRMSNormKernel,1,32,459561500705
49,1943.876,5.152,0.128,2,moe_router,gemm,nvjet_tst_64x8_64x16_1x1_v_bz_TNT,1,384,459561500706
50,1949.156,2.112,0.096,2,moe_topk,topk_sigmoid,topkGatingSigmoid,1,32,459561500707
51,1951.364,4.32,0.096,2,moe_align,moe_align,moe_align_block_size_small_batch_expert_kernel,1,289,459561500708
52,1955.78,20.223,0.001,2,moe_up,fused_moe,fused_moe_kernel,448,128,459561500709
53,1976.004,1.407,0.001,2,moe_activation,act_and_mul,act_and_mul_kernel,4,224,459561500710
54,1977.412,14.72,0.128,2,moe_down,fused_moe,fused_moe_kernel,256,128,459561500711
55,1992.26,0.992,0.352,2,moe_sum,moe_sum,triton_poi_fused_copy__mul_sum_0,8,128,459561500712
56,1993.604,2.4,0.128,3,operator_norm,fused_add_rmsnorm,FusedAddRMSNormKernel,1,32,459561500713
57,1996.132,9.28,0.064,3,conv_in_proj,gemm,nvjet_tst_64x8_64x16_4x1_v_bz_TNT,4,384,459561500714
58,2005.476,1.12,0.096,3,conv_b_gate_mul,mul,vectorized_elementwise_kernel,2,128,459561500715
59,2006.692,2.432,0.032,3,conv_kernel,conv_update,causal_conv1d_update_kernel,1,64,459561500716
60,2009.156,1.088,0.128,3,conv_c_gate_mul,mul,vectorized_elementwise_kernel,2,128,459561500717
61,2010.372,5.568,0.256,3,conv_out_proj,gemm,nvjet_tst_64x8_64x16_4x1_v_bz_TNT,4,384,459561500718
62,2016.196,1.952,0.064,3,ffn_norm,fused_add_rmsnorm,FusedAddRMSNormKernel,1,32,459561500719
63,2018.212,4.96,0.096,3,moe_router,gemm,nvjet_tst_64x8_64x16_1x1_v_bz_TNT,1,384,459561500720
64,2023.268,2.08,0.064,3,moe_topk,topk_sigmoid,topkGatingSigmoid,1,32,459561500721
65,2025.412,4.416,0.064,3,moe_align,moe_align,moe_align_block_size_small_batch_expert_kernel,1,289,459561500722
66,2029.892,19.776,-0.064,3,moe_up,fused_moe,fused_moe_kernel,448,128,459561500723
67,2049.604,1.6,-0.16,3,moe_activation,act_and_mul,act_and_mul_kernel,4,224,459561500724
68,2051.044,15.104,0.064,3,moe_down,fused_moe,fused_moe_kernel,256,128,459561500725
69,2066.212,1.088,0.224,3,moe_sum,moe_sum,triton_poi_fused_copy__mul_sum_0,8,128,459561500726
70,2067.524,2.176,0.128,4,operator_norm,fused_add_rmsnorm,FusedAddRMSNormKernel,1,32,459561500727
71,2069.828,8.64,0.128,4,conv_in_proj,gemm,nvjet_tst_64x8_64x16_4x1_v_bz_TNT,4,384,459561500728
72,2078.596,1.056,0.128,4,conv_b_gate_mul,mul,vectorized_elementwise_kernel,2,128,459561500729
73,2079.78,2.528,0.096,4,conv_kernel,conv_update,causal_conv1d_update_kernel,1,64,459561500730
74,2082.404,1.056,0.16,4,conv_c_gate_mul,mul,vectorized_elementwise_kernel,2,128,459561500731
75,2083.62,5.504,0.224,4,conv_out_proj,gemm,nvjet_tst_64x8_64x16_4x1_v_bz_TNT,4,384,459561500732
76,2089.348,1.984,0.096,4,ffn_norm,fused_add_rmsnorm,FusedAddRMSNormKernel,1,32,459561500733
77,2091.428,4.992,0.064,4,moe_router,gemm,nvjet_tst_64x8_64x16_1x1_v_bz_TNT,1,384,459561500734
78,2096.484,2.176,0.064,4,moe_topk,topk_sigmoid,topkGatingSigmoid,1,32,459561500735
79,2098.724,4.864,0.064,4,moe_align,moe_align,moe_align_block_size_small_batch_expert_kernel,1,289,459561500736
80,2103.652,19.776,-0.032,4,moe_up,fused_moe,fused_moe_kernel,448,128,459561500737
81,2123.396,1.408,-0.064,4,moe_activation,act_and_mul,act_and_mul_kernel,4,224,459561500738
82,2124.74,14.56,0.096,4,moe_down,fused_moe,fused_moe_kernel,256,128,459561500739
83,2139.396,1.024,0.256,4,moe_sum,moe_sum,triton_poi_fused_copy__mul_sum_0,8,128,459561500740
84,2140.676,2.144,0.16,5,operator_norm,fused_add_rmsnorm,FusedAddRMSNormKernel,1,32,459561500741
85,2142.98,9.152,0.096,5,conv_in_proj,gemm,nvjet_tst_64x8_64x16_4x1_v_bz_TNT,4,384,459561500742
86,2152.228,1.056,0.16,5,conv_b_gate_mul,mul,vectorized_elementwise_kernel,2,128,459561500743
87,2153.444,2.88,0.096,5,conv_kernel,conv_update,causal_conv1d_update_kernel,1,64,459561500744
88,2156.42,1.024,0.192,5,conv_c_gate_mul,mul,vectorized_elementwise_kernel,2,128,459561500745
89,2157.636,5.536,0.256,5,conv_out_proj,gemm,nvjet_tst_64x8_64x16_4x1_v_bz_TNT,4,384,459561500746
90,2163.428,2.016,0.128,5,ffn_norm,fused_add_rmsnorm,FusedAddRMSNormKernel,1,32,459561500747
91,2165.572,5.12,0.096,5,moe_router,gemm,nvjet_tst_64x8_64x16_1x1_v_bz_TNT,1,384,459561500748
92,2170.788,2.368,0.096,5,moe_topk,topk_sigmoid,topkGatingSigmoid,1,32,459561500749
93,2173.252,4.384,0.128,5,moe_align,moe_align,moe_align_block_size_small_batch_expert_kernel,1,289,459561500750
94,2177.764,19.68,-0.064,5,moe_up,fused_moe,fused_moe_kernel,448,128,459561500751
95,2197.38,1.696,-0.256,5,moe_activation,act_and_mul,act_and_mul_kernel,4,224,459561500752
96,2198.82,14.464,0.128,5,moe_down,fused_moe,fused_moe_kernel,256,128,459561500753
97,2213.412,1.056,0.544,5,moe_sum,moe_sum,triton_poi_fused_copy__mul_sum_0,8,128,459561500754
98,2215.012,2.432,0.096,6,operator_norm,fused_add_rmsnorm,FusedAddRMSNormKernel,1,32,459561500755
99,2217.54,6.016,-0.192,6,attn_qkv_proj,gemm,nvjet_tst_64x8_64x16_4x1_v_bz_TNT,4,384,459561500756
100,2223.364,1.856,0.256,6,attn_q_norm,rmsnorm,RMSNormKernel,32,32,459561500757
101,2225.476,1.696,0.064,6,attn_k_norm,rmsnorm,RMSNormKernel,8,32,459561500758
102,2227.236,1.696,0.288,6,attn_rope,rope,BatchQKApplyRotaryPosIdsCosSinCacheHeadParallelismKernel,1,8,459561500759
103,2229.22,1.12,0.064,6,attn_store_kv,store_kv,store_kvcache,1,128,459561500760
104,2230.404,3.265,-0.16,6,attn_prepare,attention_prepare,prepare_varlen_num_blocks_kernel,1,32,459561500761
105,2233.509,7.904,0.704,6,attn_kernel,attention,device_kernel,132,512,459561500762
106,2242.117,0.96,0.128,6,attn_combine,attention_combine,device_kernel,2,256,459561500763
107,2243.205,5.632,0.224,6,attn_out_proj,gemm,nvjet_tst_64x8_64x16_4x1_v_bz_TNT,4,384,459561500764
108,2249.061,2.048,0.064,6,ffn_norm,fused_add_rmsnorm,FusedAddRMSNormKernel,1,32,459561500765
109,2251.173,5.216,0.096,6,moe_router,gemm,nvjet_tst_64x8_64x16_1x1_v_bz_TNT,1,384,459561500766
110,2256.485,2.08,0.128,6,moe_topk,topk_sigmoid,topkGatingSigmoid,1,32,459561500767
111,2258.693,4.512,0.096,6,moe_align,moe_align,moe_align_block_size_small_batch_expert_kernel,1,289,459561500768
112,2263.301,20.48,-0.032,6,moe_up,fused_moe,fused_moe_kernel,448,128,459561500769
113,2283.749,1.407,0.001,6,moe_activation,act_and_mul,act_and_mul_kernel,4,224,459561500770
114,2285.157,14.368,0.128,6,moe_down,fused_moe,fused_moe_kernel,256,128,459561500771
115,2299.653,1.024,0.256,6,moe_sum,moe_sum,triton_poi_fused_copy__mul_sum_0,8,128,459561500772
116,2300.933,2.464,0.16,7,operator_norm,fused_add_rmsnorm,FusedAddRMSNormKernel,1,32,459561500773
117,2303.557,8.96,0.128,7,conv_in_proj,gemm,nvjet_tst_64x8_64x16_4x1_v_bz_TNT,4,384,459561500774
118,2312.645,1.056,0.128,7,conv_b_gate_mul,mul,vectorized_elementwise_kernel,2,128,459561500775
119,2313.829,2.496,0.128,7,conv_kernel,conv_update,causal_conv1d_update_kernel,1,64,459561500776
120,2316.453,0.96,0.16,7,conv_c_gate_mul,mul,vectorized_elementwise_kernel,2,128,459561500777
121,2317.573,5.6,0.256,7,conv_out_proj,gemm,nvjet_tst_64x8_64x16_4x1_v_bz_TNT,4,384,459561500778
122,2323.429,1.92,0.096,7,ffn_norm,fused_add_rmsnorm,FusedAddRMSNormKernel,1,32,459561500779
123,2325.445,5.088,0.096,7,moe_router,gemm,nvjet_tst_64x8_64x16_1x1_v_bz_TNT,1,384,459561500780
124,2330.629,2.144,0.064,7,moe_topk,topk_sigmoid,topkGatingSigmoid,1,32,459561500781
125,2332.837,4.448,0.064,7,moe_align,moe_align,moe_align_block_size_small_batch_expert_kernel,1,289,459561500782
126,2337.349,20.832,-0.064,7,moe_up,fused_moe,fused_moe_kernel,448,128,459561500783
127,2358.117,1.472,-0.096,7,moe_activation,act_and_mul,act_and_mul_kernel,4,224,459561500784
128,2359.493,14.688,0.096,7,moe_down,fused_moe,fused_moe_kernel,256,128,459561500785
129,2374.277,1.12,0.256,7,moe_sum,moe_sum,triton_poi_fused_copy__mul_sum_0,8,128,459561500786
130,2375.653,2.336,0.096,8,operator_norm,fused_add_rmsnorm,FusedAddRMSNormKernel,1,32,459561500787
131,2378.085,8.704,0.064,8,conv_in_proj,gemm,nvjet_tst_64x8_64x16_4x1_v_bz_TNT,4,384,459561500788
132,2386.853,1.12,0.064,8,conv_b_gate_mul,mul,vectorized_elementwise_kernel,2,128,459561500789
133,2388.037,2.688,0.064,8,conv_kernel,conv_update,causal_conv1d_update_kernel,1,64,459561500790
134,2390.789,1.088,0.128,8,conv_c_gate_mul,mul,vectorized_elementwise_kernel,2,128,459561500791
135,2392.005,5.888,0.256,8,conv_out_proj,gemm,nvjet_tst_64x8_64x16_4x1_v_bz_TNT,4,384,459561500792
136,2398.149,2.016,0.064,8,ffn_norm,fused_add_rmsnorm,FusedAddRMSNormKernel,1,32,459561500793
137,2400.229,5.28,0.064,8,moe_router,gemm,nvjet_tst_64x8_64x16_1x1_v_bz_TNT,1,384,459561500794
138,2405.573,2.144,0.096,8,moe_topk,topk_sigmoid,topkGatingSigmoid,1,32,459561500795
139,2407.813,4.608,0.096,8,moe_align,moe_align,moe_align_block_size_small_batch_expert_kernel,1,289,459561500796
140,2412.517,19.871,0.001,8,moe_up,fused_moe,fused_moe_kernel,448,128,459561500797
141,2432.389,1.375,0.001,8,moe_activation,act_and_mul,act_and_mul_kernel,4,224,459561500798
142,2433.765,14.432,0.128,8,moe_down,fused_moe,fused_moe_kernel,256,128,459561500799
143,2448.325,1.024,0.288,8,moe_sum,moe_sum,triton_poi_fused_copy__mul_sum_0,8,128,459561500800
144,2449.637,2.688,0.128,9,operator_norm,fused_add_rmsnorm,FusedAddRMSNormKernel,1,32,459561500801
145,2452.453,9.856,0.096,9,conv_in_proj,gemm,nvjet_tst_64x8_64x16_4x1_v_bz_TNT,4,384,459561500802
146,2462.405,1.056,0.128,9,conv_b_gate_mul,mul,vectorized_elementwise_kernel,2,128,459561500803
147,2463.589,2.4,0.096,9,conv_kernel,conv_update,causal_conv1d_update_kernel,1,64,459561500804
148,2466.085,1.056,0.128,9,conv_c_gate_mul,mul,vectorized_elementwise_kernel,2,128,459561500805
149,2467.269,5.632,0.256,9,conv_out_proj,gemm,nvjet_tst_64x8_64x16_4x1_v_bz_TNT,4,384,459561500806
150,2473.157,2.08,0.128,9,ffn_norm,fused_add_rmsnorm,FusedAddRMSNormKernel,1,32,459561500807
151,2475.365,4.992,0.128,9,moe_router,gemm,nvjet_tst_64x8_64x16_1x1_v_bz_TNT,1,384,459561500808
152,2480.485,2.144,0.064,9,moe_topk,topk_sigmoid,topkGatingSigmoid,1,32,459561500809
153,2482.693,4.416,0.064,9,moe_align,moe_align,moe_align_block_size_small_batch_expert_kernel,1,289,459561500810
154,2487.173,19.808,-0.032,9,moe_up,fused_moe,fused_moe_kernel,448,128,459561500811
155,2506.949,1.472,-0.064,9,moe_activation,act_and_mul,act_and_mul_kernel,4,224,459561500812
156,2508.357,14.56,0.096,9,moe_down,fused_moe,fused_moe_kernel,256,128,459561500813
157,2523.013,1.088,0.256,9,moe_sum,moe_sum,triton_poi_fused_copy__mul_sum_0,8,128,459561500814
158,2524.357,2.624,0.096,10,operator_norm,fused_add_rmsnorm,FusedAddRMSNormKernel,1,32,459561500815
159,2527.077,5.984,-0.192,10,attn_qkv_proj,gemm,nvjet_tst_64x8_64x16_4x1_v_bz_TNT,4,384,459561500816
160,2532.869,1.92,0.288,10,attn_q_norm,rmsnorm,RMSNormKernel,32,32,459561500817
161,2535.077,1.728,0.064,10,attn_k_norm,rmsnorm,RMSNormKernel,8,32,459561500818
162,2536.869,1.696,0.288,10,attn_rope,rope,BatchQKApplyRotaryPosIdsCosSinCacheHeadParallelismKernel,1,8,459561500819
163,2538.853,1.088,0.096,10,attn_store_kv,store_kv,store_kvcache,1,128,459561500820
164,2540.037,3.36,-0.16,10,attn_prepare,attention_prepare,prepare_varlen_num_blocks_kernel,1,32,459561500821
165,2543.237,8.0,0.512,10,attn_kernel,attention,device_kernel,132,512,459561500822
166,2551.749,0.928,0.16,10,attn_combine,attention_combine,device_kernel,2,256,459561500823
167,2552.837,6.56,0.256,10,attn_out_proj,gemm,nvjet_tst_64x8_64x16_4x1_v_bz_TNT,4,384,459561500824
168,2559.653,2.08,0.096,10,ffn_norm,fused_add_rmsnorm,FusedAddRMSNormKernel,1,32,459561500825
169,2561.829,4.992,0.128,10,moe_router,gemm,nvjet_tst_64x8_64x16_1x1_v_bz_TNT,1,384,459561500826
170,2566.949,2.304,0.128,10,moe_topk,topk_sigmoid,topkGatingSigmoid,1,32,459561500827
171,2569.381,4.48,0.096,10,moe_align,moe_align,moe_align_block_size_small_batch_expert_kernel,1,289,459561500828
172,2573.957,20.32,-0.16,10,moe_up,fused_moe,fused_moe_kernel,448,128,459561500829
173,2594.117,1.472,-0.032,10,moe_activation,act_and_mul,act_and_mul_kernel,4,224,459561500830
174,2595.557,14.752,0.128,10,moe_down,fused_moe,fused_moe_kernel,256,128,459561500831
175,2610.437,1.216,0.288,10,moe_sum,moe_sum,triton_poi_fused_copy__mul_sum_0,8,128,459561500832
176,2611.941,2.24,0.128,11,operator_norm,fused_add_rmsnorm,FusedAddRMSNormKernel,1,32,459561500833
177,2614.309,8.8,0.128,11,conv_in_proj,gemm,nvjet_tst_64x8_64x16_4x1_v_bz_TNT,4,384,459561500834
178,2623.237,1.088,0.064,11,conv_b_gate_mul,mul,vectorized_elementwise_kernel,2,128,459561500835
179,2624.389,2.688,0.064,11,conv_kernel,conv_update,causal_conv1d_update_kernel,1,64,459561500836
180,2627.141,1.024,0.096,11,conv_c_gate_mul,mul,vectorized_elementwise_kernel,2,128,459561500837
181,2628.261,5.728,0.256,11,conv_out_proj,gemm,nvjet_tst_64x8_64x16_4x1_v_bz_TNT,4,384,459561500838
182,2634.245,2.112,0.064,11,ffn_norm,fused_add_rmsnorm,FusedAddRMSNormKernel,1,32,459561500839
183,2636.421,4.96,0.096,11,moe_router,gemm,nvjet_tst_64x8_64x16_1x1_v_bz_TNT,1,384,459561500840
184,2641.477,2.144,0.064,11,moe_topk,topk_sigmoid,topkGatingSigmoid,1,32,459561500841
185,2643.685,4.384,0.128,11,moe_align,moe_align,moe_align_block_size_small_batch_expert_kernel,1,289,459561500842
186,2648.197,20.287,0.001,11,moe_up,fused_moe,fused_moe_kernel,448,128,459561500843
187,2668.485,1.408,-0.032,11,moe_activation,act_and_mul,act_and_mul_kernel,4,224,459561500844
188,2669.861,14.784,0.128,11,moe_down,fused_moe,fused_moe_kernel,256,128,459561500845
189,2684.773,1.024,0.288,11,moe_sum,moe_sum,triton_poi_fused_copy__mul_sum_0,8,128,459561500846
190,2686.085,2.4,0.16,12,operator_norm,fused_add_rmsnorm,FusedAddRMSNormKernel,1,32,459561500847
191,2688.645,8.608,0.128,12,conv_in_proj,gemm,nvjet_tst_64x8_64x16_4x1_v_bz_TNT,4,384,459561500848
192,2697.381,1.12,0.064,12,conv_b_gate_mul,mul,vectorized_elementwise_kernel,2,128,459561500849
193,2698.565,2.56,0.064,12,conv_kernel,conv_update,causal_conv1d_update_kernel,1,64,459561500850
194,2701.189,1.12,0.096,12,conv_c_gate_mul,mul,vectorized_elementwise_kernel,2,128,459561500851
195,2702.405,5.664,0.256,12,conv_out_proj,gemm,nvjet_tst_64x8_64x16_4x1_v_bz_TNT,4,384,459561500852
196,2708.325,2.016,0.064,12,ffn_norm,fused_add_rmsnorm,FusedAddRMSNormKernel,1,32,459561500853
197,2710.405,4.864,0.064,12,moe_router,gemm,nvjet_tst_64x8_64x16_1x1_v_bz_TNT,1,384,459561500854
198,2715.333,2.209,0.032,12,moe_topk,topk_sigmoid,topkGatingSigmoid,1,32,459561500855
199,2717.574,4.672,0.064,12,moe_align,moe_align,moe_align_block_size_small_batch_expert_kernel,1,289,459561500856
200,2722.31,20.032,-0.032,12,moe_up,fused_moe,fused_moe_kernel,448,128,459561500857
201,2742.31,1.44,-0.064,12,moe_activation,act_and_mul,act_and_mul_kernel,4,224,459561500858
202,2743.686,15.232,0.096,12,moe_down,fused_moe,fused_moe_kernel,256,128,459561500859
203,2759.014,1.12,0.256,12,moe_sum,moe_sum,triton_poi_fused_copy__mul_sum_0,8,128,459561500860
204,2760.39,2.432,0.096,13,operator_norm,fused_add_rmsnorm,FusedAddRMSNormKernel,1,32,459561500861
205,2762.918,9.056,0.064,13,conv_in_proj,gemm,nvjet_tst_64x8_64x16_4x1_v_bz_TNT,4,384,459561500862
206,2772.038,1.056,0.16,13,conv_b_gate_mul,mul,vectorized_elementwise_kernel,2,128,459561500863
207,2773.254,2.56,0.096,13,conv_kernel,conv_update,causal_conv1d_update_kernel,1,64,459561500864
208,2775.91,1.056,0.16,13,conv_c_gate_mul,mul,vectorized_elementwise_kernel,2,128,459561500865
209,2777.126,5.632,0.224,13,conv_out_proj,gemm,nvjet_tst_64x8_64x16_4x1_v_bz_TNT,4,384,459561500866
210,2782.982,2.048,0.128,13,ffn_norm,fused_add_rmsnorm,FusedAddRMSNormKernel,1,32,459561500867
211,2785.158,5.152,0.128,13,moe_router,gemm,nvjet_tst_64x8_64x16_1x1_v_bz_TNT,1,384,459561500868
212,2790.438,2.144,0.128,13,moe_topk,topk_sigmoid,topkGatingSigmoid,1,32,459561500869
213,2792.71,4.384,0.096,13,moe_align,moe_align,moe_align_block_size_small_batch_expert_kernel,1,289,459561500870
214,2797.19,19.327,0.001,13,moe_up,fused_moe,fused_moe_kernel,448,128,459561500871
215,2816.518,1.44,-0.032,13,moe_activation,act_and_mul,act_and_mul_kernel,4,224,459561500872
216,2817.926,14.464,0.128,13,moe_down,fused_moe,fused_moe_kernel,256,128,459561500873
217,2832.518,1.056,0.288,13,moe_sum,moe_sum,triton_poi_fused_copy__mul_sum_0,8,128,459561500874
218,2833.862,2.144,0.16,14,operator_norm,fused_add_rmsnorm,FusedAddRMSNormKernel,1,32,459561500875
219,2836.166,6.144,-0.16,14,attn_qkv_proj,gemm,nvjet_tst_64x8_64x16_4x1_v_bz_TNT,4,384,459561500876
220,2842.15,1.888,0.288,14,attn_q_norm,rmsnorm,RMSNormKernel,32,32,459561500877
221,2844.326,1.76,0.096,14,attn_k_norm,rmsnorm,RMSNormKernel,8,32,459561500878
222,2846.182,1.664,0.288,14,attn_rope,rope,BatchQKApplyRotaryPosIdsCosSinCacheHeadParallelismKernel,1,8,459561500879
223,2848.134,1.12,0.064,14,attn_store_kv,store_kv,store_kvcache,1,128,459561500880
224,2849.318,3.52,-0.384,14,attn_prepare,attention_prepare,prepare_varlen_num_blocks_kernel,1,32,459561500881
225,2852.454,8.096,0.544,14,attn_kernel,attention,device_kernel,132,512,459561500882
226,2861.094,0.992,0.096,14,attn_combine,attention_combine,device_kernel,2,256,459561500883
227,2862.182,5.6,0.256,14,attn_out_proj,gemm,nvjet_tst_64x8_64x16_4x1_v_bz_TNT,4,384,459561500884
228,2868.038,2.112,0.064,14,ffn_norm,fused_add_rmsnorm,FusedAddRMSNormKernel,1,32,459561500885
229,2870.214,5.024,0.064,14,moe_router,gemm,nvjet_tst_64x8_64x16_1x1_v_bz_TNT,1,384,459561500886
230,2875.302,2.208,0.032,14,moe_topk,topk_sigmoid,topkGatingSigmoid,1,32,459561500887
231,2877.542,4.576,0.064,14,moe_align,moe_align,moe_align_block_size_small_batch_expert_kernel,1,289,459561500888
232,2882.182,19.839,0.001,14,moe_up,fused_moe,fused_moe_kernel,448,128,459561500889
233,2902.022,1.439,0.001,14,moe_activation,act_and_mul,act_and_mul_kernel,4,224,459561500890
234,2903.462,14.496,0.128,14,moe_down,fused_moe,fused_moe_kernel,256,128,459561500891
235,2918.086,1.024,0.288,14,moe_sum,moe_sum,triton_poi_fused_copy__mul_sum_0,8,128,459561500892
236,2919.398,2.528,0.128,15,operator_norm,fused_add_rmsnorm,FusedAddRMSNormKernel,1,32,459561500893
237,2922.054,8.864,0.128,15,conv_in_proj,gemm,nvjet_tst_64x8_64x16_4x1_v_bz_TNT,4,384,459561500894
238,2931.046,1.056,0.128,15,conv_b_gate_mul,mul,vectorized_elementwise_kernel,2,128,459561500895
239,2932.23,2.752,0.064,15,conv_kernel,conv_update,causal_conv1d_update_kernel,1,64,459561500896
240,2935.046,0.992,0.096,15,conv_c_gate_mul,mul,vectorized_elementwise_kernel,2,128,459561500897
241,2936.134,5.6,0.256,15,conv_out_proj,gemm,nvjet_tst_64x8_64x16_4x1_v_bz_TNT,4,384,459561500898
242,2941.99,2.048,0.064,15,ffn_norm,fused_add_rmsnorm,FusedAddRMSNormKernel,1,32,459561500899
243,2944.102,5.184,0.064,15,moe_router,gemm,nvjet_tst_64x8_64x16_1x1_v_bz_TNT,1,384,459561500900
244,2949.35,2.4,0.064,15,moe_topk,topk_sigmoid,topkGatingSigmoid,1,32,459561500901
245,2951.814,4.448,0.064,15,moe_align,moe_align,moe_align_block_size_small_batch_expert_kernel,1,289,459561500902
246,2956.326,20.287,0.001,15,moe_up,fused_moe,fused_moe_kernel,448,128,459561500903
247,2976.614,1.375,0.001,15,moe_activation,act_and_mul,act_and_mul_kernel,4,224,459561500904
248,2977.99,14.464,0.128,15,moe_down,fused_moe,fused_moe_kernel,256,128,459561500905
249,2992.582,1.024,0.288,15,moe_sum,moe_sum,triton_poi_fused_copy__mul_sum_0,8,128,459561500906
250,2993.894,2.24,0.16,16,operator_norm,fused_add_rmsnorm,FusedAddRMSNormKernel,1,32,459561500907
251,2996.294,8.64,0.096,16,conv_in_proj,gemm,nvjet_tst_64x8_64x16_4x1_v_bz_TNT,4,384,459561500908
252,3005.03,1.056,0.128,16,conv_b_gate_mul,mul,vectorized_elementwise_kernel,2,128,459561500909
253,3006.214,2.528,0.096,16,conv_kernel,conv_update,causal_conv1d_update_kernel,1,64,459561500910
254,3008.838,1.056,0.16,16,conv_c_gate_mul,mul,vectorized_elementwise_kernel,2,128,459561500911
255,3010.054,5.632,0.256,16,conv_out_proj,gemm,nvjet_tst_64x8_64x16_4x1_v_bz_TNT,4,384,459561500912
256,3015.942,1.952,0.096,16,ffn_norm,fused_add_rmsnorm,FusedAddRMSNormKernel,1,32,459561500913
257,3017.99,4.928,0.128,16,moe_router,gemm,nvjet_tst_64x8_64x16_1x1_v_bz_TNT,1,384,459561500914
258,3023.046,2.272,0.096,16,moe_topk,topk_sigmoid,topkGatingSigmoid,1,32,459561500915
259,3025.414,4.608,0.096,16,moe_align,moe_align,moe_align_block_size_small_batch_expert_kernel,1,289,459561500916
260,3030.118,20.448,-0.064,16,moe_up,fused_moe,fused_moe_kernel,448,128,459561500917
261,3050.502,1.44,-0.064,16,moe_activation,act_and_mul,act_and_mul_kernel,4,224,459561500918
262,3051.878,15.616,0.096,16,moe_down,fused_moe,fused_moe_kernel,256,128,459561500919
263,3067.59,1.088,0.256,16,moe_sum,moe_sum,triton_poi_fused_copy__mul_sum_0,8,128,459561500920
264,3068.934,2.272,0.096,17,operator_norm,fused_add_rmsnorm,FusedAddRMSNormKernel,1,32,459561500921
265,3071.302,8.992,0.064,17,conv_in_proj,gemm,nvjet_tst_64x8_64x16_4x1_v_bz_TNT,4,384,459561500922
266,3080.358,1.12,0.096,17,conv_b_gate_mul,mul,vectorized_elementwise_kernel,2,128,459561500923
267,3081.574,2.56,0.032,17,conv_kernel,conv_update,causal_conv1d_update_kernel,1,64,459561500924
268,3084.166,1.12,0.096,17,conv_c_gate_mul,mul,vectorized_elementwise_kernel,2,128,459561500925
269,3085.382,5.664,0.224,17,conv_out_proj,gemm,nvjet_tst_64x8_64x16_4x1_v_bz_TNT,4,384,459561500926
270,3091.27,2.336,0.032,17,ffn_norm,fused_add_rmsnorm,FusedAddRMSNormKernel,1,32,459561500927
271,3093.638,5.216,0.096,17,moe_router,gemm,nvjet_tst_64x8_64x16_1x1_v_bz_TNT,1,384,459561500928
272,3098.95,2.304,0.064,17,moe_topk,topk_sigmoid,topkGatingSigmoid,1,32,459561500929
273,3101.318,4.416,0.064,17,moe_align,moe_align,moe_align_block_size_small_batch_expert_kernel,1,289,459561500930
274,3105.798,19.744,-0.032,17,moe_up,fused_moe,fused_moe_kernel,448,128,459561500931
275,3125.51,1.407,0.001,17,moe_activation,act_and_mul,act_and_mul_kernel,4,224,459561500932
276,3126.918,14.496,0.128,17,moe_down,fused_moe,fused_moe_kernel,256,128,459561500933
277,3141.542,1.024,0.48,17,moe_sum,moe_sum,triton_poi_fused_copy__mul_sum_0,8,128,459561500934
278,3143.046,2.336,0.16,18,operator_norm,fused_add_rmsnorm,FusedAddRMSNormKernel,1,32,459561500935
279,3145.542,5.952,-0.128,18,attn_qkv_proj,gemm,nvjet_tst_64x8_64x16_4x1_v_bz_TNT,4,384,459561500936
280,3151.366,1.824,0.288,18,attn_q_norm,rmsnorm,RMSNormKernel,32,32,459561500937
281,3153.478,1.696,0.128,18,attn_k_norm,rmsnorm,RMSNormKernel,8,32,459561500938
282,3155.302,2.272,0.256,18,attn_rope,rope,BatchQKApplyRotaryPosIdsCosSinCacheHeadParallelismKernel,1,8,459561500939
283,3157.83,1.056,0.128,18,attn_store_kv,store_kv,store_kvcache,1,128,459561500940
284,3159.014,3.232,-0.128,18,attn_prepare,attention_prepare,prepare_varlen_num_blocks_kernel,1,32,459561500941
285,3162.118,8.128,0.544,18,attn_kernel,attention,device_kernel,132,512,459561500942
286,3170.79,0.96,0.096,18,attn_combine,attention_combine,device_kernel,2,256,459561500943
287,3171.846,5.568,0.256,18,attn_out_proj,gemm,nvjet_tst_64x8_64x16_4x1_v_bz_TNT,4,384,459561500944
288,3177.67,2.08,0.064,18,ffn_norm,fused_add_rmsnorm,FusedAddRMSNormKernel,1,32,459561500945
289,3179.814,4.864,0.096,18,moe_router,gemm,nvjet_tst_64x8_64x16_1x1_v_bz_TNT,1,384,459561500946
290,3184.774,2.368,0.064,18,moe_topk,topk_sigmoid,topkGatingSigmoid,1,32,459561500947
291,3187.206,4.544,0.064,18,moe_align,moe_align,moe_align_block_size_small_batch_expert_kernel,1,289,459561500948
292,3191.814,20.769,-0.064,18,moe_up,fused_moe,fused_moe_kernel,448,128,459561500949
293,3212.519,1.471,0.001,18,moe_activation,act_and_mul,act_and_mul_kernel,4,224,459561500950
294,3213.991,14.656,0.128,18,moe_down,fused_moe,fused_moe_kernel,256,128,459561500951
295,3228.775,1.056,0.256,18,moe_sum,moe_sum,triton_poi_fused_copy__mul_sum_0,8,128,459561500952
296,3230.087,2.432,0.16,19,operator_norm,fused_add_rmsnorm,FusedAddRMSNormKernel,1,32,459561500953
297,3232.679,8.832,0.128,19,conv_in_proj,gemm,nvjet_tst_64x8_64x16_4x1_v_bz_TNT,4,384,459561500954
298,3241.639,1.056,0.128,19,conv_b_gate_mul,mul,vectorized_elementwise_kernel,2,128,459561500955
299,3242.823,2.848,0.096,19,conv_kernel,conv_update,causal_conv1d_update_kernel,1,64,459561500956
300,3245.767,1.024,0.096,19,conv_c_gate_mul,mul,vectorized_elementwise_kernel,2,128,459561500957
301,3246.887,5.664,0.224,19,conv_out_proj,gemm,nvjet_tst_64x8_64x16_4x1_v_bz_TNT,4,384,459561500958
302,3252.775,2.144,0.064,19,ffn_norm,fused_add_rmsnorm,FusedAddRMSNormKernel,1,32,459561500959
303,3254.983,6.048,0.064,19,moe_router,gemm,nvjet_tst_64x8_64x16_1x1_v_bz_TNT,1,384,459561500960
304,3261.095,2.272,0.064,19,moe_topk,topk_sigmoid,topkGatingSigmoid,1,32,459561500961
305,3263.431,4.416,0.064,19,moe_align,moe_align,moe_align_block_size_small_batch_expert_kernel,1,289,459561500962
306,3267.911,20.0,-0.064,19,moe_up,fused_moe,fused_moe_kernel,448,128,459561500963
307,3287.847,1.44,-0.032,19,moe_activation,act_and_mul,act_and_mul_kernel,4,224,459561500964
308,3289.255,14.656,0.064,19,moe_down,fused_moe,fused_moe_kernel,256,128,459561500965
309,3303.975,1.088,0.288,19,moe_sum,moe_sum,triton_poi_fused_copy__mul_sum_0,8,128,459561500966
310,3305.351,2.4,0.096,20,operator_norm,fused_add_rmsnorm,FusedAddRMSNormKernel,1,32,459561500967
311,3307.847,8.736,0.064,20,conv_in_proj,gemm,nvjet_tst_64x8_64x16_4x1_v_bz_TNT,4,384,459561500968
312,3316.647,1.12,0.064,20,conv_b_gate_mul,mul,vectorized_elementwise_kernel,2,128,459561500969
313,3317.831,2.752,0.032,20,conv_kernel,conv_update,causal_conv1d_update_kernel,1,64,459561500970
314,3320.615,1.056,0.16,20,conv_c_gate_mul,mul,vectorized_elementwise_kernel,2,128,459561500971
315,3321.831,5.536,0.224,20,conv_out_proj,gemm,nvjet_tst_64x8_64x16_4x1_v_bz_TNT,4,384,459561500972
316,3327.591,2.176,0.096,20,ffn_norm,fused_add_rmsnorm,FusedAddRMSNormKernel,1,32,459561500973
317,3329.863,5.024,0.096,20,moe_router,gemm,nvjet_tst_64x8_64x16_1x1_v_bz_TNT,1,384,459561500974
318,3334.983,2.624,0.096,20,moe_topk,topk_sigmoid,topkGatingSigmoid,1,32,459561500975
319,3337.703,4.576,0.128,20,moe_align,moe_align,moe_align_block_size_small_batch_expert_kernel,1,289,459561500976
320,3342.407,20.576,0.032,20,moe_up,fused_moe,fused_moe_kernel,448,128,459561500977
321,3363.015,1.44,-0.032,20,moe_activation,act_and_mul,act_and_mul_kernel,4,224,459561500978
322,3364.423,14.4,0.128,20,moe_down,fused_moe,fused_moe_kernel,256,128,459561500979
323,3378.951,1.024,0.288,20,moe_sum,moe_sum,triton_poi_fused_copy__mul_sum_0,8,128,459561500980
324,3380.263,2.24,0.16,21,operator_norm,fused_add_rmsnorm,FusedAddRMSNormKernel,1,32,459561500981
325,3382.663,5.92,-0.128,21,attn_qkv_proj,gemm,nvjet_tst_64x8_64x16_4x1_v_bz_TNT,4,384,459561500982
326,3388.455,1.92,0.32,21,attn_q_norm,rmsnorm,RMSNormKernel,32,32,459561500983
327,3390.695,1.792,0.064,21,attn_k_norm,rmsnorm,RMSNormKernel,8,32,459561500984
328,3392.551,1.696,0.256,21,attn_rope,rope,BatchQKApplyRotaryPosIdsCosSinCacheHeadParallelismKernel,1,8,459561500985
329,3394.503,1.12,0.096,21,attn_store_kv,store_kv,store_kvcache,1,128,459561500986
330,3395.719,3.264,-0.192,21,attn_prepare,attention_prepare,prepare_varlen_num_blocks_kernel,1,32,459561500987
331,3398.791,8.096,0.768,21,attn_kernel,attention,device_kernel,132,512,459561500988
332,3407.655,0.96,0.128,21,attn_combine,attention_combine,device_kernel,2,256,459561500989
333,3408.743,5.536,0.48,21,attn_out_proj,gemm,nvjet_tst_64x8_64x16_4x1_v_bz_TNT,4,384,459561500990
334,3414.759,1.984,0.064,21,ffn_norm,fused_add_rmsnorm,FusedAddRMSNormKernel,1,32,459561500991
335,3416.807,5.056,0.064,21,moe_router,gemm,nvjet_tst_64x8_64x16_1x1_v_bz_TNT,1,384,459561500992
336,3421.927,2.144,0.064,21,moe_topk,topk_sigmoid,topkGatingSigmoid,1,32,459561500993
337,3424.135,4.448,0.064,21,moe_align,moe_align,moe_align_block_size_small_batch_expert_kernel,1,289,459561500994
338,3428.647,20.576,-0.064,21,moe_up,fused_moe,fused_moe_kernel,448,128,459561500995
339,3449.159,1.472,-0.064,21,moe_activation,act_and_mul,act_and_mul_kernel,4,224,459561500996
340,3450.567,15.424,0.128,21,moe_down,fused_moe,fused_moe_kernel,256,128,459561500997
341,3466.119,1.024,0.256,21,moe_sum,moe_sum,triton_poi_fused_copy__mul_sum_0,8,128,459561500998
342,3467.399,2.24,0.16,22,operator_norm,fused_add_rmsnorm,FusedAddRMSNormKernel,1,32,459561500999
343,3469.799,8.736,0.128,22,conv_in_proj,gemm,nvjet_tst_64x8_64x16_4x1_v_bz_TNT,4,384,459561501000
344,3478.663,1.056,0.128,22,conv_b_gate_mul,mul,vectorized_elementwise_kernel,2,128,459561501001
345,3479.847,2.592,0.128,22,conv_kernel,conv_update,causal_conv1d_update_kernel,1,64,459561501002
346,3482.567,0.96,0.16,22,conv_c_gate_mul,mul,vectorized_elementwise_kernel,2,128,459561501003
347,3483.687,5.568,0.256,22,conv_out_proj,gemm,nvjet_tst_64x8_64x16_4x1_v_bz_TNT,4,384,459561501004
348,3489.511,2.208,0.128,22,ffn_norm,fused_add_rmsnorm,FusedAddRMSNormKernel,1,32,459561501005
349,3491.847,5.056,0.128,22,moe_router,gemm,nvjet_tst_64x8_64x16_1x1_v_bz_TNT,1,384,459561501006
350,3497.031,2.112,0.128,22,moe_topk,topk_sigmoid,topkGatingSigmoid,1,32,459561501007
351,3499.271,4.384,0.096,22,moe_align,moe_align,moe_align_block_size_small_batch_expert_kernel,1,289,459561501008
352,3503.751,20.095,0.001,22,moe_up,fused_moe,fused_moe_kernel,448,128,459561501009
353,3523.847,1.44,-0.032,22,moe_activation,act_and_mul,act_and_mul_kernel,4,224,459561501010
354,3525.255,14.656,0.096,22,moe_down,fused_moe,fused_moe_kernel,256,128,459561501011
355,3540.007,1.056,0.288,22,moe_sum,moe_sum,triton_poi_fused_copy__mul_sum_0,8,128,459561501012
356,3541.351,2.464,0.096,23,operator_norm,fused_add_rmsnorm,FusedAddRMSNormKernel,1,32,459561501013
357,3543.911,8.704,0.064,23,conv_in_proj,gemm,nvjet_tst_64x8_64x16_4x1_v_bz_TNT,4,384,459561501014
358,3552.679,1.12,0.064,23,conv_b_gate_mul,mul,vectorized_elementwise_kernel,2,128,459561501015
359,3553.863,2.496,0.032,23,conv_kernel,conv_update,causal_conv1d_update_kernel,1,64,459561501016
360,3556.391,1.12,0.096,23,conv_c_gate_mul,mul,vectorized_elementwise_kernel,2,128,459561501017
361,3557.607,5.664,0.256,23,conv_out_proj,gemm,nvjet_tst_64x8_64x16_4x1_v_bz_TNT,4,384,459561501018
362,3563.527,1.984,0.064,23,ffn_norm,fused_add_rmsnorm,FusedAddRMSNormKernel,1,32,459561501019
363,3565.575,5.28,0.064,23,moe_router,gemm,nvjet_tst_64x8_64x16_1x1_v_bz_TNT,1,384,459561501020
364,3570.919,2.208,0.064,23,moe_topk,topk_sigmoid,topkGatingSigmoid,1,32,459561501021
365,3573.191,4.64,0.064,23,moe_align,moe_align,moe_align_block_size_small_batch_expert_kernel,1,289,459561501022
366,3577.895,19.648,-0.032,23,moe_up,fused_moe,fused_moe_kernel,448,128,459561501023
367,3597.511,1.568,-0.192,23,moe_activation,act_and_mul,act_and_mul_kernel,4,224,459561501024
368,3598.887,14.272,0.128,23,moe_down,fused_moe,fused_moe_kernel,256,128,459561501025
369,3613.287,1.024,-0.128,23,moe_sum,moe_sum,triton_poi_fused_copy__mul_sum_0,8,128,459561501026
370,3614.183,2.528,4.544,24,final_norm,fused_add_rmsnorm,FusedAddRMSNormKernel,1,32,459561501027
371,3621.255,122.017,0.256,24,lm_head,gemm,nvjet_tst_256x8_64x6_2x1_v_bz_TNT,2,384,459561501029
372,3743.528,4.096,1.504,,,copy,unrolled_elementwise_kernel,250,128,459561501030
373,3749.128,28.064,,,,argmax,reduce_kernel,1,512,
