model,config_id,hash,cap,chunk,policy,mem,is_cookbook,workload,request_throughput,output_throughput,total_throughput,input_throughput,ttft_p50_ms,ttft_p95_ms,ttft_p99_ms,ttft_mean_ms,tpot_p50_ms,tpot_p95_ms,tpot_mean_ms,e2e_p50_ms,e2e_p95_ms,e2e_p99_ms,e2e_mean_ms,n_rep,request_throughput_ci95,d_request_throughput,d_output_throughput,d_total_throughput,d_input_throughput,d_ttft_p50_ms,d_ttft_p95_ms,d_ttft_p99_ms,d_ttft_mean_ms,d_tpot_p50_ms,d_tpot_p95_ms,d_tpot_mean_ms,d_e2e_p50_ms,d_e2e_p95_ms,d_e2e_p99_ms,d_e2e_mean_ms,pareto_ttft_outthr,pareto_e2e_reqthr,pareto_full
qwen,69,cap24_chunk8192_polfcfs_mem0.8,24,8192,fcfs,0.8,0,R_short_decode,0.8866917262173334,226.99308191163732,315.6622545333707,88.66917262173334,46.93709313869476,49.46367512457073,49.77667643688619,47.22435370786116,4.229950350617953,4.233564103898757,4.229493895956479,1125.810677651316,1128.040898614563,1128.241683547385,1125.7452971767634,1,,0.05159372743937052,0.051593727439370296,0.051593727439370296,0.05159372743937052,-0.02782428378831825,0.8503543105049749,0.8891885395635203,0.5279656852344945,0.004807941223414214,0.006094878552648564,0.0054034202329014125,0.003591508025016399,0.2018914477618332,0.26377735408266045,0.04954247898534325,False,False,True
qwen,110,cap48_chunk2048_polfcfs_mem0.85,48,2048,fcfs,0.85,0,R_short_decode,0.8870116320895522,227.07497781492535,315.7761410238806,88.70116320895522,48.43602958135307,50.08385214023292,50.27726418338716,48.40207134839147,4.225611584443672,4.230931644674902,4.225896272178301,1126.1062962003052,1127.785113779828,1127.9129306133837,1126.0056207538582,1,,0.051973127628466065,0.05197312762846584,0.05197312762846584,0.051973127628466065,-0.06064786046502091,0.8484780484422791,0.8880741449667514,0.5161937265778653,0.005828734680458525,0.006712895580471723,0.0062494279097267125,0.0033298682675992897,0.20207241998046965,0.26399187846910444,0.04932268992438271,False,False,True
qwen,114,cap48_chunk8192_pollpm_mem0.85,48,8192,lpm,0.85,0,R_short_decode,0.8873204058280956,227.15402389199247,315.886064474802,88.73204058280956,46.28394404426217,48.55694032739848,48.687760843895376,46.06042889645323,4.2323235942817785,4.238342232271736,4.232922463686954,1125.7114883046595,1128.7508546374738,1129.0238342247903,1125.4556571366263,1,,0.05233932539150965,0.05233932539150965,0.05233932539150965,0.05233932539150987,-0.013521683109395388,0.8530975145546184,0.8916126533410715,0.5395997767075146,0.004249581656041057,0.004973127199819349,0.004597167328389551,0.0036792964154481744,0.2013891415295911,0.26326696960598084,0.04978701969559607,False,False,True
qwen,148,cap96_chunk-1_polfcfs_mem0.75,96,-1,fcfs,0.75,0,R_short_decode,0.8879165794090755,227.3066443287233,316.0983022696309,88.79165794090756,44.905054150149226,47.82293241005391,47.91691911872476,44.44917169166729,4.234554311808418,4.244595110672069,4.237061379449989,1126.140263164416,1127.5272395694628,1127.588700656779,1124.8998234514147,1,,0.053046372023035415,0.05304637202303519,0.05304637202303519,0.053046372023035415,0.016673124942559014,0.8553181566846099,0.8933286798708829,0.5557052102572703,0.0037247546051605296,0.003505151821779129,0.0036238708624000138,0.003299805511792875,0.20225487046869828,0.2642034514326086,0.050256305517058064,True,True,True
qwen,173,cap128_chunk-1_polfcfs_mem0.8,128,-1,fcfs,0.8,0,R_short_decode,0.8870745101727322,227.09107460421944,315.7985256214927,88.70745101727323,47.54084022715688,51.7006964655593,52.56738031748682,47.3023863742128,4.228838468335715,4.234524201145213,4.229561245872402,1127.1682337392122,1129.645588318817,1130.2807026496157,1125.8405040716752,1,,0.052047699428236394,0.052047699428236394,0.05204769942823617,0.052047699428236394,-0.04104508374186877,0.8435865036215549,0.8829759517655542,0.5271857042861372,0.005069536827583931,0.005869478500370673,0.005387582405096958,0.002389991250336121,0.20075610189075122,0.2624468128870894,0.04946209658485867,False,False,True
qwen,189,cap128_chunk8192_polfcfs_mem0.8,128,8192,fcfs,0.8,0,R_short_decode,0.8871285346863312,227.1049048797008,315.81775834833394,88.71285346863313,45.20588973537088,55.35615265835076,58.47455380950123,46.7523920815438,4.228581310085514,4.236679020447328,4.230067323135468,1123.9256793633103,1133.4875287953764,1136.6816212702545,1125.419559481088,1,,0.05211177112074106,0.05211177112074106,0.05211177112074106,0.05211177112074106,0.010085454099696745,0.8325274130664859,0.8698255655092169,0.5326832105235118,0.0051300391567451475,0.0053635960128011195,0.005268574616618005,0.005259842087583122,0.1980378621927953,0.25826995848443035,0.04981749665009305,False,False,True
qwen,191,cap128_chunk8192_polfcfs_mem0.9,128,8192,fcfs,0.9,0,R_short_decode,0.885229767093624,226.61882037596772,315.1417970853301,88.52297670936241,44.5587441790849,45.64812157768756,45.73133873287589,44.638029066845775,4.248107790800871,4.2545207235596925,4.249250116831093,1128.3650961704552,1129.6204451937228,1129.6338892076164,1128.1968088587746,1,,0.04985988127975394,0.04985988127975394,0.049859881279753715,0.04985988127975416,0.024256589835158104,0.8618977540499712,0.8981941584804144,0.5538174732173466,0.0005359903067536642,0.0011749361357977772,0.0007575996703513832,0.0013306977883977833,0.20077389108899069,0.2628688844260404,0.04747268777958269,True,False,True
qwen,4,cap8_chunk-1_polfcfs_mem0.75,8,-1,fcfs,0.75,0,R_medium_balanced,4.640977936552923,1188.0903517575482,4900.872700999887,3712.7823492423386,100.41062370873988,121.6965647181496,121.85558814089744,107.68914880463852,6.372565138792875,6.673978293752845,6.317359360857118,1718.7312163878232,1798.5297972336411,1798.6124550923705,1718.6157858232036,1,,0.00664387834779423,0.00664387834779423,0.006643878347794452,0.006643878347794452,0.17443474151332383,0.014808660490621461,0.014764858883317689,0.08373437693509633,0.00025882009973388076,0.004317811357564594,0.00096061006049597,0.006534813854129462,0.0133758655619165,0.013526302865841555,0.006583966850188361,True,True,True
qwen,16,cap8_chunk8192_pollpm_mem0.75,8,8192,lpm,0.75,0,R_medium_balanced,4.62342974170644,1183.5980138768489,4882.341807242,3698.743793365152,107.09746251814067,128.0508182244375,128.1646771589294,114.46113072452135,6.361205393777174,6.673452847491147,6.311921658126783,1724.2490435019135,1805.6354911532253,1805.6679486762728,1724.0011535468511,1,,0.0028376152800180243,0.0028376152800182464,0.0028376152800180243,0.0028376152800180243,0.11945627801772063,-0.03663203167633089,-0.03624581944364724,0.02611544037480995,0.002040960358485999,0.004396202005665928,0.0018205388548030443,0.0033453860432229865,0.009477876702474242,0.009656620533156413,0.00347104848576385,False,False,True
qwen,23,cap8_chunk8192_polfcfs_mem0.9,8,8192,fcfs,0.9,0,R_medium_balanced,4.628316156495314,1184.8489360628005,4887.501861259052,3702.652925196252,110.57975701987743,121.92089355085044,121.94650110322982,113.41468381579034,6.363112766149581,6.669095972114626,6.311972900385073,1723.0658831540495,1809.234835789539,1809.6246135653928,1722.967773413984,1,,0.003897495245304361,0.003897495245304361,0.003897495245304361,0.003897495245304583,0.09082523028324851,0.01299261232450466,0.014029803178122524,0.035019061022533604,0.0017417278415060578,0.005046198607332686,0.0018124353052759723,0.004029279257021345,0.007503374922292805,0.007486533347092372,0.004068375940100566,False,False,True
qwen,50,cap24_chunk-1_pollpm_mem0.85,24,-1,lpm,0.85,0,R_medium_balanced,4.622250401244086,1183.296102718486,4881.096423713755,3697.800320995269,106.93053505383432,134.32648906018585,134.48410432320088,116.49142982787453,6.349357477772761,6.670331393879857,6.309720196683581,1725.3682299051434,1802.14698438067,1802.302097924985,1725.4700799821876,1,,0.002581812327893118,0.002581812327893118,0.0025818123278933403,0.0025818123278933403,0.12082873752577372,-0.08743655990036192,-0.08734008445813757,0.008840781845222967,0.0038996858901413356,0.004861887632235162,0.0021686822121081972,0.002698471204058417,0.011391575869565074,0.011502667593057514,0.0026219610489917056,False,False,True
qwen,67,cap24_chunk8192_pollpm_mem0.9,24,8192,lpm,0.9,0,R_medium_balanced,4.618709031530586,1182.38951207183,4877.356737296299,3694.9672252244686,113.08442708104847,128.2989294268191,128.44494665041566,117.32740545994602,6.363660567348786,6.667392712323835,6.310309190074822,1726.517345989123,1809.4428167678416,1809.7801235504448,1726.4562489290256,1,,0.0018136772081409624,0.0018136772081409624,0.0018136772081411845,0.0018136772081409624,0.07023210467462304,-0.03864060939081049,-0.038511873518047635,0.0017279413976061253,0.0016557876580295394,0.005300305732300226,0.0020755376615687604,0.0020342563382381718,0.007389282260045538,0.007401241760535582,0.0020519232015189237,False,False,True
qwen,89,cap32_chunk8192_pollpm_mem0.8,32,8192,lpm,0.8,0,R_medium_balanced,4.6170943642876585,1181.9761572576406,4875.651648687767,3693.675491430127,108.05672756396234,129.40802227240056,129.61491418536752,115.81738607492298,6.360397933452737,6.666458446495965,6.312994458872423,1725.408723577857,1805.4261551005768,1805.6344842305407,1725.6309730873909,1,,0.0014634503986448166,0.0014634503986448166,0.0014634503986448166,0.0014634503986448166,0.11156930484436234,-0.0476192413572043,-0.04797137510501992,0.014575836176384582,0.002167636401789408,0.005439687642657676,0.0016508840764012378,0.002675064953146955,0.00959271272135409,0.009674974567907224,0.00252895958138577,False,False,True
qwen,103,cap48_chunk-1_polfcfs_mem0.9,48,-1,fcfs,0.9,0,R_medium_balanced,4.611690727508957,1180.592826242293,4869.945408249459,3689.3525820071663,105.6834962219,133.36322223767638,133.4903477691114,116.44820007495582,6.366568432171263,6.673427680324689,6.315892753556517,1727.3874606471509,1804.41300815437,1804.4637535931545,1727.0008522318676,1,,0.0002913832269282324,0.0002913832269282324,0.0002913832269284544,0.0002913832269284544,0.13108175555915502,-0.07963845866906638,-0.079305295953634,0.009208599187384814,0.0011995958192178025,0.004399956662675231,0.0011925421668048664,0.001531310553310461,0.010148497357448272,0.010317077860887647,0.0017371247124020606,False,False,True
qwen,147,cap96_chunk-1_pollpm_mem0.9,96,-1,lpm,0.9,0,R_medium_balanced,4.619687238182929,1182.63993297483,4878.389723521173,3695.749790546344,106.40700347721577,133.47671017982066,133.5732669103891,116.37249935301952,6.354330052786013,6.673457562083415,6.312877377586476,1725.9662901051342,1803.7122641690075,1804.0452224202452,1726.1562306375708,1,,0.002025853553687673,0.002025853553687673,0.002025853553687895,0.002025853553687895,0.12513315737113528,-0.08055719732038513,-0.07997571946973547,0.009852693508134447,0.003119578052462546,0.0043954986417439335,0.0016693995367074166,0.002352778996780547,0.01053290629472814,0.010546627029379696,0.0022253435689029155,False,False,True
qwen,24,cap16_chunk-1_pollpm_mem0.75,16,-1,lpm,0.75,0,R_long_prefill,9.029943161057767,288.95818115384856,36408.73082538492,36119.77264423107,244.75605390034616,245.21482985001057,245.2622150396928,211.53143781702963,6.112276035691461,9.789811393185968,7.19297330285753,434.557180153206,434.91231659427285,434.9353283829987,434.5136102056131,1,,-0.02006639787737652,-0.02006639787737652,-0.02006639787737663,-0.02006639787737685,-0.037363265736528595,-0.038107911639057024,-0.03821630929825126,-0.05943470984278987,0.00037782495488436485,0.032269194609872875,0.013494114902200538,-0.020802081980919818,-0.02094210605341118,-0.02092180545173994,-0.02071167605382529,False,False,True
qwen,145,cap96_chunk-1_pollpm_mem0.8,96,-1,lpm,0.8,0,R_long_prefill,9.259137515185612,296.2924004859396,37332.84246122839,37036.550060742455,232.83372353762388,233.10356575530025,233.12718567904085,198.92672391142696,6.13289943806106,9.872419512530248,7.231581636944846,423.1243196409196,423.3853727113456,423.39381284080446,423.1057546567172,1,,0.0048058792810499185,0.0048058792810499185,0.0048058792810499185,0.0048058792810499185,0.013167813528619843,0.013164676908540951,0.013152326486119414,0.003694778412210553,-0.002994995613615492,0.024103314936190223,0.00819903772238828,0.006054424704402428,0.006117008888081421,0.006169543804235622,0.006086405948677265,True,True,True
qwen,1,cap8_chunk-1_pollpm_mem0.8,8,-1,lpm,0.8,0,R_concurrent_decode,4.518206385288275,1156.6608346337985,2060.3021116914533,903.641277057655,2681.8286913912743,5200.156892556697,5200.310998042114,2667.0947152742883,6.570645022203564,7.326899785913673,6.673567279952873,4302.232684800401,7068.481342121959,7068.646219209768,4368.651694749133,1,,-0.6257319877588404,-0.6257319877588404,-0.6257319877588405,-0.6257319877588405,-17.79287255492999,-34.94321528418776,-34.1982381205992,-17.837235367220377,0.3288173900994582,0.2521684870120744,0.3188018293618863,-0.6301227346899627,-1.6760756733416349,-1.6759419555493582,-0.655127171129771,False,False,True
qwen,4,cap8_chunk-1_polfcfs_mem0.75,8,-1,fcfs,0.75,0,R_concurrent_decode,4.52841254360845,1159.2736111637632,2064.956119885453,905.68250872169,2663.249972043559,5178.431419562548,5178.628810476512,2651.7494293220807,6.575602243702024,7.339374264884813,6.680211579077428,4285.598143236712,7049.95514578186,7050.195605852641,4355.000390132773,1,,-0.6248865552439495,-0.6248865552439495,-0.6248865552439495,-0.6248865552439495,-17.66268247006133,-34.79304993935033,-34.05148251286787,-17.728854228146616,0.3283110165467936,0.25089525975971605,0.3181236187109777,-0.6238198807137199,-1.669061790027004,-1.6689571993659498,-0.6499551760222042,False,False,True
qwen,8,cap8_chunk2048_pollpm_mem0.75,8,2048,lpm,0.75,0,R_concurrent_decode,4.517790333100812,1156.5543252738078,2060.1123918939697,903.5580666201622,2687.7944639418274,5198.999478924088,5199.128949525766,2671.236185866292,6.585456368597378,7.3220960707312415,6.67375874277341,4304.218253353611,7066.147042601369,7066.193212629296,4372.84220874426,1,,-0.6257664516615293,-0.6257664516615293,-0.6257664516615293,-0.6257664516615293,-17.834677612648303,-34.935215301066236,-34.190237440416,-17.86648586809731,0.32730443085494754,0.2526587857329259,0.3187822859726277,-0.630875069739461,-1.6751919245052167,-1.6750133331480725,-0.6567148082450556,False,False,True
qwen,13,cap8_chunk2048_polfcfs_mem0.8,8,2048,fcfs,0.8,0,R_concurrent_decode,4.528170789605439,1159.2117221389924,2064.84588006008,905.6341579210878,2658.420313615352,5184.190357872285,5184.3054529465735,2650.456687828409,6.569585616040934,7.327480302374883,6.674925371437144,4280.214105034247,7052.431534440257,7052.707069432363,4352.359829703346,1,,-0.6249065810644727,-0.6249065810644727,-0.6249065810644727,-0.6249065810644727,-17.628838714262727,-34.83285542286786,-34.089904794431796,-17.719723815324826,0.3289256070234856,0.2521092356893887,0.31866320343727417,-0.6217798601659508,-1.6699993327785116,-1.669907951540326,-0.6489547613361335,False,False,True
qwen,21,cap8_chunk8192_polfcfs_mem0.8,8,8192,fcfs,0.8,0,R_concurrent_decode,4.515517429422809,1155.9724619322392,2059.075947816801,903.103485884562,2683.6770940572023,5206.931731430814,5207.133153248578,2670.877258584369,6.568056915336562,7.316936084671932,6.675621285711444,4306.023596553132,7072.68634987995,7072.917513237335,4372.958303618361,1,,-0.6259547288381433,-0.6259547288381433,-0.6259547288381433,-0.6259547288381433,-17.80582520766373,-34.99004261982384,-34.244413790389565,-17.863950825884306,0.3290817617579218,0.2531854477993498,0.31859216863524276,-0.6315591171188262,-1.6776676587233204,-1.6775589179122212,-0.6567587924749692,False,False,True
qwen,23,cap8_chunk8192_polfcfs_mem0.9,8,8192,fcfs,0.9,0,R_concurrent_decode,4.527119432576058,1158.942574739471,2064.3664612546827,905.4238865152116,2666.066953446716,5181.247251643799,5181.42276242841,2655.056646530284,6.575789271521854,7.338001899256864,6.680299145825613,4287.852395325899,7052.375534852035,7052.6384530821815,4358.33005742461,1,,-0.6249936707792815,-0.6249936707792815,-0.6249936707792815,-0.6249936707792815,-17.68242242312734,-34.81251282495007,-34.07039334072749,-17.7522125395724,0.32829191190488805,0.25103533240898235,0.3181146804166337,-0.6246740203778272,-1.6699781317413294,-1.6698819757926944,-0.6512166688558316,False,False,True
qwen,24,cap16_chunk-1_pollpm_mem0.75,16,-1,lpm,0.75,0,R_concurrent_decode,6.720426505484983,1720.4291854041558,3064.5144865011525,1344.0853010969963,1658.5972232278436,2711.7451521568,2715.3690706472844,1658.576897229068,7.980737639773711,7.983687980849223,7.972779568996219,3691.448449390009,4747.175127826631,4747.595803732984,3691.385911864927,1,,-0.4433099209875542,-0.4433099209875542,-0.4433099209875542,-0.4433099209875544,-10.622594066555166,-17.743442133320528,-17.378940638345888,-10.714245920405926,0.18477831325631167,0.1851323702529024,0.18618594381811548,-0.3986956267024506,-0.7972460082713653,-0.7972735379900555,-0.3985351886021973,False,False,True
qwen,42,cap16_chunk8192_pollpm_mem0.85,16,8192,lpm,0.85,0,R_concurrent_decode,7.494953042493752,1918.7079788784008,3417.698587377151,1498.9906084987504,1169.378611491993,2220.7871098537,2225.117053645663,1169.306648953352,7.984534952351275,7.988657498020021,7.980498951784894,3204.371670493856,4257.601063349284,4257.765313554555,3204.0840716508683,1,,-0.37915160622393906,-0.37915160622393906,-0.37915160622393906,-0.3791516062239392,-7.194402306446111,-14.349965556630627,-14.060676165312659,-7.258613553034159,0.18439042285014828,0.1846251486921815,0.1853979950025103,-0.2141414686664791,-0.6118968249270524,-0.6118408654347864,-0.21391380593411946,False,False,True
qwen,43,cap16_chunk8192_pollpm_mem0.9,16,8192,lpm,0.9,0,R_concurrent_decode,7.504192439364109,1921.073264477212,3421.9117523500336,1500.8384878728218,1157.623332226649,2206.122224871069,2210.779437203892,1157.6214705273742,7.988062641565122,7.995561358573682,7.982156543570852,3193.322139326483,4244.8627611855045,4245.143482387066,3192.821334800101,1,,-0.37838625590434427,-0.37838625590434427,-0.3783862559043444,-0.37838625590434427,-7.1120273710930935,-14.248602630676794,-13.96363219279077,-7.176083129552191,0.18403007411034167,0.18392049534162958,0.1852287978632754,-0.20995478391852584,-0.6070741962901163,-0.607062682098187,-0.20964675443047232,False,False,True
qwen,51,cap24_chunk-1_pollpm_mem0.9,24,-1,lpm,0.9,0,R_concurrent_decode,7.524007904105378,1926.1460234509768,3430.947604272053,1504.8015808210755,125.79324189573526,2365.15503495466,2365.3032197011635,684.5735028909985,8.596173987961283,8.604371348781731,8.285268138886806,2318.1332929525524,4235.691461735405,4235.809611780569,2797.047785439645,1,,-0.37674483141685344,-0.37674483141685344,-0.37674483141685333,-0.37674483141685355,0.11850582745774407,-15.347829182526745,-15.00952442763641,-3.8350259652455074,0.1219123125808309,0.12178134926312556,0.1542889638035091,0.1216556472563316,-0.6036020089611229,-0.6035292055046468,-0.059702194659708496,False,False,True
qwen,55,cap24_chunk-1_polfcfs_mem0.9,24,-1,fcfs,0.9,0,R_concurrent_decode,7.524938440166508,1926.384240682626,3431.371928715928,1504.9876880333018,124.86831145361066,2364.4585005240515,2364.696216620505,684.3030635645846,8.591411785021716,8.594688546807305,8.279419867123645,2315.469905501232,4236.016898998059,4236.290547531098,2795.285943779163,1,,-0.376667749970762,-0.376667749970762,-0.3766677499707619,-0.3766677499707619,0.12498726304563967,-15.343014772594604,-15.005415935090294,-3.833115898379476,0.12239876524827131,0.12276963962631826,0.15488592070217222,0.12266480895300702,-0.6037252171439893,-0.603711270940213,-0.059034695347049304,False,False,True
qwen,60,cap24_chunk2048_polfcfs_mem0.75,24,2048,fcfs,0.75,0,R_concurrent_decode,7.525475420177462,1926.5217075654305,3431.6167916009226,1505.0950840354924,117.42144031450152,2369.9278339743614,2370.0695789512247,680.0728906382574,8.594837494413643,8.603649841831018,8.278977796565306,2308.99704922922,4237.851791665889,4237.878586137667,2790.9431815496646,1,,-0.3766232689479456,-0.3766232689479456,-0.3766232689479456,-0.3766232689479456,0.1771710959278444,-15.380818522313557,-15.041785468930893,-3.803238908034545,0.12204883361101737,0.12185499100115238,0.15493104464308727,0.12511738438079945,-0.6044198941748689,-0.6043124467527474,-0.057389376776004086,False,False,True
qwen,62,cap24_chunk2048_polfcfs_mem0.85,24,2048,fcfs,0.85,0,R_concurrent_decode,7.566587491426165,1937.0463978050984,3450.3638960903318,1513.3174982852331,103.58007834292948,2340.6348013319075,2340.8787217875943,662.4160690116696,8.604535140900634,8.613406788771366,8.29018214831348,2298.082852503285,4212.466805591248,4212.797145503573,2776.1431856197305,1,,-0.3732177288124905,-0.3732177288124904,-0.3732177288124904,-0.3732177288124905,0.2741642231747097,-15.178346596879631,-14.844207527577636,-3.6785317864942977,0.12105823197951282,0.12085913291577621,0.15378737086355265,0.12925279069591633,-0.5948093229058118,-0.594817491535439,-0.051782183273787696,False,False,True
qwen,63,cap24_chunk2048_polfcfs_mem0.9,24,2048,fcfs,0.9,0,R_concurrent_decode,7.589133462715115,1942.818166455069,3460.6448589980923,1517.826692543023,97.05427871085703,2330.805661017075,2331.057912535034,655.1037118333625,8.606517558698268,8.613516269426768,8.29169557835349,2291.9972804374997,4203.144931606948,4203.493064898066,2769.2167212662757,1,,-0.3713501213729904,-0.3713501213729904,-0.3713501213729903,-0.3713501213729903,0.31989366189621293,-15.110408087774221,-14.777735506435295,-3.6268858541364777,0.12085573065021671,0.12084795860105035,0.15363288890039917,0.13155862352850067,-0.5912801291523129,-0.5912952923932002,-0.049157991611851415,False,False,True
qwen,68,cap24_chunk8192_polfcfs_mem0.75,24,8192,fcfs,0.75,0,R_concurrent_decode,7.538278902333618,1929.7993989974063,3437.45517946413,1507.655780466724,110.0419017020613,2357.84081898164,2358.0505825812,671.5939194546081,8.60655740469548,8.613258304680981,8.291000827933146,2304.939419729635,4229.242438147776,4229.525355082005,2785.5298094946197,1,,-0.37556268574131024,-0.37556268574131013,-0.37556268574131013,-0.37556268574131,0.22888309718390853,-15.297273700300892,-14.960435046549998,-3.743353379806555,0.1208516604348403,0.120874288177239,0.15370380490312086,0.12665482658367955,-0.6011604554923717,-0.6011502059568368,-0.055338442116573905,False,False,True
qwen,69,cap24_chunk8192_polfcfs_mem0.8,24,8192,fcfs,0.8,0,R_concurrent_decode,7.5313604275363,1928.0282694492928,3434.300354956553,1506.27208550726,118.85450128465892,2364.646654366516,2364.785484499298,679.9113784654764,8.604276364705726,8.610455370959633,8.285682774523902,2313.044788315892,4232.58371904958,4232.649329048581,2792.491270825849,1,,-0.376135781255177,-0.376135781255177,-0.376135781255177,-0.376135781255177,0.1671289436225677,-15.344315282214982,-15.006020143580027,-3.8020981750879708,0.12108466562206877,0.12116037400165147,0.1542466402566529,0.12358368967093658,-0.6024254401625351,-0.6023328331171107,-0.05797589289204663,False,False,True
qwen,75,cap32_chunk-1_pollpm_mem0.9,32,-1,lpm,0.9,0,R_concurrent_decode,12.14887929420305,3110.113099315981,5539.888958156591,2429.77585884061,122.49172385782003,125.0426665181294,127.22851896192878,122.11732067225968,9.779052178868476,9.788178732153602,9.78194362239742,2616.2266929168254,2618.542407220229,2620.054958118126,2616.2068368284963,1,,0.006358832833407435,0.006358832833407435,0.006358832833407435,0.006358832833407435,0.14164116340351474,0.13571156116401373,0.1388554054095682,0.13750617901055306,0.0010828858373868044,0.0009541928312504222,0.0015172064153757825,0.008707588900595864,0.008638872141116472,0.00813893200369975,0.008812026343296697,False,False,True
qwen,92,cap32_chunk8192_polfcfs_mem0.75,32,8192,fcfs,0.75,0,R_concurrent_decode,12.174496855070815,3116.6711948981288,5551.570565912291,2434.899371014163,123.04368009790778,125.22254106588662,127.6592579856515,122.73061876476277,9.78139924141122,9.790412392850458,9.783521552319304,2617.3106452915817,2619.542683358304,2620.531037230976,2617.222406130168,1,,0.008480877017945865,0.008480877017945865,0.008480877017945643,0.008480877017945865,0.13777333869526076,0.13446827760012015,0.13593995386627888,0.13317455911997123,0.0008431365345838993,0.0007262107505288107,0.0013561406867945713,0.008296877639985989,0.008260174863700565,0.007958705121107412,0.008427263157121279,False,False,True
qwen,126,cap64_chunk-1_polfcfs_mem0.85,64,-1,fcfs,0.85,0,R_concurrent_decode,12.198659246762428,3122.856767171181,5562.588616523667,2439.7318493524854,117.89191258139908,119.54943612217905,121.90176213160156,117.39539609698112,9.781607049608638,9.790941339133688,9.78399677881078,2612.169509287924,2613.930323300883,2614.0863786591217,2612.00831104361,1,,0.01048238149522196,0.01048238149522196,0.01048238149522196,0.01048238149522196,0.1738742688856041,0.17368048533434055,0.17490949052005023,0.1708563274328737,0.0008219092048726839,0.000672223018904905,0.0013076323848546512,0.010244862162372192,0.010384973599490865,0.01039842720180073,0.01040269884154299,True,True,True
qwen,145,cap96_chunk-1_pollpm_mem0.8,96,-1,lpm,0.8,0,R_concurrent_decode,12.177916764024951,3117.546691590388,5553.130044395379,2435.5833528049907,115.6321072485298,117.81514580361544,120.17593144904822,115.411201826646,9.803020239205049,9.81236013450942,9.806546727701654,2615.4899429529905,2618.386848806404,2618.6257055215538,2615.773800658644,1,,0.008764166982405674,0.008764166982405674,0.008764166982405674,0.008764166982405674,0.18970981936497933,0.18566781025037138,0.18659075330283748,0.18487035335798918,-0.0013654195019814352,-0.0015139199092415456,-0.0009941326664382188,0.008986744621315546,0.008697765426232795,0.008679996992615346,0.008976088388267134,True,False,True
qwen,147,cap96_chunk-1_pollpm_mem0.9,96,-1,lpm,0.9,0,R_concurrent_decode,11.9641703087945,3062.827599051392,5455.661660810291,2392.8340617589,187.2375609818846,189.42643660120663,189.43710503634065,184.77101752068847,9.742076104455515,9.746609573017835,9.751586531632553,2662.1819753199816,2664.5076353568584,2664.954866962508,2661.987172963564,1,,-0.008941633527986714,-0.008941633527986714,-0.008941633527986825,-0.008941633527986714,-0.31206427626182465,-0.309305725182883,-0.2822026095086403,-0.30500620249628474,0.004859942434494613,0.005197014226174135,0.004615878209251689,-0.00870493992174004,-0.008763229227252589,-0.008858601350070883,-0.008532519190438181,False,False,True
qwen,174,cap128_chunk-1_polfcfs_mem0.85,128,-1,fcfs,0.85,0,R_concurrent_decode,12.155798981167392,3111.8845391788527,5543.044335412332,2431.159796233479,126.01798959076405,128.22860507294536,130.25390525814146,125.65375688427594,9.779597833460452,9.788190629483518,9.782923853214337,2619.7748587001115,2621.9063840107992,2623.1173067120835,2619.993196974974,1,,0.006932028757769659,0.006932028757769881,0.006932028757769881,0.006932028757770103,0.11693091150459312,0.11369051877549408,0.11837811716642599,0.11252893283125476,0.0010271479498721314,0.0009529785116212386,0.0014171502668011149,0.007363183301563936,0.007365294972385028,0.006979634051735628,0.00737750878593435,False,False,True
qwen,190,cap128_chunk8192_polfcfs_mem0.85,128,8192,fcfs,0.85,0,R_concurrent_decode,12.156103634973206,3111.962530553141,5543.183257547782,2431.220726994641,127.55754869431256,129.76877321489155,130.89872709009796,127.06244512810372,9.76860323354748,9.779529615387828,9.77198480140262,2618.465189123526,2620.8636689465493,2621.759407557547,2618.6126270768,1,,0.006957264916678918,0.006957264916678918,0.006957264916678918,0.006957264916678918,0.10614247519744036,0.10304495629658927,0.11401364888844967,0.1025796078762573,0.0021502316409653943,0.0018369784931198119,0.0025337438021717507,0.007859419165157755,0.00776005931887036,0.007493687125880721,0.007900557751558734,False,False,True
qwen,10,cap8_chunk2048_pollpm_mem0.85,8,2048,lpm,0.85,0,shared_prefix,5.331689488740579,1364.912509117588,13602.597769621794,12237.685260504206,6862.666359404102,20110.90760340446,21239.059643233195,8016.937045682425,5.320109540640604,6.179642923011937,5.492520038498894,8318.738918751478,21496.82787687049,22584.47540478781,9416.311858098195,1,,-0.6119187929756511,-0.6119187929756513,-0.6119187929756511,-0.6119187929756511,-2.0637775857696052,-5.4549248207322325,-5.807597919290392,-2.9365919937035883,0.3186686175372765,0.3742400145896182,0.3239184448202653,-0.9690599925433314,-3.2687303401407473,-3.4809685271589528,-1.2942851919736102,False,False,True
qwen,11,cap8_chunk2048_pollpm_mem0.9,8,2048,lpm,0.9,0,shared_prefix,5.329722583107055,1364.4089812754062,13597.579655524916,12233.170674249512,6872.7250304073095,20107.389900065,21245.392338815145,8021.566316991084,5.311617990135393,6.175791003522189,5.489594393234117,8321.580041432753,21494.204848119964,22590.836815130897,9419.476558236056,1,,-0.6120619594361085,-0.6120619594361085,-0.6120619594361085,-0.6120619594361085,-2.068268191774373,-5.4537957562938875,-5.809627691134877,-2.9388651252333116,0.31975610639455865,0.3746300657808821,0.3242785663649571,-0.9697324912309624,-3.2682094724818276,-3.4822306897296933,-1.295056271433674,False,False,True
qwen,17,cap8_chunk8192_pollpm_mem0.8,8,8192,lpm,0.8,0,shared_prefix,5.276878087883473,1350.880790498169,13462.758898542894,12111.878108044724,7589.43425049074,18319.173878221773,19835.26023398153,8085.60530012619,5.706300082509673,6.0750515134198455,5.55069184233113,9132.750340737402,19790.201108762994,21282.73705849424,9498.660302608188,1,,-0.6159083866397685,-0.6159083866397687,-0.6159083866397687,-0.6159083866397688,-2.3882367767248875,-4.879838567893653,-5.357648528966634,-2.9703104698653173,0.26921028706951744,0.3848310988570727,0.3167580005566415,-1.1617379140601125,-2.9298371087279746,-3.2226916154401692,-1.3143493975424665,False,False,True
qwen,18,cap8_chunk8192_pollpm_mem0.85,8,8192,lpm,0.85,0,shared_prefix,5.318228757815155,1361.4665620006797,13568.255764362426,12206.789202361746,6299.143430776894,19897.057570097968,22295.81576839556,8074.785464774322,5.343287103391422,6.457119742134477,5.543211183813215,7661.780291236937,21252.140090055764,23637.256762902256,9486.27133487389,1,,-0.6128985680949637,-0.6128985680949638,-0.6128985680949637,-0.6128985680949637,-1.8121976855709891,-5.386286153839307,-6.1463121053087315,-2.964997558341047,0.3157003326268816,0.3461422923669867,0.31767880470648724,-0.8135567410493887,-3.220141488547357,-3.6898500728728916,-1.311330824491257,False,False,True
qwen,19,cap8_chunk8192_pollpm_mem0.9,8,8192,lpm,0.9,0,shared_prefix,5.312931559761484,1360.11047929894,13554.741163674918,12194.630684375978,6315.331541700289,19926.82708271313,22333.981279279116,8086.032422983408,5.341749968315204,6.454930750050528,5.543258039217092,7685.256939847022,21281.516887876205,23674.799261698503,9497.858401093254,1,,-0.613284138751105,-0.6132841387511051,-0.6132841387511051,-0.6132841387511052,-1.8194247266080468,-5.395841165958609,-6.158545012831185,-2.970520201887718,0.3158971891687462,0.34636395301495304,0.31767303721285955,-0.8191137046695494,-3.2259749830922537,-3.697298851404237,-1.314154014169564,False,False,True
qwen,21,cap8_chunk8192_polfcfs_mem0.8,8,8192,fcfs,0.8,0,shared_prefix,5.31269688657195,1360.0504029624192,13554.142448199967,12194.092045237549,10247.694866266102,10777.07787360996,10778.01109474618,8039.414168535586,5.488869974243583,6.331947743983976,5.573386013120248,11692.41165393032,12353.61935608089,12354.584806091152,9458.260631887242,1,,-0.6133012200636689,-0.6133012200636689,-0.6133012200636689,-0.6133012200636689,-3.5749940610253654,-2.459079462408389,-2.454595784143364,-2.9476290345785565,0.2970559460963269,0.3588173981477377,0.31396454506206406,-1.7676142055864665,-1.4531186674566032,-1.4512637415733138,-1.304506014305752,False,False,True
qwen,30,cap16_chunk-1_polfcfs_mem0.85,16,-1,fcfs,0.85,0,shared_prefix,8.865973424356907,2269.6891966353683,22619.522495142694,20349.833298507325,5171.873474493623,5919.2508219741285,5926.074866061099,4254.811181948753,6.452423894392682,7.230050071952938,6.493156869019702,6816.09367672354,7587.315133400261,7594.0888092294335,5907.051881215011,1,,-0.3546665320183575,-0.3546665320183576,-0.3546665320183575,-0.3546665320183575,-1.3089378381154209,-0.8998803934851953,-0.8994407287993924,-1.0892587203987705,0.17365632067930736,0.2678741985731946,0.20074873404875593,-0.6133812462860948,-0.5066503065321011,-0.5067373643486592,-0.43925369757545796,False,False,True
qwen,31,cap16_chunk-1_polfcfs_mem0.9,16,-1,fcfs,0.9,0,shared_prefix,8.855011835478821,2266.8830298825783,22591.55648460524,20324.67345472266,5178.662350401282,5914.436672674492,5923.2859315909445,4258.7091636851255,6.449803390441112,7.3034161272803395,6.502816158888684,6827.885409118608,7587.971945200115,7597.159482189454,5913.349079728505,1,,-0.3554644004335561,-0.3554644004335562,-0.3554644004335561,-0.3554644004335561,-1.311968672597117,-0.8983352135053682,-0.8985468123635907,-1.0911727635810444,0.1739919212090396,0.2604450408883173,0.19955975928475345,-0.6161723698841162,-0.5067807328663425,-0.5073466142269245,-0.4407880105334556,False,False,True
qwen,36,cap16_chunk2048_polfcfs_mem0.75,16,2048,fcfs,0.75,0,shared_prefix,8.761240410585007,2242.8775451097617,22352.31993907712,20109.44239396736,5301.913490984589,5913.698462769389,5926.850006924942,4308.468713348702,6.401565034440639,7.253054478479659,6.500867671088276,6958.986925659701,7602.956337481737,7615.966801554896,5965.5554606433725,1,,-0.36228980311952175,-0.36228980311952175,-0.36228980311952186,-0.36228980311952175,-1.366993070136452,-0.8980982729588085,-0.899689178938923,-1.115606414949359,0.1801696710336369,0.265544737587847,0.1997996012249038,-0.6472043272161259,-0.50975625699146,-0.511078160107282,-0.45350809972171935,False,False,True
qwen,43,cap16_chunk8192_pollpm_mem0.9,16,8192,lpm,0.9,0,shared_prefix,8.90525471539349,2279.7452071407333,22719.739809555034,20439.9946024143,2228.6554416641598,10884.508292353712,10916.667740079574,4193.691161352035,6.327432075883346,6.7992084852291965,6.389455354512978,3803.368611959741,12558.790800953284,12564.305903492495,5819.333972653112,1,,-0.3518073387230345,-0.3518073387230345,-0.3518073387230345,-0.3518073387230345,0.005036201531585238,-2.4935610129244536,-2.4990383680488213,-1.0592466868297135,0.18966366937221446,0.3115018690359129,0.21351349061054736,0.09973602443229612,-1.4938605655949626,-1.4928743444362627,-0.41788122162975294,False,False,True
qwen,45,cap16_chunk8192_polfcfs_mem0.8,16,8192,fcfs,0.8,0,shared_prefix,8.854797546845296,2266.828171992396,22591.009775706567,20324.18160371417,5171.091644791886,5900.226661353372,5918.782882792875,4239.984232470306,6.458949872895198,7.332807397926409,6.576920942936762,6819.996871519834,7586.090183747001,7605.072554438375,5914.630448522075,1,,-0.3554799980019677,-0.3554799980019676,-0.3554799980019677,-0.3554799980019677,-1.3085887970589827,-0.8937742778883173,-0.8971034836031309,-1.0819781779328248,0.1728205570693524,0.2574688363859198,0.19043810341562428,-0.6143051392933825,-0.50640706228323,-0.5089166408520738,-0.4411002161499271,False,False,True
qwen,47,cap16_chunk8192_polfcfs_mem0.9,16,8192,fcfs,0.9,0,shared_prefix,8.846437561355529,2264.6880157070154,22569.68116678864,20304.99315108162,5179.12979866378,5913.327515008859,5927.894778125919,4261.031330963306,6.416067890185901,7.302399152415056,6.504290554646167,6820.506575750187,7595.732862199657,7610.386338955723,5916.848686734738,1,,-0.35608850179170004,-0.35608850179170015,-0.35608850179170004,-0.35608850179170015,-1.3121773607999443,-0.8979792112061589,-0.9000240516862752,-1.0923130276324189,0.1783123313155177,0.26054802130074417,0.1993782739611346,-0.6144257871725647,-0.5083218561452287,-0.5099709447823433,-0.4416406900807268,False,False,True
qwen,50,cap24_chunk-1_pollpm_mem0.85,24,-1,lpm,0.85,0,shared_prefix,10.10043100646111,2585.710337654044,25768.96133408562,23183.250996431576,2393.332970328629,8434.5386886969,9263.43354019802,3048.86265996538,7.890833899246779,8.157936216393344,7.709857436806554,4404.215598478913,10437.981498916615,11244.500333084725,5009.573035691574,1,,-0.26481325202239114,-0.26481325202239125,-0.26481325202239125,-0.26481325202239114,-0.06848264592203668,-1.7072031857915433,-1.9691394983124155,-0.4970964931781978,-0.010556780511358443,0.1739150447124851,0.05098345212140687,-0.04248550389674666,-1.0727210809644232,-1.2310127285710322,-0.22058289987634017,False,False,True
qwen,58,cap24_chunk2048_pollpm_mem0.85,24,2048,lpm,0.85,0,shared_prefix,10.14445177857537,2596.9796553152946,25881.270360678973,23284.29070536368,2366.8229409959167,8359.073263593,9158.35129410494,3037.7622199084726,8.02907405202003,8.303291929757917,7.65598097859653,4475.935856578872,10404.42155110648,11198.966268445363,4988.377529032732,1,,-0.2616090829851051,-0.2616090829851052,-0.2616090829851052,-0.2616090829851051,-0.056647474370040696,-1.6829813229489226,-1.9354582670397522,-0.4916457950866939,-0.02826080590432367,0.15919610541331952,0.05761517661196769,-0.059461813919072126,-1.0660569178492314,-1.2219783495604246,-0.21541861286072517,False,False,True
qwen,60,cap24_chunk2048_polfcfs_mem0.75,24,2048,fcfs,0.75,0,shared_prefix,10.123113880134795,2591.517153314508,25826.83154717547,23235.31439386096,2815.553710795939,4960.264619905502,4973.010651757941,3023.980697100342,7.683987110195791,8.179587974377416,7.703379804479521,4774.764860980213,6888.165983185172,6900.544849024154,4986.35628752163,1,,-0.26316221870309253,-0.26316221870309253,-0.2631622187030924,-0.2631622187030924,-0.2569794157115437,-0.5920780823938443,-0.593962140235448,-0.4848785930944133,0.015933502755462126,0.17172255496364075,0.05178079245095435,-0.13019515979339458,-0.3678168373848729,-0.3691318365610974,-0.21492613719315945,False,False,True
qwen,61,cap24_chunk2048_polfcfs_mem0.8,24,2048,fcfs,0.8,0,shared_prefix,10.13972019120181,2595.7683689476635,25869.1987874956,23273.43041854793,2822.101410944015,4946.787457750179,4960.816001598723,3016.7444478829566,7.6397130567142195,8.208351472447461,7.695660388445376,4770.696235122159,6877.305827615783,6891.627795272507,4977.156126573391,1,,-0.2619534841628087,-0.26195348416280884,-0.26195348416280884,-0.26195348416280895,-0.25990257937729955,-0.5877523667063682,-0.5900534796617294,-0.48132534569191,0.0216035555683588,0.16880991966142322,0.05273098557922029,-0.12923210896562298,-0.36566028313216004,-0.36736261073229426,-0.2126845171889149,False,False,True
qwen,62,cap24_chunk2048_polfcfs_mem0.85,24,2048,fcfs,0.85,0,shared_prefix,10.101518374404506,2585.9887038475536,25771.7355070364,23185.74680318884,2790.952967014164,4931.818996439688,4940.614878935739,3022.9637967058807,7.734153698216759,8.238371999240389,7.762777258503771,4749.262521509081,6892.165426071733,6900.990712293424,5000.592232820054,1,,-0.264734105053153,-0.2647341050531531,-0.264734105053153,-0.2647341050531532,-0.2459966280537147,-0.5829479941565734,-0.5835785639678195,-0.48437926000393006,0.009508809709452337,0.16576999573022,0.04446948128432149,-0.12415871161785796,-0.36861102633643883,-0.369220299952042,-0.2183947264863051,False,False,True
qwen,63,cap24_chunk2048_polfcfs_mem0.9,24,2048,fcfs,0.9,0,shared_prefix,10.147504212365066,2597.761078365457,25889.057953926356,23291.296875560896,2795.181518653408,4932.5395287480205,4943.969765082002,2997.127373346302,7.7719775886804445,8.402718513948368,7.769529365885341,4777.068906696513,6878.359492821619,6890.259986482561,4976.486386880424,1,,-0.26138690346921833,-0.26138690346921845,-0.2613869034692182,-0.26138690346921833,-0.2478844280798418,-0.5831792607892343,-0.5846538806876926,-0.47169268696940336,0.004664811031816485,0.1491280191747546,0.04363835545732864,-0.13074053142787778,-0.3658695145898554,-0.3670912248342795,-0.21252133505527193,False,False,True
qwen,75,cap32_chunk-1_pollpm_mem0.9,32,-1,lpm,0.9,0,shared_prefix,13.78981449451732,3530.1925105964337,35181.58742791453,31651.39491731809,2200.5393288563937,2915.105422004126,4537.4318477418365,2019.888337694283,8.119460937794386,8.572800206750923,8.130443330193744,4252.100175479427,5010.339009924792,6521.28852475901,4091.044834680361,1,,0.003728342578003252,0.00372834257800303,0.003728342578003252,0.00372834257800303,0.01758839505347498,0.06434922209278338,-0.45434930380501015,0.008165311385988083,-0.03983639873200939,0.13190528981439442,-0.00078702170386169,-0.006479518301751197,0.005072456803317582,-0.2938838787361471,0.003216575093025198,False,False,True
qwen,83,cap32_chunk2048_pollpm_mem0.9,32,2048,lpm,0.9,0,shared_prefix,13.631851938320295,3489.754096209996,34778.581754169456,31288.827657959464,2495.514729758725,6625.730589870344,7466.2991000385955,2114.845158706885,8.048878034905476,8.487331724232611,8.025171334179886,4494.000576902181,8615.912435087357,9365.14544263482,4160.1464611667325,1,,-0.007769382411992987,-0.007769382411992987,-0.007769382411993098,-0.007769382411992987,-0.1141008018720826,-1.126636633385897,-1.393117354158202,-0.03846175568660026,-0.030797045982565496,0.14055995757433015,0.012171047503542809,-0.06373776468667369,-0.7109039077912382,-0.8581313591997957,-0.013620042128039689,False,False,True
qwen,84,cap32_chunk2048_polfcfs_mem0.75,32,2048,fcfs,0.75,0,shared_prefix,13.794431771493551,3531.374533502349,35193.36736401757,31661.99283051522,2346.178461564705,2998.6958746099845,2999.3726443499327,2052.457697358477,7.814431653467984,8.620120643583292,7.927540019068682,4329.619314987212,4895.119371102192,4896.308057415299,4073.3850157303095,1,,0.004064423369258163,0.004064423369257941,0.004064423369258163,0.004064423369258163,-0.04743092645138014,0.037519498743527,0.0386333803926906,-0.007827365089271066,-0.0007721609763526871,0.1271135508367961,0.024188615194140617,-0.02482843365442511,0.02795218449334036,0.028527255501293536,0.00751939149509584,False,False,True
qwen,85,cap32_chunk2048_polfcfs_mem0.8,32,2048,fcfs,0.8,0,shared_prefix,13.831049376388147,3540.7486403553658,35286.78888673002,31746.04024637465,2360.5758105404675,2972.260260139592,2973.31048194319,2038.2605836275616,7.80071530125741,8.706272014179358,7.93561375452116,4341.516488464549,4865.983196115121,4866.806731633842,4061.2481984535407,1,,0.0067297331806877025,0.0067297331806874805,0.0067297331806874805,0.0067297331806874805,-0.05385849742399462,0.046004441708873745,0.04698689159104896,-0.000856093651269596,0.0009844534584791953,0.11838973279764586,0.02319480842009869,-0.027644515340288223,0.03373789738434707,0.03438059103230828,0.010476528065698432,False,False,True
qwen,86,cap32_chunk2048_polfcfs_mem0.85,32,2048,fcfs,0.85,0,shared_prefix,13.82867188605937,3540.1400028311987,35280.7232588063,31740.583255975096,2353.4034094773237,2973.106964631006,2973.62087961752,2041.3861220731635,7.79383596878964,8.67090659909973,7.92928555258328,4330.421513644978,4875.36778608337,4876.990848784335,4062.759033204202,1,,0.0065566812206232505,0.0065566812206232505,0.0065566812206232505,0.0065566812206232505,-0.050656441479179914,0.04573267804980696,0.046887402131655875,-0.0023908405940058497,0.0018654701114035888,0.12197088819771773,0.023973755165429655,-0.025018315474074404,0.03187435341606004,0.032359968121643545,0.010108413049097709,False,False,True
qwen,92,cap32_chunk8192_polfcfs_mem0.75,32,8192,fcfs,0.75,0,shared_prefix,13.849581024960846,3545.4927423899767,35334.06818948664,31788.575447096657,2277.199870441109,3123.1951957102865,3124.268105728552,2064.0700782169006,7.667739728183993,9.131172745506843,7.877944904014866,4227.880294900388,4966.398785333149,4967.627529548481,4069.18430218866,1,,0.008078608534631604,0.008078608534631382,0.008078608534631826,0.008078608534631604,-0.016636035615277933,-0.002440595240426724,-0.0013984335054728625,-0.013529443732850366,0.018014259018643397,0.07536364233435489,0.0302933434936965,-0.0007466303798977503,0.01379788229126866,0.014376813470896477,0.008542895709863552,False,False,True
qwen,93,cap32_chunk8192_polfcfs_mem0.8,32,8192,fcfs,0.8,0,shared_prefix,13.859350774853954,3547.9937983626123,35358.993492879934,31810.99969451732,2270.508133340627,3106.9532952737063,3107.5902842357755,2053.410051896208,7.686962903594008,9.236010162652851,7.91197626981507,4226.269662613049,4961.471256706864,4962.166502410546,4067.180226160417,1,,0.008789725777833768,0.008789725777833546,0.008789725777833546,0.008789725777833546,-0.013648567907449616,0.002772508431045373,0.003947184652753788,-0.008295003942742962,0.015552401311132447,0.06474764697005098,0.02610437767221163,-0.0003653909119119003,0.014776365771222877,0.01546033169713168,0.009031189006058038,False,False,True
qwen,95,cap32_chunk8192_polfcfs_mem0.9,32,8192,fcfs,0.9,0,shared_prefix,13.845374992052152,3544.415997965351,35323.33744944943,31778.92145148408,2291.592933004722,3097.6113924058154,3099.082833896391,2065.6355780374724,7.693938368962183,9.206940838336653,7.86123509518464,4228.105654008687,4959.548973245546,4961.485659559257,4066.495785351435,1,,0.007772461237149697,0.007772461237149697,0.007772461237149697,0.007772461237149697,-0.02306169295654592,0.005770944995122207,0.006674014474869372,-0.014298158021698093,0.01465907318953752,0.06769125070033377,0.03235017596067136,-0.0007999732733869891,0.015158083007862477,0.015595417207593387,0.009197953067879072,False,False,True
qwen,108,cap48_chunk2048_polfcfs_mem0.75,48,2048,fcfs,0.75,0,shared_prefix,14.124369544018224,3615.838603268665,36035.12883908768,32419.29023581901,637.5305170658976,3930.521833989769,3931.428188965656,1340.629649876064,10.750970457981332,11.056620732643731,10.206032471497611,3376.14252185449,6737.452618707903,6751.586863212287,3942.8752483363496,1,,0.028079822104443153,0.02807982210444293,0.028079822104443153,0.02807982210444293,0.7153800569433177,-0.2615652881004529,-0.2601114554320263,0.3417047039098309,-0.37684638051086217,-0.11961013193543413,-0.2562740339916496,0.20086118414859833,-0.3378889468470774,-0.33957719629035354,0.039318107515994294,False,False,True
qwen,110,cap48_chunk2048_polfcfs_mem0.85,48,2048,fcfs,0.85,0,shared_prefix,14.945440147440271,3826.03267774471,38129.90445991045,34303.87178216574,501.9467989914119,3683.728032256476,3697.5427114823833,1161.0884824876848,10.244379255591944,11.09561298626895,9.995767545070008,3325.0122310128063,6294.935796526261,6309.090622705407,3709.0759559941935,1,,0.08784363083733071,0.08784363083733071,0.08784363083733071,0.08784363083733071,0.7759102262211355,-0.18235277975292186,-0.1851458817855185,0.42986559603782004,-0.3119686779690731,-0.1235585464900637,-0.23039224613061182,0.21296381305506895,-0.2500162153124914,-0.2517818549525981,0.0962833251508799,False,False,True
qwen,111,cap48_chunk2048_polfcfs_mem0.9,48,2048,fcfs,0.9,0,shared_prefix,14.882886012222402,3810.018819128935,37970.31175632331,34160.292937194376,454.88067460246384,3668.366099800914,3683.110731979832,1113.089166585269,10.470173048658989,11.969052403252206,10.256458641162617,3427.4608169216663,6336.917010508478,6352.453323001973,3727.372528857813,1,,0.08329046164940612,0.0832904616494059,0.0832904616494059,0.0832904616494059,0.7969224872578827,-0.17742211620171378,-0.18052010666726326,0.4534349120506559,-0.3408854504540524,-0.21200434241024313,-0.26248105790233356,0.18871405431446753,-0.25835263047422097,-0.2603854152212748,0.09182536360314641,False,False,True
qwen,133,cap64_chunk2048_polfcfs_mem0.8,64,2048,fcfs,0.8,0,shared_prefix,17.35900870747213,4443.906229112866,44287.577816704856,39843.67158759199,501.0719178244472,574.8748520389199,597.6091023953632,520.1084623331553,12.265937522455468,12.705101138528656,12.339823254341947,3657.080728560686,3717.819303763099,3719.9518126854673,3666.387750330614,1,,0.26352164096736863,0.2635216409673684,0.2635216409673684,0.2635216409673684,0.7763008092932507,0.8154845109719157,0.8084527963877235,0.7446088453718301,-0.5708639278073355,-0.28653775017928496,-0.518925163306027,0.13436262125283382,0.2617344218395026,0.26192720014839377,0.10668431012268131,True,True,True
qwen,135,cap64_chunk2048_polfcfs_mem0.9,64,2048,fcfs,0.9,0,shared_prefix,17.284553905746463,4424.845799871095,44097.62325876783,39672.77745889674,526.980244088918,596.9258181750774,618.8754073018208,545.0993618251232,12.190740481566856,12.661603813187456,12.29885999793151,3666.676361346617,3744.9685784988105,3746.9648354128,3680.9327701630536,1,,0.25810225010008825,0.258102250100088,0.258102250100088,0.258102250100088,0.7647342628320318,0.8084068926246804,0.8016364657467235,0.7323374536551501,-0.5612336554540382,-0.2821331452514595,-0.5138829419021769,0.13209131825769793,0.25634325745743847,0.25656756692711713,0.10314041479280966,False,False,True
qwen,156,cap96_chunk2048_polfcfs_mem0.75,96,2048,fcfs,0.75,0,shared_prefix,17.369444886511143,4446.577890946853,44314.20336307608,39867.62547212923,506.97130849584937,628.4556969068944,630.3936896612868,527.5849599966023,12.18042082573269,12.745711634428623,12.301789545905482,3650.087996618822,3757.504618819803,3759.861197597347,3664.1651605859806,1,,0.26428126602931856,0.26428126602931834,0.26428126602931834,0.26428126602931834,0.7736670777431263,0.798286862199687,0.797944596316474,0.7409376277141189,-0.5599120463175493,-0.2906500303932824,-0.5142435438365047,0.13601781308416616,0.2538539145660147,0.2540088095494032,0.1072258443046189,True,True,True
qwen,159,cap96_chunk2048_polfcfs_mem0.9,96,2048,fcfs,0.9,0,shared_prefix,17.549623096832757,4492.703512789186,44773.88724508591,40281.18373229672,442.938688211143,634.5412131864578,639.4062123354524,471.3055422726029,12.302155881280116,13.00372835970027,12.38099939727542,3614.876146195456,3758.1631355686113,3759.5403779577455,3628.084546657192,1,,0.27739601652046453,0.2773960165204643,0.27739601652046475,0.27739601652046453,0.8022538830039629,0.796333616187395,0.7950558794130514,0.768572758682487,-0.5755023105887467,-0.31677719409078087,-0.5239935891935317,0.14435251941516813,0.2537231496717135,0.2540724631292266,0.11601688898342755,True,True,True
qwen,180,cap128_chunk2048_polfcfs_mem0.75,128,2048,fcfs,0.75,0,shared_prefix,17.38172836108973,4449.722460438971,44345.541865488645,39895.81940504967,527.9603400267661,670.4733494669199,672.9648994933814,514.183909042913,12.322380907797054,12.730416651522996,12.348858449836156,3637.237567454577,3792.017519660294,3793.8523077964783,3662.7670715315617,1,,0.26517535141275617,0.26517535141275594,0.26517535141275617,0.26517535141275594,0.7642967075424368,0.7848006091788289,0.7842995628572372,0.7475180049318642,-0.5780924725340721,-0.2891012372997144,-0.5200373174680983,0.1390595320516037,0.2470005189028066,0.24726465931896624,0.10756648882265862,False,False,True
qwen,4,cap8_chunk-1_polfcfs_mem0.75,8,-1,fcfs,0.75,0,tool_agent,4.197358439584064,870.1753649023702,12202.812297065166,11332.636932162795,5749.757975107059,9163.02470942028,9652.30536997784,5276.416973269079,9.459146358682936,12.049112522526451,9.55473991637348,6902.853048639372,12287.587166321464,13483.668345925393,7046.059544978198,1,,-0.12096404064442623,-0.12096404064442612,-0.12096404064442612,-0.12096404064442612,-14.510746836812642,-3.761242997956307,-3.258450590453469,-7.065255580931208,0.22512325389063736,0.8579183352983094,0.5763497487947451,-3.748646639793038,-0.46716209122352037,-0.14364305744336048,-1.4538714531943486,False,False,True
qwen,16,cap8_chunk8192_pollpm_mem0.75,8,8192,lpm,0.75,0,tool_agent,4.257241027962242,882.5899237119921,12376.906550953508,11494.316627241516,1125.900001032278,8053.324839915143,34712.4210768519,3026.392833315768,9.301041922299191,13.263154078863169,9.825891330106003,1494.3724288605154,13031.425836170089,36702.277689971954,4789.791391827166,1,,-0.10842307010750851,-0.10842307010750851,-0.10842307010750829,-0.10842307010750829,-2.0372669519630673,-3.1846265529430706,-14.314593184190647,-3.6259861213863642,0.23807489313639574,0.8436025053964086,0.564327091396652,-0.028016468394411964,-0.5559778923743937,-2.11297370979752,-0.6681000619044695,False,False,True
qwen,18,cap8_chunk8192_pollpm_mem0.85,8,8192,lpm,0.85,0,tool_agent,4.241370303389034,879.2996844470974,12330.7662282308,11451.466543783705,1354.850382078439,5955.042461585247,34473.56532188598,2892.5865462142974,9.2355019490545,12.076324131339788,9.527197309049054,2008.4481230005624,11322.989466274152,37369.92352468892,4651.509006535634,1,,-0.11174681236152018,-0.11174681236152018,-0.11174681236152029,-0.11174681236152006,-2.6548914526765377,-2.094328032708,-14.209213651345411,-3.421456814988466,0.24344381325690145,0.8575974593273877,0.5775709680653864,-0.38166209874121293,-0.35198722738452903,-2.1696013651295925,-0.6199416273098661,False,False,True
qwen,25,cap16_chunk-1_pollpm_mem0.8,16,-1,lpm,0.8,0,tool_agent,4.839249730552487,1003.2490578894888,14068.95717164602,13065.708113756533,263.84013635106385,1256.6886600106952,1937.2869839612365,411.6851009428501,11.54950911273496,19.79169935974128,14.646394622617184,909.2392229940742,7127.484625973737,9986.418135273265,2458.4381101466715,1,,0.01346468039049431,0.01346468039049431,0.01346468039049431,0.01346468039049431,0.28825568344808794,0.34700600807770055,0.1452983940616367,0.3707196427449171,0.05388438860326583,0.7666186960201282,0.35058946497434706,0.3745114156979048,0.14896430784485049,0.1529828918861682,0.1438205908671969,False,False,True
qwen,26,cap16_chunk-1_pollpm_mem0.85,16,-1,lpm,0.85,0,tool_agent,4.83099787244814,1001.538323926586,14044.966874653575,13043.42855072699,270.18686290830374,1215.4428432928396,1910.213541071859,404.2900736024603,11.883844621479511,27.85684441118252,15.253233961116514,878.6835309583694,7174.142967537042,10094.783035879946,2459.106613488402,1,,0.011736526812564652,0.011736526812564652,0.01173652681256443,0.011736526812564652,0.27113453342785765,0.36843794373983896,0.15724278604248654,0.38202329555142855,0.02649620775680006,0.6715154896365017,0.323682647996952,0.39553144658795847,0.14339321003252603,0.14379171608223207,0.1435877768729117,False,False,True
qwen,30,cap16_chunk-1_polfcfs_mem0.85,16,-1,fcfs,0.85,0,tool_agent,4.84589417461259,1004.626550809809,14088.274298084198,13083.647747274388,277.6150612626225,1678.6661123856895,2177.895673457529,498.06522029452026,11.729467854214212,25.05749110132456,14.869664915852352,1228.2238842453808,7525.748735573143,10166.80303124709,2559.015919705853,1,,0.014856199685981508,0.014856199685981508,0.014856199685981508,0.014856199685981508,0.2510959675219038,0.12774029024652,0.03914549311419446,0.23868350094414414,0.039142482860008654,0.7045251223052327,0.34068982179791074,0.15507382530981006,0.1014107893232753,0.1376832027618472,0.10879320937451664,False,False,True
qwen,31,cap16_chunk-1_polfcfs_mem0.9,16,-1,fcfs,0.9,0,tool_agent,4.840538300200882,1003.516197706146,14072.703378642016,13069.18718093587,321.6793108731508,1713.6400510556984,2396.57041242346,534.459782843478,11.831549029236871,24.33938982259286,15.326778252751089,1324.6234650723636,7615.155077562667,10559.457041705007,2627.142060920596,1,,0.013734540368711023,0.013734540368711246,0.013734540368711023,0.013734540368711246,0.13222671716005718,0.10956731506810113,-0.05733048185476419,0.18305267225858068,0.030780171321402428,0.7129928849654174,0.32042174734466866,0.08875812333180833,0.09073549612645271,0.10437950368553539,0.08506749543809511,False,False,True
qwen,40,cap16_chunk8192_pollpm_mem0.75,16,8192,lpm,0.75,0,tool_agent,4.848440749768285,1005.154494038212,14095.677854171345,13090.523360133133,481.4986260607839,4077.6572502916624,13152.52317619044,1229.3828675104303,13.17756569659397,37.78432688156427,18.513245453030773,2009.0554819907995,11381.391712720504,16441.08877722638,3744.338548346423,1,,0.015389518716814488,0.015389518716814488,0.01538951871681471,0.01538951871681471,-0.29890741896190476,-1.1188109436240143,-4.8026935471613355,-0.8791704832126928,-0.07948316279576417,0.5544518276405113,0.179136098371382,-0.3820799163027073,-0.3589605705534169,-0.3944823140482292,-0.30400905871295536,False,False,True
qwen,48,cap24_chunk-1_pollpm_mem0.75,24,-1,lpm,0.75,0,tool_agent,4.838060616712969,1003.0025367538492,14065.500108544948,13062.497571791098,294.3998894188553,545.8489733049641,737.7801040746256,294.59235832327977,11.103007020947173,65.03372723236667,18.508608529278494,711.0793471802026,6723.116603842935,9763.450527670788,2276.117701416369,1,,0.013215649043815558,0.013215649043815558,0.01321564904381578,0.01321564904381578,0.20581663205111222,0.7163688100264518,0.6745026188672454,0.5497014974170139,0.09046105999581189,0.2331302235201579,0.17934169621388385,0.5108305900733214,0.19724664553596571,0.17189431494459617,0.2073157747301938,False,False,True
qwen,49,cap24_chunk-1_pollpm_mem0.8,24,-1,lpm,0.8,0,tool_agent,4.825378001829208,1000.3732404492222,14028.628449597982,13028.25520914876,278.70836830697954,552.0335282664743,733.6173170711829,286.94423739565536,11.161227246389146,73.89765158295616,19.2625031765202,716.0975388251245,6631.750741507857,9713.997576730322,2275.1098489854485,1,,0.01055957982743716,0.010559579827437382,0.010559579827437382,0.010559579827437382,0.2481466244620143,0.7131552239083556,0.6763391772948185,0.5613920158706649,0.08569176082889307,0.1286079091034662,0.14591455330035175,0.5073784495272913,0.20815590931863748,0.17608876133427187,0.2076667709563088,False,False,True
qwen,50,cap24_chunk-1_pollpm_mem0.85,24,-1,lpm,0.85,0,tool_agent,4.837408862330336,1002.8674182940136,14063.605289098492,13060.737870804478,259.8186330869794,554.575050016865,727.5688684638573,289.52103674877435,11.740544578060508,62.02317709103227,20.48039003320213,697.2294389270246,6748.968305764717,9761.958099156613,2284.646876261104,1,,0.013079154735014198,0.01307915473501442,0.01307915473501442,0.013079154735014198,0.2991042303439193,0.7118346116627331,0.6790076609944026,0.5574532548764202,0.03823509699175942,0.2686302634566272,0.09191433170471142,0.5203582911303299,0.19415990144700368,0.1720208981165623,0.204345391278678,False,False,True
qwen,51,cap24_chunk-1_pollpm_mem0.9,24,-1,lpm,0.9,0,tool_agent,4.836019745109626,1002.579433457402,14059.56676416741,13056.987330710008,316.5217430796474,569.6178839309136,739.3303920468301,298.4467210713774,11.264038970693946,35.70954946801066,17.77426345771566,705.1124854478985,6828.399397898464,9868.861599788064,2301.101169672329,1,,0.012788237481617726,0.012788237481617726,0.012788237481617726,0.012788237481617948,0.14613995119270184,0.7040181329437518,0.6738186553499761,0.5438099197000679,0.0772696039692451,0.578917349748637,0.2119020250937742,0.5149353446893568,0.18467567271554608,0.16295367373985947,0.19861499393722126,False,False,True
qwen,67,cap24_chunk8192_pollpm_mem0.9,24,8192,lpm,0.9,0,tool_agent,4.853717846208346,1006.2485152866832,14111.019745567672,13104.77123028099,227.0342325791717,604.6494032489136,759.7638966422514,267.43100858991966,12.776012998074291,98.58493003994226,26.240013801371333,691.1868918687105,6849.852500017731,9830.948942694808,2300.0646839593537,1,,0.016494679879142993,0.016494679879143215,0.016494679879142993,0.016494679879143215,0.38754456795027026,0.6858152380100382,0.6648037033386096,0.5912189189233895,-0.04658866718044452,-0.162501466260496,-0.16346321677792397,0.524515111590228,0.18211413010001898,0.16616930808813657,0.19897596203385426,True,True,True
qwen,75,cap32_chunk-1_pollpm_mem0.9,32,-1,lpm,0.9,0,tool_agent,4.834164491898768,1002.1948116379932,14054.173060717612,13051.97824907962,301.6262592282146,589.1716910991818,671.6854988969862,290.55415453156456,11.26628967042091,54.545097751542926,19.442117998076657,693.3214096352458,6492.41804149933,9563.380857515143,2235.8682468137704,1,,0.01239969923559281,0.012399699235593031,0.012399699235593031,0.012399699235593031,0.1863225258387422,0.6938576858844319,0.7036625552405755,0.555874084957587,0.07708523057921934,0.3568108625953247,0.1379505621359055,0.523046723005361,0.22479250792447492,0.18886360574947048,0.22133311123231736,False,True,True
qwen,76,cap32_chunk-1_polfcfs_mem0.75,32,-1,fcfs,0.75,0,tool_agent,4.836259049021351,1002.6290447478614,14060.262482857812,13057.633438109951,294.4009725470096,667.2031806549057,688.3921287069097,300.6378630339168,10.91148448176682,57.545226253569126,20.077251022404443,713.4945970028639,6649.794683349317,9523.868175353851,2256.3732904335484,1,,0.012838353940969105,0.012838353940969327,0.012838353940969327,0.012838353940969327,0.2058137101669797,0.653311371206776,0.6962918438041305,0.5404606544635424,0.10615025184666493,0.32143371335798865,0.10978922361070709,0.5091690788295173,0.20600142714995007,0.19221494927672234,0.2141919934396158,False,False,True
qwen,78,cap32_chunk-1_polfcfs_mem0.85,32,-1,fcfs,0.85,0,tool_agent,4.835587830377371,1002.4898910546846,14058.311075742911,13055.82118468823,302.13119741529226,659.2834683833644,677.7455112198368,291.2142502493225,11.124919587746264,56.17219647392631,19.80733784655852,700.8516278583556,6667.028833366929,9540.605381443162,2247.620885579381,1,,0.012697783309906452,0.012697783309906452,0.012697783309906452,0.012697783309906674,0.18496038704578632,0.6574265706954272,0.7009889698052593,0.5548650970973463,0.08866602080132924,0.3376243129902794,0.12175697843727018,0.517866496045564,0.20394363571880547,0.19079535120786129,0.2172401193149851,False,False,True
qwen,89,cap32_chunk8192_pollpm_mem0.8,32,8192,lpm,0.8,0,tool_agent,4.830078455125737,1001.3477149243924,14042.293889448852,13040.94617452446,228.6554793827236,495.9371470613405,674.2613409832119,253.67639673640952,12.153690913692117,118.32047565840185,28.4105144780696,714.9550647009164,6765.400227881035,9741.130563640032,2294.410717377905,1,,0.011543976926802202,0.011543976926802424,0.011543976926802424,0.011543976926802424,0.3831710362575007,0.7423037322550639,0.7025261328178951,0.6122435006759446,0.004390870876433417,-0.3952206121747328,-0.2597016455548955,0.508164386280217,0.19219789760616202,0.17378742528009872,0.2009450210664906,True,False,True
qwen,91,cap32_chunk8192_pollpm_mem0.9,32,8192,lpm,0.9,0,tool_agent,4.834464448033277,1002.2569970440188,14055.045111189223,13052.788114145204,220.854255836457,534.1518281493319,706.6919260006398,264.97073414735496,12.137292661582643,118.7655640300363,28.30878751959573,741.3523911964148,6592.251054313964,9622.3951034015,2275.077958630864,1,,0.012462517846930865,0.012462517846930865,0.012462517846930865,0.012462517846930865,0.40421588787862817,0.722446819443045,0.6882182510608827,0.5949795660214189,0.005734187044155625,-0.40046903994590366,-0.25519114585642133,0.490004999881708,0.2128722497100941,0.1838581998861185,0.20767787713987806,False,True,True
qwen,96,cap48_chunk-1_pollpm_mem0.75,48,-1,lpm,0.75,0,tool_agent,4.833450407776072,1002.0467712880964,14052.097032511065,13050.050261222968,272.1318784169853,533.9092505164444,666.4856924302875,281.8987167812884,11.30493517659443,90.81509979441762,21.297191782959523,703.8298023398966,6635.482327803035,9545.456513562236,2253.0283794016577,1,,0.012250151459082925,0.012250151459082925,0.012250151459083147,0.012250151459083147,0.2658875920297248,0.7225728663645227,0.7059566309115786,0.5691043353290937,0.07391945822091373,-0.0708805760356106,0.05569793340415463,0.515817734737039,0.2077103505707475,0.1903838931812778,0.2153568972617076,False,False,True
qwen,97,cap48_chunk-1_pollpm_mem0.8,48,-1,lpm,0.8,0,tool_agent,4.836193839371243,1002.6155258092492,14060.07290145044,13057.457375641192,287.2983170673251,521.9046228332445,652.5563412485642,282.879508738406,11.387347730842926,92.23246527835728,20.85658618306576,700.508517678827,6662.929703644475,9504.807251691816,2255.287988674827,1,,0.012824697345239722,0.0128246973452395,0.012824697345239722,0.012824697345239722,0.22497408030628718,0.7288106482446639,0.7121020491811809,0.5676051479362189,0.06716836573823781,-0.08759397688338022,0.07523406674856514,0.5181025301882028,0.20443307987528514,0.19383163788514035,0.21456996228685987,False,False,True
qwen,98,cap48_chunk-1_pollpm_mem0.85,48,-1,lpm,0.85,0,tool_agent,4.848632235766532,1005.1941919579384,14096.234553754606,13091.040361796668,271.61868498660624,530.0351885147385,676.6229479666799,287.4143227492459,11.236083083936284,75.12053833343066,20.432328135079363,703.2675875816494,6685.005972371436,9443.443233990109,2236.469074599445,1,,0.015429620862150717,0.015429620862150495,0.015429620862150717,0.015429620862150717,0.267272000453764,0.7245858862094117,0.7014842276700897,0.5606734679354339,0.07955970137803436,0.11418777775153277,0.09404536147541398,0.5162044964432176,0.20179712994032684,0.1990363441283487,0.2211238660304934,True,True,True
qwen,100,cap48_chunk-1_polfcfs_mem0.75,48,-1,fcfs,0.75,0,tool_agent,4.836519963810841,1002.6831362974444,14061.021029988706,13058.33789369126,233.0746129155159,612.5980989774689,673.3885034266859,290.6456070835702,11.312250392444804,82.62488506734363,21.323732625364727,701.6240828670561,6611.1106275347975,9553.73362054582,2245.265426170081,1,,0.01289299627985696,0.01289299627985696,0.012892996279857183,0.01289299627985696,0.3712498281367477,0.6816849782889702,0.7029112154966424,0.5557342953599886,0.0733202085169462,0.025697436702789456,0.05452113166485295,0.5173351047707375,0.21062037954944124,0.18968185455984055,0.21806043520456053,False,True,True
qwen,120,cap64_chunk-1_pollpm_mem0.75,64,-1,lpm,0.75,0,tool_agent,4.8340531294864775,1002.1717245394892,14053.849301230855,13051.677576691369,277.91728312149644,532.7931509586051,677.2192589147015,291.7548351502046,11.481012510894626,55.48820104449983,20.076292358255586,711.7165736854076,6758.436769363468,9646.28455894533,2277.041731672361,1,,0.012376377051811494,0.012376377051811716,0.012376377051811494,0.012376377051811716,0.25028068333744946,0.7231528081821325,0.7012211443328598,0.5540387872338737,0.05949551057357616,0.34568990363685803,0.1098317300850894,0.5103922258952913,0.19302934825814877,0.18183197013336294,0.2069939705426771,False,False,True
qwen,123,cap64_chunk-1_pollpm_mem0.9,64,-1,lpm,0.9,0,tool_agent,4.836263536285064,1002.629975024938,14060.275528500117,13057.64555347518,263.09899170883,511.57810925506055,668.1858269916847,280.3206449514255,11.455018297357755,86.68253943324083,21.387807679699907,699.2170920129865,6722.9512448888245,9549.8175616702,2263.8550307787955,1,,0.012839293690628306,0.012839293690628306,0.012839293690628528,0.01283929369062875,0.2902550209793229,0.7341764572462354,0.7052065573540891,0.5715164935602174,0.061624911138843164,-0.02214992848804309,0.05168009013963337,0.5189909344618306,0.19726638972053434,0.19001400256517142,0.21158639112583766,False,False,True
qwen,126,cap64_chunk-1_polfcfs_mem0.85,64,-1,fcfs,0.85,0,tool_agent,4.846411495111148,1004.7337991089676,14089.778283276835,13085.044484167867,254.58824657835063,589.1181789105758,674.1241701040417,291.0959360096604,11.24956251617826,79.92946817539621,21.188181554167244,699.4341055396944,6668.504083389415,9488.863060753789,2250.438416602556,1,,0.014964540045112162,0.01496454004511194,0.014964540045112162,0.014964540045112162,0.3132139026719116,0.6938854916081296,0.7025866505272924,0.5550459460686411,0.07845548983515283,0.057481463813248035,0.060531368036179645,0.5188416453856863,0.20376748796263722,0.19518397486088157,0.216258881659793,False,True,True
qwen,138,cap64_chunk8192_pollpm_mem0.85,64,8192,lpm,0.85,0,tool_agent,4.841004300970553,1003.6128066557102,14074.05816403965,13070.44535738394,207.56310340948403,505.9072865406051,683.0919116130098,252.8778807958588,12.23471552427662,121.31353071890771,28.94502487552256,733.5243050474674,6774.159273039548,9759.493651394729,2290.390847120434,1,,0.013832133042656958,0.013832133042656736,0.013832133042656958,0.013832133042656958,0.4400705623461091,0.7371231004997556,0.6986302191194467,0.613464070463855,-0.0022465236858006943,-0.43051435225272217,-0.28340144964529457,0.4953901376972286,0.19115205037529903,0.1722299249556244,0.2023449872188321,True,False,True
qwen,148,cap96_chunk-1_polfcfs_mem0.75,96,-1,fcfs,0.75,0,tool_agent,4.838530479645835,1003.0999463877762,14066.86612225515,13063.766175867371,306.1285209842026,667.2190330456942,686.2167831370607,292.1546542341821,11.042197064186135,56.58618956804276,19.83349434961916,710.7125276234001,6679.396355058998,9382.022298821244,2235.6534659839235,1,,0.013314050555123691,0.013314050555123691,0.013314050555123691,0.013314050555123691,0.17417706813556066,0.6533031340703461,0.6972515732440192,0.5534276446508011,0.09544250542854804,0.33274255693753274,0.12059721802628287,0.5110829344943234,0.20246692928788612,0.20424587793513183,0.22140791113199043,False,False,True
qwen,150,cap96_chunk-1_polfcfs_mem0.85,96,-1,fcfs,0.85,0,tool_agent,4.843954585065115,1004.2244448027742,14082.635406976406,13078.410962173632,281.9374091923237,663.4554403601214,686.8261531880125,297.1822137082927,11.16189862091449,59.64317200705409,20.253547632439087,720.0411877129227,6684.3309861375,9324.829302066932,2246.57278010156,1,,0.014449999218911103,0.014449999218911103,0.014449999218911325,0.014449999218911325,0.2394358516059868,0.6552587524266864,0.6969827284288364,0.5457427796538803,0.08563676300055922,0.2966949930122611,0.10197235954308115,0.5046655140341537,0.20187772462511921,0.20909681107842715,0.21760513412866134,False,False,True
qwen,161,cap96_chunk8192_pollpm_mem0.8,96,8192,lpm,0.8,0,tool_agent,4.83954964496777,1003.3112346464932,14069.829100828998,13066.517866182505,226.08560789376497,502.5387922534719,657.633214406669,252.0043741283007,12.139496848096142,119.44834366440772,27.64265900809807,719.8671756777912,6693.478213413617,9591.193316243583,2268.060368245933,1,,0.013527490264741981,0.013527490264741981,0.013527490264742204,0.013527490264742204,0.39010361085297973,0.738873419891755,0.7098622098195881,0.6147992671629017,0.005553623935326102,-0.40852029408553725,-0.22565548986777806,0.5047852213001331,0.20078552768542157,0.18650463899656733,0.21012183387993522,True,False,True
qwen,165,cap96_chunk8192_polfcfs_mem0.8,96,8192,fcfs,0.8,0,tool_agent,4.852626175419178,1006.0221955570267,14107.845974749158,13101.823779192133,233.7089974898845,647.7428592508651,700.1283792406321,280.11155371321365,11.582471408676527,81.49294340983033,23.716752363312665,719.4275071378797,6770.119842677375,9564.63685621507,2269.820166153368,1,,0.016266055640048682,0.01626605564004846,0.016266055640048682,0.016266055640048904,0.3695384902729957,0.6634232416820036,0.6911139882453444,0.5718360995133585,0.051184174899515544,0.03904515461512559,-0.05158363120613574,0.5050876803732095,0.1916343663106651,0.18875707582330525,0.20950896397429786,False,True,True
qwen,167,cap96_chunk8192_polfcfs_mem0.9,96,8192,fcfs,0.9,0,tool_agent,4.848725589805197,1005.2135456504644,14096.505958217056,13091.29241256659,201.67084806598723,601.2282164767372,684.3688590591773,270.4015894397162,11.649262705837849,97.36781739629804,23.617973626996893,724.4902118109167,6738.810559455303,9504.33487587608,2257.379890298471,1,,0.015449171624402291,0.015449171624402513,0.015449171624402513,0.015449171624402291,0.4559657150336679,0.6875929371956553,0.6980668492924803,0.586678244086885,0.04571274850961937,-0.14814942247178142,-0.04720385354393031,0.5016049181929223,0.19537275634810947,0.1938717033412396,0.2138414334340475,True,True,True
qwen,168,cap128_chunk-1_pollpm_mem0.75,128,-1,lpm,0.75,0,tool_agent,4.832844907173637,1001.9212419307026,14050.33668482963,13048.415442898928,257.2051449678838,570.528144412674,677.2166906809434,295.4039117321372,11.319073149934413,69.60016861557958,21.491649424123292,710.2270633913577,6710.946920770219,9526.27358816098,2271.867786506191,1,,0.012123343894131722,0.012123343894131722,0.012123343894131944,0.012123343894131944,0.3061544666759197,0.7035451481507891,0.7012222773986037,0.5484609992355451,0.07276130014164783,0.17928330390042657,0.04707582236305363,0.5114168975785705,0.19869972964636218,0.19201092959998578,0.20879585658445854,False,False,True
qwen,170,cap128_chunk-1_pollpm_mem0.85,128,-1,lpm,0.85,0,tool_agent,4.837235242757794,1002.831424352332,14063.100531860024,13060.269107507693,239.32596947997808,514.1393010737365,683.0016881553455,286.2503687408753,11.591710894063642,80.93079496175037,21.48843076521318,713.2989990059286,6704.796854010781,9447.261845604511,2263.2509744749404,1,,0.013042794283623316,0.013042794283623316,0.013042794283623538,0.013042794283623538,0.3543859515217994,0.7328456241425598,0.6986700243392191,0.5624526272796475,0.050427292396485024,0.045673940524739276,0.04721853536913723,0.5093036356228248,0.1994340597215678,0.19871246129840625,0.21179676069633158,False,False,True
qwen,171,cap128_chunk-1_pollpm_mem0.9,128,-1,lpm,0.9,0,tool_agent,4.827169871531076,1000.7447219164652,14033.837880707437,13033.093158790973,282.0693131070584,514.1996195539823,684.6475465549156,281.2158979242668,11.394625828618242,55.68002532236278,20.27398882882804,711.5712517406791,6720.125122158785,9504.99741867184,2256.4126036246307,1,,0.010934843919149673,0.010934843919149895,0.010934843919149895,0.010934843919149895,0.23908002302379383,0.7328142817691814,0.6979438966003214,0.5701480565939705,0.06657215668213978,0.3434279351576017,0.10106601169259966,0.5104921965247775,0.19760383433667694,0.19381550850989326,0.21417830216767653,False,False,True
