timestamp,memory.used,memory.total,memory.free,utilization.gpu,utilization.memory,power.draw,temperature.gpu,clocks.current.sm,clocks.current.memory,t_unix
2026/07/07 18:48:22.160,4,143771,143153,0,0,78.84,37,345,3201,1783450102.2286386
2026/07/07 18:48:22.811,4,143771,143153,0,0,78.89,37,345,3201,1783450102.878932
2026/07/07 18:48:23.453,4,143771,143153,0,0,78.88,37,345,3201,1783450103.5181043
2026/07/07 18:48:24.088,4,143771,143153,0,0,78.85,37,345,3201,1783450104.197031
2026/07/07 18:48:24.768,4,143771,143153,0,0,78.87,37,345,3201,1783450104.8387377
2026/07/07 18:48:25.413,4,143771,143153,0,0,78.85,37,345,3201,1783450105.4775953
2026/07/07 18:48:26.051,4,143771,143153,0,0,78.86,37,345,3201,1783450106.1161597
2026/07/07 18:48:26.688,4,143771,143153,0,0,78.88,37,345,3201,1783450106.7526865
2026/07/07 18:48:27.334,4,143771,143153,0,0,78.93,37,345,3201,1783450107.4021075
2026/07/07 18:48:27.974,4,143771,143153,0,0,78.91,37,345,3201,1783450108.038758
2026/07/07 18:48:28.614,4,143771,143153,0,0,78.83,37,345,3201,1783450108.7346249
2026/07/07 18:48:29.305,4,143771,143153,0,0,78.82,37,345,3201,1783450109.3697202
2026/07/07 18:48:29.956,4,143771,143153,0,0,78.84,37,345,3201,1783450110.0298827
2026/07/07 18:48:30.598,4,143771,143153,0,0,78.85,37,345,3201,1783450110.6640532
2026/07/07 18:48:31.234,4,143771,143153,0,0,78.86,37,345,3201,1783450111.301523
2026/07/07 18:48:31.871,4,143771,143153,0,0,78.83,37,345,3201,1783450111.9840412
2026/07/07 18:48:32.554,4,143771,143153,0,0,78.80,37,345,3201,1783450112.6186302
2026/07/07 18:48:33.224,4,143771,143153,0,0,78.85,37,345,3201,1783450113.693887
2026/07/07 18:48:34.270,4,143771,143153,0,0,78.89,37,345,3201,1783450114.337523
2026/07/07 18:48:34.908,4,143771,143153,0,0,78.83,37,345,3201,1783450114.9752228
2026/07/07 18:48:35.547,4,143771,143153,0,0,78.83,37,345,3201,1783450115.6682498
2026/07/07 18:48:36.237,4,143771,143153,0,0,78.85,37,345,3201,1783450116.302825
2026/07/07 18:48:36.874,4,143771,143153,0,0,78.91,37,345,3201,1783450116.939301
2026/07/07 18:48:37.508,4,143771,143153,0,0,78.89,37,345,3201,1783450117.5732872
2026/07/07 18:48:38.139,692,143771,142465,0,0,96.47,38,1980,3201,1783450118.2037828
2026/07/07 18:48:38.770,1342,143771,141815,7,0,121.13,38,1980,3201,1783450118.8396387
2026/07/07 18:48:39.407,59104,143771,84053,11,0,121.16,38,1980,3201,1783450119.4730275
2026/07/07 18:48:40.074,59104,143771,84053,10,0,121.73,38,1980,3201,1783450120.1402097
2026/07/07 18:48:40.705,59104,143771,84053,11,0,121.81,38,1980,3201,1783450120.7693605
2026/07/07 18:48:41.343,59104,143771,84053,11,0,121.83,38,1980,3201,1783450121.4121625
2026/07/07 18:48:41.975,59104,143771,84053,11,0,121.83,38,1980,3201,1783450122.0475242
2026/07/07 18:48:42.619,59104,143771,84053,5,0,121.75,39,1980,3201,1783450122.688989
2026/07/07 18:48:43.277,59104,143771,84053,5,0,121.76,39,1980,3201,1783450123.3416145
2026/07/07 18:48:43.913,59104,143771,84053,11,0,121.86,39,1980,3201,1783450123.9777012
2026/07/07 18:48:44.545,59104,143771,84053,11,0,121.85,39,1980,3201,1783450124.6109617
2026/07/07 18:48:45.183,59104,143771,84053,0,0,121.51,39,1980,3201,1783450125.2550044
2026/07/07 18:48:45.822,59104,143771,84053,0,0,120.88,39,1980,3201,1783450125.8870375
2026/07/07 18:48:46.481,59104,143771,84053,0,0,120.87,39,1980,3201,1783450126.5451698
2026/07/07 18:48:47.110,59104,143771,84053,0,0,120.93,39,1980,3201,1783450127.1744027
2026/07/07 18:48:47.739,59104,143771,84053,0,0,120.91,39,1980,3201,1783450127.8029292
2026/07/07 18:48:48.376,59104,143771,84053,0,0,120.91,39,1980,3201,1783450128.4400845
2026/07/07 18:48:49.015,59104,143771,84053,0,0,120.89,39,1980,3201,1783450129.0782459
2026/07/07 18:48:49.650,59104,143771,84053,0,0,120.90,39,1980,3201,1783450129.7703896
2026/07/07 18:48:50.340,59104,143771,84053,0,0,120.95,39,1980,3201,1783450130.4031894
2026/07/07 18:48:50.979,59104,143771,84053,0,0,120.90,39,1980,3201,1783450131.0584493
2026/07/07 18:48:51.624,59104,143771,84053,0,0,120.96,39,1980,3201,1783450131.6874497
2026/07/07 18:48:52.255,59104,143771,84053,0,0,120.89,39,1980,3201,1783450132.3190303
2026/07/07 18:48:52.889,59104,143771,84053,0,0,120.89,39,1980,3201,1783450132.9982994
2026/07/07 18:48:53.566,59104,143771,84053,0,0,120.97,39,1980,3201,1783450133.6304858
2026/07/07 18:48:54.197,59104,143771,84053,0,0,120.96,39,1980,3201,1783450134.26181
2026/07/07 18:48:54.826,59104,143771,84053,0,0,121.02,39,1980,3201,1783450134.8900075
2026/07/07 18:48:55.457,59104,143771,84053,0,0,120.99,39,1980,3201,1783450135.5236573
2026/07/07 18:48:56.094,59104,143771,84053,0,0,121.04,39,1980,3201,1783450136.2038653
2026/07/07 18:48:56.777,59104,143771,84053,0,0,121.02,39,1980,3201,1783450136.8451686
2026/07/07 18:48:57.415,59104,143771,84053,0,0,121.02,39,1980,3201,1783450137.4783022
2026/07/07 18:48:58.050,59104,143771,84053,0,0,121.07,39,1980,3201,1783450138.1227555
2026/07/07 18:48:58.690,59104,143771,84053,0,0,121.09,39,1980,3201,1783450138.753649
2026/07/07 18:48:59.325,59104,143771,84053,0,0,121.06,39,1980,3201,1783450139.4488325
2026/07/07 18:49:00.018,59104,143771,84053,0,0,121.05,39,1980,3201,1783450140.0804548
2026/07/07 18:49:00.652,59104,143771,84053,0,0,121.00,39,1980,3201,1783450140.7187786
2026/07/07 18:49:01.283,59104,143771,84053,0,0,121.07,39,1980,3201,1783450141.3485038
2026/07/07 18:49:01.916,59104,143771,84053,0,0,121.06,39,1980,3201,1783450141.98141
2026/07/07 18:49:02.546,59104,143771,84053,0,0,121.06,39,1980,3201,1783450142.6081302
2026/07/07 18:49:03.180,59104,143771,84053,0,0,121.08,39,1980,3201,1783450143.2461245
2026/07/07 18:49:03.843,59104,143771,84053,0,0,121.07,39,1980,3201,1783450143.9054112
2026/07/07 18:49:04.471,59104,143771,84053,0,0,121.08,39,1980,3201,1783450144.5342586
2026/07/07 18:49:05.111,59104,143771,84053,0,0,121.09,39,1980,3201,1783450145.1755326
2026/07/07 18:49:05.742,59104,143771,84053,0,0,121.12,39,1980,3201,1783450145.8159273
2026/07/07 18:49:06.389,59104,143771,84053,0,0,121.13,39,1980,3201,1783450146.4582856
2026/07/07 18:49:07.046,59104,143771,84053,0,0,121.15,39,1980,3201,1783450147.1104367
2026/07/07 18:49:07.681,59104,143771,84053,0,0,121.13,39,1980,3201,1783450147.750445
2026/07/07 18:49:08.317,59104,143771,84053,0,0,121.11,39,1980,3201,1783450148.382583
2026/07/07 18:49:08.947,59104,143771,84053,0,0,121.16,39,1980,3201,1783450149.0198352
2026/07/07 18:49:09.584,59104,143771,84053,0,0,121.16,39,1980,3201,1783450149.647975
2026/07/07 18:49:10.266,59104,143771,84053,0,0,121.15,39,1980,3201,1783450150.3300326
2026/07/07 18:49:10.895,59104,143771,84053,0,0,121.14,39,1980,3201,1783450150.957793
2026/07/07 18:49:11.523,59104,143771,84053,0,0,121.09,39,1980,3201,1783450151.5874035
2026/07/07 18:49:12.158,59104,143771,84053,0,0,121.11,39,1980,3201,1783450152.2282248
2026/07/07 18:49:12.794,59104,143771,84053,0,0,121.11,39,1980,3201,1783450152.8571324
2026/07/07 18:49:13.478,59104,143771,84053,0,0,121.17,39,1980,3201,1783450153.544994
2026/07/07 18:49:14.110,59104,143771,84053,0,0,121.15,39,1980,3201,1783450154.1748366
2026/07/07 18:49:14.754,59104,143771,84053,0,0,121.14,39,1980,3201,1783450154.82657
2026/07/07 18:49:15.391,59104,143771,84053,0,0,121.18,39,1980,3201,1783450155.463326
2026/07/07 18:49:16.037,59104,143771,84053,0,0,121.18,39,1980,3201,1783450156.1037314
2026/07/07 18:49:16.701,59104,143771,84053,0,0,121.19,39,1980,3201,1783450156.7681115
2026/07/07 18:49:17.334,59104,143771,84053,0,0,121.25,39,1980,3201,1783450157.404055
2026/07/07 18:49:17.971,59104,143771,84053,0,0,121.24,39,1980,3201,1783450158.0362833
2026/07/07 18:49:18.601,59104,143771,84053,0,0,121.20,39,1980,3201,1783450158.6722655
2026/07/07 18:49:19.240,59104,143771,84053,0,0,121.20,39,1980,3201,1783450159.304346
2026/07/07 18:49:19.911,59104,143771,84053,0,0,121.22,39,1980,3201,1783450159.9756503
2026/07/07 18:49:20.547,59104,143771,84053,0,0,121.22,39,1980,3201,1783450160.6156876
2026/07/07 18:49:21.182,59104,143771,84053,0,0,121.19,39,1980,3201,1783450161.247328
2026/07/07 18:49:21.818,59104,143771,84053,0,0,121.28,39,1980,3201,1783450161.8992834
2026/07/07 18:49:22.466,59104,143771,84053,0,0,121.24,39,1980,3201,1783450162.530509
2026/07/07 18:49:23.143,59104,143771,84053,0,0,121.27,39,1980,3201,1783450163.2132494
2026/07/07 18:49:23.779,59104,143771,84053,0,0,121.27,39,1980,3201,1783450163.8421664
2026/07/07 18:49:24.422,59104,143771,84053,0,0,121.24,39,1980,3201,1783450164.488533
2026/07/07 18:49:25.054,59104,143771,84053,0,0,121.29,39,1980,3201,1783450165.126722
2026/07/07 18:49:25.691,59104,143771,84053,0,0,121.29,39,1980,3201,1783450165.7557516
2026/07/07 18:49:26.355,59104,143771,84053,0,0,121.30,39,1980,3201,1783450166.4196296
2026/07/07 18:49:26.987,59104,143771,84053,0,0,121.29,39,1980,3201,1783450167.0496712
2026/07/07 18:49:27.615,59104,143771,84053,0,0,121.25,39,1980,3201,1783450167.6806748
2026/07/07 18:49:28.247,59104,143771,84053,0,0,121.25,39,1980,3201,1783450168.320364
2026/07/07 18:49:28.895,59104,143771,84053,0,0,121.29,39,1980,3201,1783450168.9576948
2026/07/07 18:49:29.566,59104,143771,84053,0,0,121.32,39,1980,3201,1783450169.6309206
2026/07/07 18:49:30.200,59104,143771,84053,0,0,121.32,39,1980,3201,1783450170.2673056
2026/07/07 18:49:30.830,59104,143771,84053,0,0,121.33,39,1980,3201,1783450170.8987062
2026/07/07 18:49:31.472,59104,143771,84053,0,0,121.33,39,1980,3201,1783450171.5518262
2026/07/07 18:49:32.116,59104,143771,84053,0,0,121.26,39,1980,3201,1783450172.180296
2026/07/07 18:49:32.807,59104,143771,84053,0,0,121.29,39,1980,3201,1783450172.8825693
2026/07/07 18:49:33.447,59104,143771,84053,0,0,121.30,40,1980,3201,1783450173.5104992
2026/07/07 18:49:34.076,59104,143771,84053,0,0,121.33,40,1980,3201,1783450174.1430242
2026/07/07 18:49:34.708,59104,143771,84053,0,0,121.37,39,1980,3201,1783450174.7764535
2026/07/07 18:49:35.348,59104,143771,84053,0,0,121.35,40,1980,3201,1783450175.4126992
2026/07/07 18:49:36.007,59104,143771,84053,0,0,121.34,39,1980,3201,1783450176.0714238
2026/07/07 18:49:36.637,59104,143771,84053,0,0,121.29,40,1980,3201,1783450176.7000299
2026/07/07 18:49:37.271,59104,143771,84053,0,0,121.33,40,1980,3201,1783450177.3349035
2026/07/07 18:49:37.901,59104,143771,84053,0,0,121.38,39,1980,3201,1783450177.9678512
2026/07/07 18:49:38.540,59104,143771,84053,0,0,121.38,40,1980,3201,1783450178.6145363
2026/07/07 18:49:39.230,59104,143771,84053,0,0,121.34,40,1980,3201,1783450179.2949033
2026/07/07 18:49:39.869,59104,143771,84053,0,0,121.36,40,1980,3201,1783450179.933816
2026/07/07 18:49:40.501,59104,143771,84053,0,0,121.31,40,1980,3201,1783450180.5673084
2026/07/07 18:49:41.140,59104,143771,84053,0,0,121.36,40,1980,3201,1783450181.2132797
2026/07/07 18:49:41.783,59104,143771,84053,0,0,121.43,40,1980,3201,1783450181.8473647
2026/07/07 18:49:42.441,59104,143771,84053,0,0,121.39,40,1980,3201,1783450182.5098984
2026/07/07 18:49:43.076,59104,143771,84053,0,0,121.39,40,1980,3201,1783450183.1405103
2026/07/07 18:49:43.704,59104,143771,84053,0,0,121.38,40,1980,3201,1783450183.768639
2026/07/07 18:49:44.339,59104,143771,84053,0,0,121.34,40,1980,3201,1783450184.4020846
2026/07/07 18:49:44.973,59104,143771,84053,0,0,121.38,40,1980,3201,1783450185.0363808
2026/07/07 18:49:45.606,59104,143771,84053,0,0,121.38,40,1980,3201,1783450185.7168612
2026/07/07 18:49:46.286,59104,143771,84053,0,0,121.42,40,1980,3201,1783450186.3486526
2026/07/07 18:49:46.920,59104,143771,84053,0,0,121.42,40,1980,3201,1783450186.9906065
2026/07/07 18:49:47.555,59104,143771,84053,0,0,121.41,40,1980,3201,1783450187.6181278
2026/07/07 18:49:48.193,59104,143771,84053,0,0,121.44,40,1980,3201,1783450188.2642229
2026/07/07 18:49:48.832,59104,143771,84053,0,0,121.40,40,1980,3201,1783450188.941494
2026/07/07 18:49:49.517,59104,143771,84053,0,0,121.40,40,1980,3201,1783450189.5855494
2026/07/07 18:49:50.155,59104,143771,84053,0,0,121.46,40,1980,3201,1783450190.2185776
2026/07/07 18:49:50.783,59104,143771,84053,0,0,121.46,40,1980,3201,1783450190.8504996
2026/07/07 18:49:51.418,59104,143771,84053,0,0,121.41,40,1980,3201,1783450191.4814897
2026/07/07 18:49:52.047,59104,143771,84053,0,0,121.42,40,1980,3201,1783450192.1583023
2026/07/07 18:49:52.727,59104,143771,84053,0,0,121.42,40,1980,3201,1783450192.7913454
2026/07/07 18:49:53.358,59104,143771,84053,0,0,121.39,40,1980,3201,1783450193.424775
2026/07/07 18:49:53.994,59104,143771,84053,0,0,121.39,40,1980,3201,1783450194.0602837
2026/07/07 18:49:54.627,59104,143771,84053,0,0,121.44,40,1980,3201,1783450194.6930535
2026/07/07 18:49:55.264,59104,143771,84053,0,0,121.43,40,1980,3201,1783450195.379509
2026/07/07 18:49:55.949,59104,143771,84053,0,0,121.44,40,1980,3201,1783450196.0146208
2026/07/07 18:49:56.591,59104,143771,84053,0,0,121.47,40,1980,3201,1783450196.6630983
2026/07/07 18:49:57.230,59104,143771,84053,0,0,121.41,40,1980,3201,1783450197.2949097
2026/07/07 18:49:57.868,59104,143771,84053,0,0,121.44,40,1980,3201,1783450197.9396107
2026/07/07 18:49:58.504,59104,143771,84053,0,0,121.46,40,1980,3201,1783450198.6116037
2026/07/07 18:49:59.186,59104,143771,84053,0,0,121.45,40,1980,3201,1783450199.2603967
2026/07/07 18:49:59.832,59104,143771,84053,0,0,121.49,40,1980,3201,1783450199.8950274
2026/07/07 18:50:00.461,59104,143771,84053,0,0,121.41,40,1980,3201,1783450200.5255804
2026/07/07 18:50:01.098,59104,143771,84053,0,0,121.42,40,1980,3201,1783450201.1623251
2026/07/07 18:50:01.730,59104,143771,84053,0,0,121.43,40,1980,3201,1783450201.8374498
2026/07/07 18:50:02.406,59104,143771,84053,0,0,121.43,40,1980,3201,1783450202.472082
2026/07/07 18:50:03.044,59104,143771,84053,0,0,121.46,40,1980,3201,1783450203.106905
2026/07/07 18:50:03.817,59104,143771,84053,0,0,121.46,40,1980,3201,1783450203.9299164
2026/07/07 18:50:04.499,59104,143771,84053,0,0,121.41,40,1980,3201,1783450204.599936
2026/07/07 18:50:05.188,59104,143771,84053,0,0,121.43,40,1980,3201,1783450205.3022916
2026/07/07 18:50:05.871,59104,143771,84053,0,0,121.47,40,1980,3201,1783450205.9365244
2026/07/07 18:50:06.512,59104,143771,84053,0,0,121.47,40,1980,3201,1783450206.5796556
2026/07/07 18:50:07.145,59104,143771,84053,0,0,121.47,40,1980,3201,1783450207.210493
2026/07/07 18:50:07.785,59104,143771,84053,0,0,121.54,40,1980,3201,1783450207.8629487
2026/07/07 18:50:08.432,59104,143771,84053,0,0,121.49,40,1980,3201,1783450208.5428598
2026/07/07 18:50:09.126,59104,143771,84053,0,0,121.51,40,1980,3201,1783450209.1919224
2026/07/07 18:50:09.761,59104,143771,84053,0,0,121.47,40,1980,3201,1783450209.825061
2026/07/07 18:50:10.392,59104,143771,84053,0,0,121.45,40,1980,3201,1783450210.4553604
2026/07/07 18:50:11.020,59104,143771,84053,0,0,121.48,40,1980,3201,1783450211.0864332
2026/07/07 18:50:11.667,59104,143771,84053,0,0,121.51,40,1980,3201,1783450211.7309716
2026/07/07 18:50:12.298,59104,143771,84053,0,0,121.51,40,1980,3201,1783450212.3646262
2026/07/07 18:50:12.955,59104,143771,84053,0,0,121.47,40,1980,3201,1783450213.0183897
2026/07/07 18:50:13.590,59104,143771,84053,0,0,121.47,40,1980,3201,1783450213.653961
2026/07/07 18:50:14.216,59104,143771,84053,0,0,121.49,40,1980,3201,1783450214.2812955
2026/07/07 18:50:14.854,59104,143771,84053,0,0,121.53,40,1980,3201,1783450214.9339979
2026/07/07 18:50:15.499,59104,143771,84053,0,0,121.58,40,1980,3201,1783450215.564305
2026/07/07 18:50:16.180,59104,143771,84053,0,0,121.50,40,1980,3201,1783450216.2501347
2026/07/07 18:50:16.814,59104,143771,84053,0,0,121.50,40,1980,3201,1783450216.877341
2026/07/07 18:50:17.448,59104,143771,84053,0,0,121.51,40,1980,3201,1783450217.5156991
2026/07/07 18:50:18.080,59104,143771,84053,0,0,121.53,40,1980,3201,1783450218.1493342
2026/07/07 18:50:18.712,59104,143771,84053,0,0,121.57,40,1980,3201,1783450218.7748725
2026/07/07 18:50:19.395,59104,143771,84053,0,0,121.52,40,1980,3201,1783450219.4614313
2026/07/07 18:50:20.025,59104,143771,84053,0,0,121.57,40,1980,3201,1783450220.0886497
2026/07/07 18:50:20.651,59104,143771,84053,0,0,121.54,40,1980,3201,1783450220.714791
2026/07/07 18:50:21.285,59104,143771,84053,0,0,121.50,40,1980,3201,1783450221.349385
2026/07/07 18:50:21.924,59104,143771,84053,0,0,121.50,40,1980,3201,1783450221.9867885
2026/07/07 18:50:22.550,59104,143771,84053,0,0,121.47,40,1980,3201,1783450222.6583312
2026/07/07 18:50:23.233,59104,143771,84053,0,0,121.46,40,1980,3201,1783450223.2966585
2026/07/07 18:50:23.864,59104,143771,84053,0,0,121.49,40,1980,3201,1783450223.9285936
2026/07/07 18:50:24.500,59104,143771,84053,0,0,121.50,40,1980,3201,1783450224.5730479
2026/07/07 18:50:25.139,59104,143771,84053,0,0,121.49,40,1980,3201,1783450225.2040963
2026/07/07 18:50:25.768,59104,143771,84053,0,0,121.45,40,1980,3201,1783450225.8862932
2026/07/07 18:50:26.453,59104,143771,84053,0,0,121.46,40,1980,3201,1783450226.5179744
2026/07/07 18:50:27.086,59104,143771,84053,0,0,121.46,40,1980,3201,1783450227.1547663
2026/07/07 18:50:27.719,59104,143771,84053,0,0,121.54,40,1980,3201,1783450227.7821271
2026/07/07 18:50:28.348,59104,143771,84053,0,0,121.56,40,1980,3201,1783450228.4124398
2026/07/07 18:50:28.980,59104,143771,84053,0,0,121.52,40,1980,3201,1783450229.0865486
2026/07/07 18:50:29.653,59104,143771,84053,0,0,121.53,40,1980,3201,1783450229.7184243
2026/07/07 18:50:30.291,59104,143771,84053,0,0,121.52,40,1980,3201,1783450230.3584046
2026/07/07 18:50:30.921,59104,143771,84053,0,0,121.53,40,1980,3201,1783450230.9873507
2026/07/07 18:50:31.559,59104,143771,84053,0,0,121.56,40,1980,3201,1783450231.6356006
2026/07/07 18:50:32.201,59104,143771,84053,0,0,121.52,40,1980,3201,1783450232.3135571
2026/07/07 18:50:32.889,59104,143771,84053,0,0,121.51,40,1980,3201,1783450232.9564087
2026/07/07 18:50:33.527,59104,143771,84053,0,0,121.57,40,1980,3201,1783450233.595612
2026/07/07 18:50:34.159,59104,143771,84053,0,0,121.58,40,1980,3201,1783450234.2269993
2026/07/07 18:50:34.791,59104,143771,84053,0,0,121.53,40,1980,3201,1783450234.8540826
2026/07/07 18:50:35.417,59104,143771,84053,0,0,121.54,40,1980,3201,1783450235.525669
2026/07/07 18:50:36.093,59104,143771,84053,0,0,121.52,40,1980,3201,1783450236.1582446
2026/07/07 18:50:36.725,59104,143771,84053,0,0,121.54,40,1980,3201,1783450236.789899
2026/07/07 18:50:37.358,59104,143771,84053,0,0,121.56,40,1980,3201,1783450237.4213417
2026/07/07 18:50:37.988,59104,143771,84053,0,0,121.53,40,1980,3201,1783450238.0510375
2026/07/07 18:50:38.623,59104,143771,84053,0,0,121.54,40,1980,3201,1783450238.732323
2026/07/07 18:50:39.303,59104,143771,84053,0,0,121.54,40,1980,3201,1783450239.3704576
2026/07/07 18:50:39.949,59104,143771,84053,0,0,121.52,40,1980,3201,1783450240.0160012
2026/07/07 18:50:40.582,59104,143771,84053,0,0,121.56,40,1980,3201,1783450240.645552
2026/07/07 18:50:41.220,59104,143771,84053,0,0,121.54,40,1980,3201,1783450241.2957246
2026/07/07 18:50:41.861,59104,143771,84053,0,0,121.54,40,1980,3201,1783450241.9669719
2026/07/07 18:50:42.542,59104,143771,84053,0,0,121.55,40,1980,3201,1783450242.609954
2026/07/07 18:50:43.177,59104,143771,84053,0,0,121.54,40,1980,3201,1783450243.2398794
2026/07/07 18:50:43.805,59104,143771,84053,0,0,121.53,40,1980,3201,1783450243.8676014
2026/07/07 18:50:44.438,59104,143771,84053,0,0,121.55,40,1980,3201,1783450244.5047724
2026/07/07 18:50:45.071,59104,143771,84053,0,0,121.58,40,1980,3201,1783450245.1348004
2026/07/07 18:50:45.710,59104,143771,84053,0,0,121.60,40,1980,3201,1783450245.7741368
2026/07/07 18:50:46.337,59104,143771,84053,0,0,121.60,40,1980,3201,1783450246.4002848
2026/07/07 18:50:46.973,59104,143771,84053,0,0,121.52,40,1980,3201,1783450247.0374556
2026/07/07 18:50:47.609,59104,143771,84053,0,0,121.53,40,1980,3201,1783450247.6721704
2026/07/07 18:50:48.244,59104,143771,84053,0,0,121.55,40,1980,3201,1783450248.3217673
2026/07/07 18:50:48.891,59104,143771,84053,0,0,121.62,40,1980,3201,1783450248.9555163
2026/07/07 18:50:49.551,59104,143771,84053,0,0,121.61,40,1980,3201,1783450249.6185822
2026/07/07 18:50:50.185,59104,143771,84053,0,0,121.54,40,1980,3201,1783450250.2489476
2026/07/07 18:50:50.816,59104,143771,84053,0,0,121.52,40,1980,3201,1783450250.8791683
2026/07/07 18:50:51.443,59104,143771,84053,0,0,121.53,40,1980,3201,1783450251.5140002
2026/07/07 18:50:52.081,59104,143771,84053,0,0,121.55,40,1980,3201,1783450252.1453536
2026/07/07 18:50:52.752,59104,143771,84053,0,0,121.50,40,1980,3201,1783450252.8151965
2026/07/07 18:50:53.384,59104,143771,84053,0,0,121.56,40,1980,3201,1783450253.44779
2026/07/07 18:50:54.017,59104,143771,84053,0,0,121.58,40,1980,3201,1783450254.0819166
2026/07/07 18:50:54.647,59104,143771,84053,0,0,121.54,40,1980,3201,1783450254.723837
2026/07/07 18:50:55.300,59104,143771,84053,0,0,121.56,40,1980,3201,1783450255.368263
2026/07/07 18:50:55.959,59104,143771,84053,0,0,121.55,40,1980,3201,1783450256.021684
2026/07/07 18:50:56.594,59104,143771,84053,0,0,121.47,40,1980,3201,1783450256.665087
2026/07/07 18:50:57.233,59104,143771,84053,0,0,121.50,40,1980,3201,1783450257.2984138
2026/07/07 18:50:57.870,59104,143771,84053,0,0,121.54,40,1980,3201,1783450257.9497654
2026/07/07 18:50:58.517,59104,143771,84053,0,0,121.57,40,1980,3201,1783450258.5823553
2026/07/07 18:50:59.169,59104,143771,84053,0,0,121.56,40,1980,3201,1783450259.233022
2026/07/07 18:50:59.798,59104,143771,84053,0,0,121.51,40,1980,3201,1783450259.8615046
2026/07/07 18:51:00.425,59104,143771,84053,0,0,121.49,40,1980,3201,1783450260.4888113
2026/07/07 18:51:01.059,59104,143771,84053,0,0,121.51,40,1980,3201,1783450261.1297355
2026/07/07 18:51:01.697,59104,143771,84053,0,0,121.48,40,1980,3201,1783450261.7622535
2026/07/07 18:51:02.357,59104,143771,84053,0,0,121.54,40,1980,3201,1783450262.4205558
2026/07/07 18:51:02.985,59104,143771,84053,0,0,121.54,40,1980,3201,1783450263.0488944
2026/07/07 18:51:03.623,59104,143771,84053,0,0,121.50,40,1980,3201,1783450263.6930993
2026/07/07 18:51:04.259,59104,143771,84053,0,0,121.47,40,1980,3201,1783450264.3320217
2026/07/07 18:51:04.903,59104,143771,84053,0,0,121.44,40,1980,3201,1783450264.9692411
2026/07/07 18:51:05.564,59104,143771,84053,0,0,121.46,40,1980,3201,1783450265.6284761
2026/07/07 18:51:06.195,59104,143771,84053,0,0,121.49,40,1980,3201,1783450266.262561
2026/07/07 18:51:06.827,59104,143771,84053,0,0,121.55,40,1980,3201,1783450266.8907278
2026/07/07 18:51:07.460,59104,143771,84053,0,0,121.52,40,1980,3201,1783450267.5282817
2026/07/07 18:51:08.095,59104,143771,84053,0,0,121.52,40,1980,3201,1783450268.1592686
2026/07/07 18:51:08.766,59104,143771,84053,0,0,121.40,40,1980,3201,1783450268.8314836
2026/07/07 18:51:09.403,59104,143771,84053,0,0,121.39,40,1980,3201,1783450269.4683428
2026/07/07 18:51:10.034,59104,143771,84053,0,0,121.50,40,1980,3201,1783450270.098645
2026/07/07 18:51:10.669,59104,143771,84053,0,0,121.51,40,1980,3201,1783450270.744544
2026/07/07 18:51:11.308,59104,143771,84053,0,0,121.51,40,1980,3201,1783450271.3760588
2026/07/07 18:51:11.990,59104,143771,84053,0,0,121.44,40,1980,3201,1783450272.060956
2026/07/07 18:51:12.626,59104,143771,84053,0,0,121.50,40,1980,3201,1783450272.689467
2026/07/07 18:51:13.262,59104,143771,84053,0,0,121.45,40,1980,3201,1783450273.3319228
2026/07/07 18:51:13.900,59104,143771,84053,0,0,121.43,40,1980,3201,1783450273.9702725
2026/07/07 18:51:14.538,59104,143771,84053,0,0,121.51,40,1980,3201,1783450274.610452
2026/07/07 18:51:15.186,59104,143771,84053,0,0,121.54,40,1980,3201,1783450275.2489853
2026/07/07 18:51:15.816,59104,143771,84053,0,0,121.51,40,1980,3201,1783450275.8789964
2026/07/07 18:51:16.445,59104,143771,84053,0,0,121.45,40,1980,3201,1783450276.5094664
2026/07/07 18:51:17.075,59104,143771,84053,0,0,121.47,40,1980,3201,1783450277.1461246
2026/07/07 18:51:17.721,59104,143771,84053,0,0,121.46,40,1980,3201,1783450277.7864523
2026/07/07 18:51:18.377,59104,143771,84053,0,0,121.52,40,1980,3201,1783450278.4411995
2026/07/07 18:51:19.014,59104,143771,84053,0,0,121.44,40,1980,3201,1783450279.0815148
2026/07/07 18:51:19.649,59104,143771,84053,0,0,121.46,40,1980,3201,1783450279.7144196
2026/07/07 18:51:20.288,59104,143771,84053,0,0,121.47,40,1980,3201,1783450280.3653975
2026/07/07 18:51:20.935,59104,143771,84053,0,0,121.48,40,1980,3201,1783450280.998609
2026/07/07 18:51:21.597,59104,143771,84053,0,0,121.43,40,1980,3201,1783450281.6700256
2026/07/07 18:51:22.236,59104,143771,84053,0,0,121.41,40,1980,3201,1783450282.2997036
2026/07/07 18:51:22.868,59104,143771,84053,0,0,121.43,40,1980,3201,1783450282.932394
2026/07/07 18:51:23.499,59104,143771,84053,0,0,121.45,40,1980,3201,1783450283.5691352
2026/07/07 18:51:24.137,59104,143771,84053,0,0,121.45,40,1980,3201,1783450284.2015235
2026/07/07 18:51:24.792,59104,143771,84053,0,0,121.42,40,1980,3201,1783450284.8556166
2026/07/07 18:51:25.422,59104,143771,84053,0,0,121.38,40,1980,3201,1783450285.4850864
2026/07/07 18:51:26.061,59104,143771,84053,0,0,121.37,40,1980,3201,1783450286.1275108
2026/07/07 18:51:26.694,59104,143771,84053,0,0,121.44,40,1980,3201,1783450286.7659516
2026/07/07 18:51:27.339,59104,143771,84053,0,0,121.45,40,1980,3201,1783450287.4038792
2026/07/07 18:51:27.996,59104,143771,84053,0,0,121.44,40,1980,3201,1783450288.0596128
2026/07/07 18:51:28.634,59104,143771,84053,0,0,121.46,40,1980,3201,1783450288.6993034
2026/07/07 18:51:29.267,59104,143771,84053,0,0,121.46,40,1980,3201,1783450289.3316777
2026/07/07 18:51:29.903,59104,143771,84053,0,0,121.42,40,1980,3201,1783450289.9768038
2026/07/07 18:51:30.544,59104,143771,84053,0,0,121.42,40,1980,3201,1783450290.6091485
2026/07/07 18:51:31.197,59104,143771,84053,0,0,121.44,40,1980,3201,1783450291.2615733
2026/07/07 18:51:31.827,59104,143771,84053,0,0,121.40,40,1980,3201,1783450291.8898878
2026/07/07 18:51:32.457,59104,143771,84053,0,0,121.41,40,1980,3201,1783450292.5215352
2026/07/07 18:51:33.088,59104,143771,84053,0,0,121.40,40,1980,3201,1783450293.157827
2026/07/07 18:51:33.724,59104,143771,84053,0,0,121.44,40,1980,3201,1783450293.7875433
2026/07/07 18:51:34.394,59104,143771,84053,0,0,121.40,40,1980,3201,1783450294.4592547
2026/07/07 18:51:35.026,59104,143771,84053,0,0,121.34,40,1980,3201,1783450295.0899546
2026/07/07 18:51:35.665,59104,143771,84053,0,0,121.39,40,1980,3201,1783450295.7325902
2026/07/07 18:51:36.297,59104,143771,84053,0,0,121.43,40,1980,3201,1783450296.3691452
2026/07/07 18:51:36.944,59104,143771,84053,0,0,121.43,40,1980,3201,1783450297.0100696
2026/07/07 18:51:37.594,59104,143771,84053,0,0,121.44,40,1980,3201,1783450297.6576426
2026/07/07 18:51:38.234,59104,143771,84053,0,0,121.41,40,1980,3201,1783450298.307539
2026/07/07 18:51:38.876,59104,143771,84053,0,0,121.35,40,1980,3201,1783450298.9415398
2026/07/07 18:51:39.508,59104,143771,84053,0,0,121.40,40,1980,3201,1783450299.578978
2026/07/07 18:51:40.154,59104,143771,84053,0,0,121.39,40,1980,3201,1783450300.2181544
2026/07/07 18:51:40.784,59104,143771,84053,0,0,121.35,40,1980,3201,1783450300.888728
2026/07/07 18:51:41.458,59104,143771,84053,0,0,121.39,40,1980,3201,1783450301.521674
2026/07/07 18:51:42.089,59104,143771,84053,0,0,121.34,40,1980,3201,1783450302.1545632
2026/07/07 18:51:42.726,59104,143771,84053,0,0,121.34,40,1980,3201,1783450302.7895687
2026/07/07 18:51:43.353,59104,143771,84053,0,0,121.32,40,1980,3201,1783450303.4171603
2026/07/07 18:51:43.989,59104,143771,84053,0,0,121.34,40,1980,3201,1783450304.1043632
2026/07/07 18:51:44.673,59104,143771,84053,0,0,121.37,40,1980,3201,1783450304.7372863
2026/07/07 18:51:45.315,59104,143771,84053,0,0,121.36,40,1980,3201,1783450305.3950052
2026/07/07 18:51:45.959,59104,143771,84053,0,0,121.35,40,1980,3201,1783450306.0246623
2026/07/07 18:51:46.597,59104,143771,84053,0,0,121.33,40,1980,3201,1783450306.6629803
2026/07/07 18:51:47.229,59104,143771,84053,0,0,121.37,40,1980,3201,1783450307.3423004
2026/07/07 18:51:47.912,59104,143771,84053,0,0,121.37,40,1980,3201,1783450307.977824
2026/07/07 18:51:48.547,59104,143771,84053,0,0,121.32,40,1980,3201,1783450308.611726
2026/07/07 18:51:49.177,59104,143771,84053,0,0,121.32,40,1980,3201,1783450309.2403038
2026/07/07 18:51:49.806,59104,143771,84053,0,0,121.33,40,1980,3201,1783450309.870795
2026/07/07 18:51:50.448,59104,143771,84053,0,0,121.30,40,1980,3201,1783450310.5569048
2026/07/07 18:51:51.124,59104,143771,84053,0,0,121.33,40,1980,3201,1783450311.188684
2026/07/07 18:51:51.763,59104,143771,84053,0,0,121.36,40,1980,3201,1783450311.8270528
2026/07/07 18:51:52.397,59104,143771,84053,0,0,121.37,40,1980,3201,1783450312.4629595
2026/07/07 18:51:53.030,59104,143771,84053,0,0,121.32,40,1980,3201,1783450313.0947876
2026/07/07 18:51:53.669,59104,143771,84053,0,0,121.36,40,1980,3201,1783450313.7844474
2026/07/07 18:51:54.352,59104,143771,84053,0,0,121.35,40,1980,3201,1783450314.415227
2026/07/07 18:51:54.991,59104,143771,84053,0,0,121.31,39,1980,3201,1783450315.0563889
2026/07/07 18:51:55.620,59104,143771,84053,0,0,121.35,40,1980,3201,1783450315.68444
2026/07/07 18:51:56.255,59104,143771,84053,0,0,121.31,40,1980,3201,1783450316.3262234
2026/07/07 18:51:56.892,59104,143771,84053,0,0,121.31,40,1980,3201,1783450316.9987109
2026/07/07 18:51:57.572,59104,143771,84053,0,0,121.24,40,1980,3201,1783450317.6416388
2026/07/07 18:51:58.209,59104,143771,84053,0,0,121.24,39,1980,3201,1783450318.2737405
2026/07/07 18:51:58.839,59104,143771,84053,0,0,121.31,39,1980,3201,1783450318.9044962
2026/07/07 18:51:59.478,59104,143771,84053,0,0,121.40,39,1980,3201,1783450319.5421798
2026/07/07 18:52:00.107,59104,143771,84053,0,0,121.35,39,1980,3201,1783450320.216882
2026/07/07 18:52:00.791,59104,143771,84053,0,0,121.35,39,1980,3201,1783450320.8544507
2026/07/07 18:52:01.426,59104,143771,84053,0,0,121.34,39,1980,3201,1783450321.4877906
2026/07/07 18:52:02.060,59104,143771,84053,0,0,121.31,39,1980,3201,1783450322.12871
2026/07/07 18:52:02.695,59104,143771,84053,0,0,121.30,39,1980,3201,1783450322.7597702
2026/07/07 18:52:03.335,59104,143771,84053,0,0,121.32,39,1980,3201,1783450323.449491
2026/07/07 18:52:04.021,59104,143771,84053,0,0,121.30,39,1980,3201,1783450324.0842624
2026/07/07 18:52:04.656,59104,143771,84053,0,0,121.30,39,1980,3201,1783450324.729311
2026/07/07 18:52:05.295,59104,143771,84053,0,0,121.27,39,1980,3201,1783450325.3594372
2026/07/07 18:52:05.927,59104,143771,84053,0,0,121.28,39,1980,3201,1783450325.9917605
2026/07/07 18:52:06.558,59104,143771,84053,0,0,121.23,39,1980,3201,1783450326.6701107
2026/07/07 18:52:07.240,59104,143771,84053,0,0,121.18,39,1980,3201,1783450327.3033972
2026/07/07 18:52:07.869,59104,143771,84053,0,0,121.19,39,1980,3201,1783450327.9330215
2026/07/07 18:52:08.499,59104,143771,84053,0,0,121.26,39,1980,3201,1783450328.5624995
2026/07/07 18:52:09.133,59104,143771,84053,0,0,121.25,39,1980,3201,1783450329.2018971
2026/07/07 18:52:09.764,59104,143771,84053,0,0,121.22,39,1980,3201,1783450329.8783388
2026/07/07 18:52:10.452,59104,143771,84053,0,0,121.27,39,1980,3201,1783450330.518699
2026/07/07 18:52:11.087,59104,143771,84053,0,0,121.23,39,1980,3201,1783450331.1508522
2026/07/07 18:52:11.728,59104,143771,84053,0,0,121.26,39,1980,3201,1783450331.7962122
2026/07/07 18:52:12.367,59104,143771,84053,0,0,121.28,39,1980,3201,1783450332.4311433
2026/07/07 18:52:12.996,59104,143771,84053,0,0,121.26,39,1980,3201,1783450333.1117504
2026/07/07 18:52:13.680,59104,143771,84053,0,0,121.27,39,1980,3201,1783450333.7464194
2026/07/07 18:52:14.313,59104,143771,84053,0,0,121.22,39,1980,3201,1783450334.3770535
2026/07/07 18:52:14.942,59104,143771,84053,0,0,121.20,39,1980,3201,1783450335.0046299
2026/07/07 18:52:15.572,59104,143771,84053,0,0,121.16,39,1980,3201,1783450335.63663
2026/07/07 18:52:16.208,59104,143771,84053,0,0,121.20,39,1980,3201,1783450336.3171515
2026/07/07 18:52:16.884,59104,143771,84053,0,0,121.23,39,1980,3201,1783450336.948961
2026/07/07 18:52:17.522,59104,143771,84053,0,0,121.23,39,1980,3201,1783450337.5878358
2026/07/07 18:52:18.154,59104,143771,84053,0,0,121.25,39,1980,3201,1783450338.2182708
2026/07/07 18:52:18.798,59104,143771,84053,0,0,121.26,39,1980,3201,1783450338.869999
2026/07/07 18:52:19.435,59104,143771,84053,0,0,121.26,39,1980,3201,1783450339.5414443
2026/07/07 18:52:20.120,59104,143771,84053,0,0,121.19,39,1980,3201,1783450340.187909
2026/07/07 18:52:20.759,59104,143771,84053,0,0,121.17,39,1980,3201,1783450340.8288443
2026/07/07 18:52:21.398,59104,143771,84053,0,0,121.18,39,1980,3201,1783450341.4664268
2026/07/07 18:52:22.032,59104,143771,84053,0,0,121.19,39,1980,3201,1783450342.0961685
2026/07/07 18:52:22.662,59104,143771,84053,0,0,121.19,39,1980,3201,1783450342.771477
2026/07/07 18:52:23.340,59104,143771,84053,0,0,121.17,39,1980,3201,1783450343.402532
2026/07/07 18:52:23.973,59104,143771,84053,0,0,121.15,39,1980,3201,1783450344.0354342
2026/07/07 18:52:24.600,59104,143771,84053,0,0,121.16,39,1980,3201,1783450344.6627898
2026/07/07 18:52:25.229,59104,143771,84053,0,0,121.14,39,1980,3201,1783450345.2926276
2026/07/07 18:52:25.862,59104,143771,84053,0,0,121.24,39,1980,3201,1783450345.9868596
2026/07/07 18:52:26.556,59104,143771,84053,0,0,121.28,39,1980,3201,1783450346.619097
2026/07/07 18:52:27.193,59104,143771,84053,0,0,121.21,39,1980,3201,1783450347.2599676
2026/07/07 18:52:27.825,59104,143771,84053,0,0,121.14,39,1980,3201,1783450347.8877313
2026/07/07 18:52:28.463,59104,143771,84053,0,0,121.16,39,1980,3201,1783450348.5352201
2026/07/07 18:52:29.102,59104,143771,84053,0,0,121.18,39,1980,3201,1783450349.209241
2026/07/07 18:52:29.782,59104,143771,84053,0,0,121.15,39,1980,3201,1783450349.846086
2026/07/07 18:52:30.417,59104,143771,84053,0,0,121.13,39,1980,3201,1783450350.47939
2026/07/07 18:52:31.052,59104,143771,84053,0,0,121.18,39,1980,3201,1783450351.1147864
2026/07/07 18:52:31.679,59104,143771,84053,0,0,121.24,39,1980,3201,1783450351.741006
2026/07/07 18:52:32.305,59104,143771,84053,0,0,121.19,39,1980,3201,1783450352.4111915
2026/07/07 18:52:32.984,59104,143771,84053,0,0,121.16,39,1980,3201,1783450353.0483563
2026/07/07 18:52:33.617,59104,143771,84053,0,0,121.19,39,1980,3201,1783450353.6802125
2026/07/07 18:52:34.251,59104,143771,84053,0,0,121.19,39,1980,3201,1783450354.3143713
2026/07/07 18:52:34.881,59104,143771,84053,0,0,121.15,39,1980,3201,1783450354.9439871
2026/07/07 18:52:35.518,59104,143771,84053,0,0,121.16,39,1980,3201,1783450355.6293714
2026/07/07 18:52:36.196,59104,143771,84053,0,0,121.15,39,1980,3201,1783450356.2600698
2026/07/07 18:52:36.838,59104,143771,84053,0,0,121.14,39,1980,3201,1783450356.9054582
2026/07/07 18:52:37.470,59104,143771,84053,0,0,121.11,39,1980,3201,1783450357.533127
2026/07/07 18:52:38.107,59104,143771,84053,0,0,121.08,39,1980,3201,1783450358.1718729
2026/07/07 18:52:38.737,59104,143771,84053,0,0,121.07,39,1980,3201,1783450358.8457267
2026/07/07 18:52:39.428,59104,143771,84053,0,0,121.10,39,1980,3201,1783450359.4960756
2026/07/07 18:52:40.066,59104,143771,84053,0,0,121.17,39,1980,3201,1783450360.1301966
2026/07/07 18:52:40.694,59104,143771,84053,0,0,121.17,39,1980,3201,1783450360.7560875
2026/07/07 18:52:41.321,59104,143771,84053,0,0,121.20,39,1980,3201,1783450361.3834798
2026/07/07 18:52:41.956,59104,143771,84053,0,0,121.17,39,1980,3201,1783450362.0713792
2026/07/07 18:52:42.642,59104,143771,84053,0,0,121.13,39,1980,3201,1783450362.7060528
2026/07/07 18:52:43.273,59104,143771,84053,0,0,121.14,39,1980,3201,1783450363.3385828
2026/07/07 18:52:43.909,59104,143771,84053,0,0,121.16,39,1980,3201,1783450363.972614
2026/07/07 18:52:44.537,59104,143771,84053,0,0,121.14,39,1980,3201,1783450364.601291
2026/07/07 18:52:45.179,59104,143771,84053,0,0,121.09,39,1980,3201,1783450365.294765
2026/07/07 18:52:45.865,59104,143771,84053,0,0,121.10,39,1980,3201,1783450365.927929
2026/07/07 18:52:46.502,59104,143771,84053,0,0,121.08,39,1980,3201,1783450366.5762258
2026/07/07 18:52:47.142,59104,143771,84053,0,0,121.11,39,1980,3201,1783450367.2102253
2026/07/07 18:52:47.777,59104,143771,84053,0,0,121.13,39,1980,3201,1783450367.844243
2026/07/07 18:52:48.409,59104,143771,84053,0,0,121.19,39,1980,3201,1783450368.5145664
2026/07/07 18:52:49.084,59104,143771,84053,0,0,121.11,39,1980,3201,1783450369.1474469
2026/07/07 18:52:49.714,59104,143771,84053,0,0,121.08,39,1980,3201,1783450369.7775457
2026/07/07 18:52:50.342,59104,143771,84053,0,0,121.07,39,1980,3201,1783450370.4057846
2026/07/07 18:52:50.975,59104,143771,84053,0,0,121.07,39,1980,3201,1783450371.037999
2026/07/07 18:52:51.602,59104,143771,84053,0,0,121.12,39,1980,3201,1783450371.7133443
2026/07/07 18:52:52.290,59104,143771,84053,0,0,121.11,39,1980,3201,1783450372.3587837
2026/07/07 18:52:52.927,59104,143771,84053,0,0,121.11,39,1980,3201,1783450372.9896615
2026/07/07 18:52:53.565,59104,143771,84053,0,0,121.07,39,1980,3201,1783450373.6331499
2026/07/07 18:52:54.199,59104,143771,84053,0,0,121.04,39,1980,3201,1783450374.2629292
2026/07/07 18:52:54.835,59104,143771,84053,0,0,121.05,39,1980,3201,1783450374.9491243
2026/07/07 18:52:55.517,59104,143771,84053,0,0,121.02,39,1980,3201,1783450375.580069
2026/07/07 18:52:56.152,59104,143771,84053,0,0,121.01,39,1980,3201,1783450376.2180908
2026/07/07 18:52:56.782,59104,143771,84053,0,0,121.03,39,1980,3201,1783450376.844076
2026/07/07 18:52:57.409,59104,143771,84053,0,0,121.05,39,1980,3201,1783450377.4727588
2026/07/07 18:52:58.037,59104,143771,84053,0,0,121.08,39,1980,3201,1783450378.1459377
2026/07/07 18:52:58.716,59104,143771,84053,0,0,121.08,39,1980,3201,1783450378.7783363
2026/07/07 18:52:59.357,59104,143771,84053,0,0,121.06,39,1980,3201,1783450379.4190402
2026/07/07 18:52:59.984,59104,143771,84053,0,0,121.04,39,1980,3201,1783450380.0484111
2026/07/07 18:53:00.623,59104,143771,84053,0,0,121.05,39,1980,3201,1783450380.6877124
2026/07/07 18:53:01.253,59104,143771,84053,0,0,121.08,39,1980,3201,1783450381.3590255
2026/07/07 18:53:01.934,59104,143771,84053,0,0,121.02,39,1980,3201,1783450382.0002503
2026/07/07 18:53:02.570,59104,143771,84053,0,0,121.02,39,1980,3201,1783450382.633103
2026/07/07 18:53:03.203,59104,143771,84053,0,0,121.04,39,1980,3201,1783450383.2713692
2026/07/07 18:53:03.835,59104,143771,84053,0,0,121.02,39,1980,3201,1783450383.8986485
2026/07/07 18:53:04.479,59104,143771,84053,0,0,121.02,39,1980,3201,1783450384.5952024
2026/07/07 18:53:05.162,59104,143771,84053,0,0,121.00,39,1980,3201,1783450385.228322
2026/07/07 18:53:05.796,59104,143771,84053,0,0,121.06,39,1980,3201,1783450385.8601851
2026/07/07 18:53:06.425,59104,143771,84053,0,0,121.07,39,1980,3201,1783450386.4957995
2026/07/07 18:53:07.060,59104,143771,84053,0,0,121.03,39,1980,3201,1783450387.1259952
2026/07/07 18:53:07.695,59104,143771,84053,0,0,120.98,39,1980,3201,1783450387.8015406
2026/07/07 18:53:08.370,59104,143771,84053,0,0,121.03,39,1980,3201,1783450388.4336455
2026/07/07 18:53:09.007,59104,143771,84053,0,0,121.02,39,1980,3201,1783450389.0871892
2026/07/07 18:53:09.652,59104,143771,84053,0,0,121.04,39,1980,3201,1783450389.7143543
2026/07/07 18:53:10.287,59104,143771,84053,0,0,121.09,39,1980,3201,1783450390.3564143
2026/07/07 18:53:10.920,59104,143771,84053,0,0,121.01,39,1980,3201,1783450391.029126
2026/07/07 18:53:11.603,59104,143771,84053,0,0,121.02,39,1980,3201,1783450391.6744487
2026/07/07 18:53:12.245,59104,143771,84053,0,0,121.04,39,1980,3201,1783450392.3075013
2026/07/07 18:53:12.872,59104,143771,84053,0,0,120.98,39,1980,3201,1783450392.9376132
2026/07/07 18:53:13.510,59104,143771,84053,0,0,121.01,39,1980,3201,1783450393.5785103
2026/07/07 18:53:14.144,59104,143771,84053,0,0,121.02,39,1980,3201,1783450394.2478256
2026/07/07 18:53:14.818,59104,143771,84053,0,0,121.00,39,1980,3201,1783450394.8804576
2026/07/07 18:53:15.451,59104,143771,84053,0,0,121.03,39,1980,3201,1783450395.513193
2026/07/07 18:53:16.082,59104,143771,84053,0,0,121.01,39,1980,3201,1783450396.1469898
2026/07/07 18:53:16.714,59104,143771,84053,0,0,121.00,39,1980,3201,1783450396.7800705
2026/07/07 18:53:17.350,59104,143771,84053,0,0,121.00,39,1980,3201,1783450397.4668128
2026/07/07 18:53:18.035,59104,143771,84053,0,0,121.05,39,1980,3201,1783450398.0975175
2026/07/07 18:53:18.673,59104,143771,84053,0,0,121.05,39,1980,3201,1783450398.7387307
2026/07/07 18:53:19.304,59104,143771,84053,0,0,121.01,39,1980,3201,1783450399.3662956
2026/07/07 18:53:19.940,59104,143771,84053,0,0,121.00,39,1980,3201,1783450400.0110698
2026/07/07 18:53:20.576,59104,143771,84053,0,0,120.98,39,1980,3201,1783450400.686588
2026/07/07 18:53:21.256,59104,143771,84053,0,0,120.94,39,1980,3201,1783450401.3198118
2026/07/07 18:53:21.886,59104,143771,84053,0,0,120.94,39,1980,3201,1783450401.9518595
2026/07/07 18:53:22.517,59104,143771,84053,0,0,121.01,39,1980,3201,1783450402.5800428
2026/07/07 18:53:23.144,59104,143771,84053,0,0,120.96,39,1980,3201,1783450403.207079
2026/07/07 18:53:23.772,59104,143771,84053,0,0,120.99,39,1980,3201,1783450403.8830574
2026/07/07 18:53:24.454,59104,143771,84053,0,0,120.94,39,1980,3201,1783450404.5192537
2026/07/07 18:53:25.088,59104,143771,84053,0,0,120.89,39,1980,3201,1783450405.1511815
2026/07/07 18:53:25.725,59104,143771,84053,0,0,120.97,39,1980,3201,1783450405.79293
2026/07/07 18:53:26.359,59104,143771,84053,0,0,121.03,39,1980,3201,1783450406.4257398
2026/07/07 18:53:26.999,59104,143771,84053,0,0,121.02,39,1980,3201,1783450407.1114585
2026/07/07 18:53:27.684,59104,143771,84053,0,0,120.98,39,1980,3201,1783450407.747092
2026/07/07 18:53:28.328,59104,143771,84053,0,0,121.02,39,1980,3201,1783450408.3957832
2026/07/07 18:53:28.961,59104,143771,84053,0,0,120.96,39,1980,3201,1783450409.0247042
2026/07/07 18:53:29.592,59104,143771,84053,0,0,120.88,39,1980,3201,1783450409.6565573
2026/07/07 18:53:30.220,59104,143771,84053,0,0,120.97,39,1980,3201,1783450410.324356
2026/07/07 18:53:30.898,59104,143771,84053,0,0,120.94,39,1980,3201,1783450410.960928
2026/07/07 18:53:31.529,59104,143771,84053,0,0,120.91,39,1980,3201,1783450411.5934813
2026/07/07 18:53:32.160,59104,143771,84053,0,0,120.94,39,1980,3201,1783450412.2226424
2026/07/07 18:53:32.798,59104,143771,84053,0,0,120.94,39,1980,3201,1783450412.8643346
2026/07/07 18:53:33.431,59104,143771,84053,0,0,120.91,39,1980,3201,1783450413.5392563
2026/07/07 18:53:34.112,59104,143771,84053,0,0,120.88,39,1980,3201,1783450414.1776876
2026/07/07 18:53:34.750,59104,143771,84053,0,0,120.90,39,1980,3201,1783450414.8130302
2026/07/07 18:53:35.385,59104,143771,84053,0,0,120.97,39,1980,3201,1783450415.4550083
2026/07/07 18:53:36.021,59104,143771,84053,0,0,120.93,39,1980,3201,1783450416.087452
2026/07/07 18:53:36.660,59104,143771,84053,0,0,120.99,39,1980,3201,1783450416.7789342
2026/07/07 18:53:37.348,59104,143771,84053,0,0,120.98,39,1980,3201,1783450417.4121819
2026/07/07 18:53:37.984,59104,143771,84053,0,0,120.89,39,1980,3201,1783450418.0488029
2026/07/07 18:53:38.614,59104,143771,84053,0,0,120.89,39,1980,3201,1783450418.6788375
2026/07/07 18:53:39.244,59104,143771,84053,0,0,120.90,39,1980,3201,1783450419.3096056
2026/07/07 18:53:39.880,59104,143771,84053,0,0,120.90,39,1980,3201,1783450419.9878142
2026/07/07 18:53:40.557,59104,143771,84053,0,0,120.88,39,1980,3201,1783450420.6197548
2026/07/07 18:53:41.187,59104,143771,84053,0,0,120.87,39,1980,3201,1783450421.252383
2026/07/07 18:53:41.818,59104,143771,84053,0,0,120.84,39,1980,3201,1783450421.8840837
2026/07/07 18:53:42.456,59104,143771,84053,0,0,120.90,39,1980,3201,1783450422.5241284
2026/07/07 18:53:43.090,59104,143771,84053,0,0,120.97,39,1980,3201,1783450423.1973252
2026/07/07 18:53:43.778,59104,143771,84053,0,0,120.93,39,1980,3201,1783450423.8437862
2026/07/07 18:53:44.413,59104,143771,84053,0,0,120.95,39,1980,3201,1783450424.4765887
2026/07/07 18:53:45.052,59104,143771,84053,0,0,120.97,39,1980,3201,1783450425.1211412
2026/07/07 18:53:45.687,59104,143771,84053,0,0,120.94,39,1980,3201,1783450425.750681
2026/07/07 18:53:46.315,59104,143771,84053,0,0,120.92,39,1980,3201,1783450426.4348035
2026/07/07 18:53:47.004,59104,143771,84053,0,0,120.86,39,1980,3201,1783450427.0687926
2026/07/07 18:53:47.638,59104,143771,84053,0,0,120.86,39,1980,3201,1783450427.7029994
2026/07/07 18:53:48.267,59104,143771,84053,0,0,120.93,39,1980,3201,1783450428.331242
2026/07/07 18:53:48.899,59104,143771,84053,0,0,120.87,39,1980,3201,1783450428.9652505
2026/07/07 18:53:49.531,59104,143771,84053,0,0,120.92,39,1980,3201,1783450429.6027489
2026/07/07 18:53:50.170,59104,143771,84053,0,0,120.87,39,1980,3201,1783450430.2350423
2026/07/07 18:53:50.831,59104,143771,84053,0,0,120.92,39,1980,3201,1783450430.8966281
2026/07/07 18:53:51.461,59104,143771,84053,0,0,120.89,39,1980,3201,1783450431.5235093
2026/07/07 18:53:52.097,59104,143771,84053,0,0,120.93,39,1980,3201,1783450432.1678605
2026/07/07 18:53:52.733,59104,143771,84053,0,0,120.93,39,1980,3201,1783450432.803826
2026/07/07 18:53:53.379,59104,143771,84053,0,0,120.93,39,1980,3201,1783450433.4473011
2026/07/07 18:53:54.048,59104,143771,84053,0,0,120.95,39,1980,3201,1783450434.1165419
2026/07/07 18:53:54.686,59104,143771,84053,0,0,120.88,39,1980,3201,1783450434.7607617
2026/07/07 18:53:55.326,59104,143771,84053,0,0,120.87,39,1980,3201,1783450435.3904698
2026/07/07 18:53:55.954,59104,143771,84053,0,0,120.85,39,1980,3201,1783450436.0244274
2026/07/07 18:53:56.588,59104,143771,84053,0,0,120.91,39,1980,3201,1783450436.6519465
2026/07/07 18:53:57.264,59104,143771,84053,0,0,120.88,39,1980,3201,1783450437.3289354
2026/07/07 18:53:57.892,59104,143771,84053,0,0,120.85,39,1980,3201,1783450437.955743
2026/07/07 18:53:58.518,59104,143771,84053,0,0,120.82,39,1980,3201,1783450438.5849855
2026/07/07 18:53:59.159,59104,143771,84053,0,0,120.87,39,1980,3201,1783450439.2382636
2026/07/07 18:53:59.804,122042,143771,21115,0,0,126.21,39,1980,3201,1783450439.8692243
2026/07/07 18:54:00.476,122058,143771,21099,0,0,120.97,39,1980,3201,1783450440.5425558
2026/07/07 18:54:01.105,122058,143771,21099,0,0,121.02,39,1980,3201,1783450441.1718493
2026/07/07 18:54:01.747,122118,143771,21039,0,0,120.98,39,1980,3201,1783450441.8137636
2026/07/07 18:54:02.476,122074,143771,21083,0,0,127.17,39,1980,3201,1783450442.5522165
2026/07/07 18:54:03.130,122084,143771,21073,29,16,127.00,39,1980,3201,1783450443.1969755
2026/07/07 18:54:03.763,122086,143771,21071,0,0,128.98,39,1980,3201,1783450443.87219
2026/07/07 18:54:04.448,122092,143771,21065,0,0,126.72,39,1980,3201,1783450444.5197427
2026/07/07 18:54:05.089,122076,143771,21081,0,0,126.33,39,1980,3201,1783450445.152056
2026/07/07 18:54:05.716,122076,143771,21081,0,0,122.16,39,1980,3201,1783450445.7806826
2026/07/07 18:54:06.346,122080,143771,21077,0,0,126.23,39,1980,3201,1783450446.410648
2026/07/07 18:54:06.978,122080,143771,21077,0,0,121.09,39,1980,3201,1783450447.088487
2026/07/07 18:54:07.654,122080,143771,21077,0,0,121.01,39,1980,3201,1783450447.7189102
2026/07/07 18:54:08.286,122114,143771,21043,0,0,123.44,39,1980,3201,1783450448.351713
2026/07/07 18:54:08.919,122114,143771,21043,0,0,130.09,39,1980,3201,1783450448.9846284
2026/07/07 18:54:09.547,122114,143771,21043,0,0,121.11,39,1980,3201,1783450449.6119804
2026/07/07 18:54:10.182,122114,143771,21043,9,3,122.89,39,1980,3201,1783450450.3027112
2026/07/07 18:54:10.871,122114,143771,21043,0,0,122.88,39,1980,3201,1783450450.9338999
2026/07/07 18:54:11.508,122114,143771,21043,0,0,122.40,39,1980,3201,1783450451.580465
2026/07/07 18:54:12.145,122136,143771,21021,0,0,121.06,39,1980,3201,1783450452.208731
2026/07/07 18:54:12.777,122136,143771,21021,0,0,121.07,39,1980,3201,1783450452.8487601
2026/07/07 18:54:13.412,122618,143771,20539,0,0,126.06,39,1980,3201,1783450453.527078
2026/07/07 18:54:14.097,122692,143771,20465,80,36,238.40,44,1965,3201,1783450454.16639
2026/07/07 18:54:14.736,122692,143771,20465,100,65,493.29,46,1980,3201,1783450454.8016205
2026/07/07 18:54:15.374,122692,143771,20465,100,66,506.30,47,1980,3201,1783450455.438921
2026/07/07 18:54:16.003,122692,143771,20465,100,66,512.05,47,1980,3201,1783450456.0677948
2026/07/07 18:54:16.642,122694,143771,20463,0,0,303.55,45,1980,3201,1783450456.7531435
2026/07/07 18:54:17.323,122694,143771,20463,100,64,396.07,47,1980,3201,1783450457.392017
2026/07/07 18:54:17.961,122694,143771,20463,100,65,507.42,48,1980,3201,1783450458.0264752
2026/07/07 18:54:18.600,122694,143771,20463,100,65,510.40,49,1980,3201,1783450458.6704357
2026/07/07 18:54:19.236,122694,143771,20463,100,64,462.00,49,1980,3201,1783450459.3008847
2026/07/07 18:54:19.873,122694,143771,20463,100,65,505.34,49,1980,3201,1783450459.9914439
2026/07/07 18:54:20.562,122694,143771,20463,100,65,510.88,50,1980,3201,1783450460.6316953
2026/07/07 18:54:21.210,122694,143771,20463,100,61,466.42,49,1980,3201,1783450461.280062
2026/07/07 18:54:21.847,122694,143771,20463,100,64,486.48,50,1980,3201,1783450461.913365
2026/07/07 18:54:22.488,122694,143771,20463,100,65,513.04,50,1980,3201,1783450462.559864
2026/07/07 18:54:23.126,122894,143771,20263,100,65,488.30,48,1980,3201,1783450463.2358973
2026/07/07 18:54:23.806,122894,143771,20263,0,0,214.48,43,1980,3201,1783450463.869485
2026/07/07 18:54:24.439,122894,143771,20263,100,64,385.08,50,1980,3201,1783450464.5107758
2026/07/07 18:54:25.079,122894,143771,20263,100,65,505.37,50,1980,3201,1783450465.1442044
2026/07/07 18:54:25.716,122894,143771,20263,100,65,513.88,51,1980,3201,1783450465.7827795
2026/07/07 18:54:26.349,122894,143771,20263,100,61,525.42,51,1965,3201,1783450466.4628625
2026/07/07 18:54:27.041,122894,143771,20263,100,66,508.73,51,1980,3201,1783450467.109867
2026/07/07 18:54:27.678,122894,143771,20263,100,67,513.86,51,1980,3201,1783450467.7442658
2026/07/07 18:54:28.316,122894,143771,20263,100,67,519.88,52,1980,3201,1783450468.382608
2026/07/07 18:54:28.947,122894,143771,20263,100,64,527.96,52,1980,3201,1783450469.0119617
2026/07/07 18:54:29.592,122894,143771,20263,100,65,509.28,52,1980,3201,1783450469.71583
2026/07/07 18:54:30.285,122894,143771,20263,100,65,514.12,52,1980,3201,1783450470.349815
2026/07/07 18:54:30.920,122894,143771,20263,100,59,457.54,52,1980,3201,1783450470.9896467
2026/07/07 18:54:31.555,122894,143771,20263,100,65,503.60,52,1980,3201,1783450471.6235995
2026/07/07 18:54:32.191,122894,143771,20263,100,65,514.00,53,1980,3201,1783450472.2562613
2026/07/07 18:54:32.825,122894,143771,20263,62,39,496.50,51,1980,3201,1783450472.9392216
2026/07/07 18:54:33.506,122894,143771,20263,100,64,488.00,53,1980,3201,1783450473.571896
2026/07/07 18:54:34.141,122894,143771,20263,100,65,513.81,53,1980,3201,1783450474.2085342
2026/07/07 18:54:34.774,122894,143771,20263,100,65,517.26,53,1980,3201,1783450474.837379
2026/07/07 18:54:35.413,122894,143771,20263,100,65,491.37,53,1980,3201,1783450475.478055
2026/07/07 18:54:36.043,122894,143771,20263,100,65,511.40,53,1980,3201,1783450476.1594183
2026/07/07 18:54:36.740,122894,143771,20263,100,65,514.41,54,1980,3201,1783450476.8116484
2026/07/07 18:54:37.382,122894,143771,20263,100,64,492.77,53,1980,3201,1783450477.4452941
2026/07/07 18:54:38.018,122894,143771,20263,100,65,505.61,54,1980,3201,1783450478.0860293
2026/07/07 18:54:38.658,122894,143771,20263,100,65,513.87,54,1980,3201,1783450478.7270486
2026/07/07 18:54:39.302,122894,143771,20263,52,33,468.02,52,1980,3201,1783450479.4258168
2026/07/07 18:54:39.998,122894,143771,20263,100,64,462.60,54,1980,3201,1783450480.0622387
2026/07/07 18:54:40.633,122894,143771,20263,100,65,514.89,54,1980,3201,1783450480.7143288
2026/07/07 18:54:41.281,122894,143771,20263,100,65,506.52,54,1980,3201,1783450481.3446286
2026/07/07 18:54:41.913,122894,143771,20263,100,64,494.93,54,1980,3201,1783450481.9787476
2026/07/07 18:54:42.561,122894,143771,20263,100,65,510.31,54,1980,3201,1783450482.625314
2026/07/07 18:54:43.200,122894,143771,20263,100,65,517.42,54,1980,3201,1783450483.267164
2026/07/07 18:54:43.862,122894,143771,20263,100,64,492.26,54,1980,3201,1783450483.9254758
2026/07/07 18:54:44.494,122894,143771,20263,100,66,509.45,54,1980,3201,1783450484.5620637
2026/07/07 18:54:45.139,122894,143771,20263,100,65,517.07,55,1980,3201,1783450485.2054162
2026/07/07 18:54:45.779,122894,143771,20263,100,63,497.39,54,1980,3201,1783450485.851306
2026/07/07 18:54:46.425,122894,143771,20263,100,65,489.40,55,1980,3201,1783450486.4930358
2026/07/07 18:54:47.091,122894,143771,20263,100,65,513.61,55,1980,3201,1783450487.15699
2026/07/07 18:54:47.732,122894,143771,20263,100,65,501.35,55,1980,3201,1783450487.812175
2026/07/07 18:54:48.380,122894,143771,20263,100,38,360.15,51,1980,3201,1783450488.4460075
2026/07/07 18:54:49.011,122894,143771,20263,100,38,321.83,50,1980,3201,1783450489.086196
2026/07/07 18:54:49.653,122894,143771,20263,100,38,323.47,50,1980,3201,1783450489.7175853
2026/07/07 18:54:50.312,122894,143771,20263,100,38,323.67,50,1980,3201,1783450490.3777618
2026/07/07 18:54:50.943,122894,143771,20263,100,38,322.76,50,1980,3201,1783450491.0106754
2026/07/07 18:54:51.576,122894,143771,20263,100,38,323.05,50,1980,3201,1783450491.6430779
2026/07/07 18:54:52.214,122894,143771,20263,100,38,323.57,50,1980,3201,1783450492.2872949
2026/07/07 18:54:52.859,122894,143771,20263,100,38,325.75,50,1980,3201,1783450492.927907
2026/07/07 18:54:53.538,122894,143771,20263,100,38,325.37,50,1980,3201,1783450493.608241
2026/07/07 18:54:54.174,122894,143771,20263,100,38,327.68,50,1980,3201,1783450494.238374
2026/07/07 18:54:54.816,122894,143771,20263,100,38,326.40,50,1980,3201,1783450494.8927064
2026/07/07 18:54:55.457,122894,143771,20263,100,38,328.14,50,1980,3201,1783450495.5288904
2026/07/07 18:54:56.113,122894,143771,20263,100,38,327.64,50,1980,3201,1783450496.18123
2026/07/07 18:54:56.767,122894,143771,20263,0,0,275.62,47,1980,3201,1783450496.833087
2026/07/07 18:54:57.401,122894,143771,20263,100,38,231.46,49,1980,3201,1783450497.4725258
2026/07/07 18:54:58.041,122894,143771,20263,100,38,320.52,49,1980,3201,1783450498.1066718
2026/07/07 18:54:58.673,122894,143771,20263,100,38,320.24,49,1980,3201,1783450498.7474835
2026/07/07 18:54:59.318,122894,143771,20263,100,38,321.60,49,1980,3201,1783450499.38179
2026/07/07 18:55:00.010,122894,143771,20263,100,38,322.21,49,1980,3201,1783450500.076817
2026/07/07 18:55:00.643,122894,143771,20263,100,38,322.60,49,1980,3201,1783450500.70726
2026/07/07 18:55:01.274,122894,143771,20263,100,38,324.10,49,1980,3201,1783450501.340487
2026/07/07 18:55:01.919,122894,143771,20263,100,38,323.20,49,1980,3201,1783450501.990843
2026/07/07 18:55:02.564,122894,143771,20263,100,38,324.26,49,1980,3201,1783450502.6281817
2026/07/07 18:55:03.202,122894,143771,20263,100,38,325.00,49,1980,3201,1783450503.3270404
2026/07/07 18:55:03.897,122894,143771,20263,100,38,326.35,49,1980,3201,1783450503.961402
2026/07/07 18:55:04.538,122894,143771,20263,100,38,325.78,49,1980,3201,1783450504.6061525
2026/07/07 18:55:05.172,122894,143771,20263,100,38,326.93,49,1980,3201,1783450505.2399907
2026/07/07 18:55:05.819,122894,143771,20263,100,38,328.27,49,1980,3201,1783450505.8874753
2026/07/07 18:55:06.454,122894,143771,20263,100,38,315.90,49,1980,3201,1783450506.564328
2026/07/07 18:55:07.138,122894,143771,20263,100,38,320.86,49,1980,3201,1783450507.2043254
2026/07/07 18:55:07.775,122894,143771,20263,100,38,321.57,49,1980,3201,1783450507.8398707
2026/07/07 18:55:08.407,122894,143771,20263,100,38,323.10,49,1980,3201,1783450508.4729693
2026/07/07 18:55:09.039,122894,143771,20263,100,38,322.22,49,1980,3201,1783450509.1037412
2026/07/07 18:55:09.672,122894,143771,20263,100,38,322.25,49,1980,3201,1783450509.7841544
2026/07/07 18:55:10.359,122894,143771,20263,100,38,322.92,49,1980,3201,1783450510.425708
2026/07/07 18:55:10.994,122894,143771,20263,100,38,323.04,49,1980,3201,1783450511.059096
2026/07/07 18:55:11.635,122894,143771,20263,100,38,324.48,49,1980,3201,1783450511.707327
2026/07/07 18:55:12.274,122894,143771,20263,100,38,324.78,49,1980,3201,1783450512.3408422
2026/07/07 18:55:12.916,122894,143771,20263,100,38,324.44,49,1980,3201,1783450513.0400562
2026/07/07 18:55:13.611,122894,143771,20263,100,38,324.53,49,1980,3201,1783450513.6752083
2026/07/07 18:55:14.252,122894,143771,20263,100,38,327.10,49,1980,3201,1783450514.320755
2026/07/07 18:55:14.886,122894,143771,20263,85,33,321.21,49,1980,3201,1783450514.9539917
2026/07/07 18:55:15.521,122894,143771,20263,100,38,319.12,49,1980,3201,1783450515.5923355
2026/07/07 18:55:16.165,122894,143771,20263,100,38,321.57,49,1980,3201,1783450516.280922
2026/07/07 18:55:16.855,122894,143771,20263,100,38,321.29,49,1980,3201,1783450516.91807
2026/07/07 18:55:17.486,122894,143771,20263,100,38,323.00,49,1980,3201,1783450517.5524447
2026/07/07 18:55:18.119,122894,143771,20263,100,38,322.85,49,1980,3201,1783450518.1885855
2026/07/07 18:55:18.760,122894,143771,20263,100,38,323.70,49,1980,3201,1783450518.826022
2026/07/07 18:55:19.397,122894,143771,20263,100,38,323.28,49,1980,3201,1783450519.5059779
2026/07/07 18:55:20.078,122894,143771,20263,100,38,323.70,49,1980,3201,1783450520.146711
2026/07/07 18:55:20.717,122894,143771,20263,100,38,324.07,49,1980,3201,1783450520.7826161
2026/07/07 18:55:21.357,122894,143771,20263,100,38,323.64,49,1980,3201,1783450521.4288158
2026/07/07 18:55:21.997,122894,143771,20263,100,38,324.46,49,1980,3201,1783450522.0636868
2026/07/07 18:55:22.639,122894,143771,20263,100,38,327.20,49,1980,3201,1783450522.753524
2026/07/07 18:55:23.327,122894,143771,20263,100,38,328.10,49,1980,3201,1783450523.3916988
2026/07/07 18:55:23.960,122894,143771,20263,100,38,317.02,49,1980,3201,1783450524.0360544
2026/07/07 18:55:24.602,122894,143771,20263,100,38,320.76,49,1980,3201,1783450524.6709704
2026/07/07 18:55:25.242,122894,143771,20263,100,38,322.18,49,1980,3201,1783450525.3086433
2026/07/07 18:55:25.874,122894,143771,20263,100,38,322.51,49,1980,3201,1783450525.9868586
2026/07/07 18:55:26.557,122894,143771,20263,100,38,321.72,49,1980,3201,1783450526.6226025
2026/07/07 18:55:27.193,122894,143771,20263,100,38,322.37,49,1980,3201,1783450527.2620842
2026/07/07 18:55:27.829,122894,143771,20263,100,38,322.94,49,1980,3201,1783450527.893759
2026/07/07 18:55:28.468,122894,143771,20263,100,38,323.95,49,1980,3201,1783450528.5344365
2026/07/07 18:55:29.103,122894,143771,20263,100,38,324.70,49,1980,3201,1783450529.2148702
2026/07/07 18:55:29.793,122894,143771,20263,100,38,326.38,49,1980,3201,1783450529.861433
2026/07/07 18:55:30.439,122894,143771,20263,100,38,329.90,49,1980,3201,1783450530.5040119
2026/07/07 18:55:31.077,122894,143771,20263,100,38,327.36,49,1980,3201,1783450531.1447034
2026/07/07 18:55:31.715,122894,143771,20263,100,38,326.81,49,1980,3201,1783450531.7805119
2026/07/07 18:55:32.357,122894,143771,20263,100,38,326.62,49,1980,3201,1783450532.4745593
2026/07/07 18:55:33.047,122894,143771,20263,100,38,316.21,49,1980,3201,1783450533.1134675
2026/07/07 18:55:33.684,122894,143771,20263,100,38,321.70,49,1980,3201,1783450533.7602234
2026/07/07 18:55:34.327,122894,143771,20263,100,38,321.83,49,1980,3201,1783450534.393574
2026/07/07 18:55:34.963,122894,143771,20263,100,38,322.89,49,1980,3201,1783450535.0281663
2026/07/07 18:55:35.594,122894,143771,20263,100,38,322.06,49,1980,3201,1783450535.7045426
2026/07/07 18:55:36.274,122894,143771,20263,100,38,322.40,49,1980,3201,1783450536.339043
2026/07/07 18:55:36.907,122894,143771,20263,100,38,322.02,49,1980,3201,1783450536.9713318
2026/07/07 18:55:37.543,122894,143771,20263,100,38,324.05,49,1980,3201,1783450537.608944
2026/07/07 18:55:38.189,122894,143771,20263,100,38,325.04,49,1980,3201,1783450538.2578363
2026/07/07 18:55:38.827,122894,143771,20263,100,38,326.09,49,1980,3201,1783450538.9371064
2026/07/07 18:55:39.518,122894,143771,20263,100,38,324.74,49,1980,3201,1783450539.5857387
2026/07/07 18:55:40.155,122894,143771,20263,100,38,322.88,49,1980,3201,1783450540.2199843
2026/07/07 18:55:40.795,122894,143771,20263,100,38,326.31,49,1980,3201,1783450540.8681455
2026/07/07 18:55:41.439,122894,143771,20263,100,39,318.36,49,1980,3201,1783450541.5043087
2026/07/07 18:55:42.071,122894,143771,20263,100,38,315.07,49,1980,3201,1783450542.1871095
2026/07/07 18:55:42.759,122894,143771,20263,100,38,321.94,49,1980,3201,1783450542.8236685
2026/07/07 18:55:43.396,122894,143771,20263,100,38,321.86,49,1980,3201,1783450543.4651356
2026/07/07 18:55:44.035,122894,143771,20263,100,38,321.96,49,1980,3201,1783450544.0992017
2026/07/07 18:55:44.670,122894,143771,20263,100,38,322.35,49,1980,3201,1783450544.7354188
2026/07/07 18:55:45.301,122894,143771,20263,100,38,323.62,49,1980,3201,1783450545.4143653
2026/07/07 18:55:45.986,122894,143771,20263,100,38,324.00,49,1980,3201,1783450546.0502582
2026/07/07 18:55:46.629,122894,143771,20263,100,38,323.33,49,1980,3201,1783450546.6938245
2026/07/07 18:55:47.259,122894,143771,20263,100,38,324.40,49,1980,3201,1783450547.3251832
2026/07/07 18:55:47.899,122894,143771,20263,100,38,325.52,49,1980,3201,1783450547.965777
2026/07/07 18:55:48.537,122894,143771,20263,100,38,325.24,49,1980,3201,1783450548.6523604
2026/07/07 18:55:49.230,122894,143771,20263,100,38,325.05,49,1980,3201,1783450549.3053555
2026/07/07 18:55:49.873,122894,143771,20263,100,38,325.79,49,1980,3201,1783450549.9397535
2026/07/07 18:55:50.516,122894,143771,20263,100,38,316.42,49,1980,3201,1783450550.5860047
2026/07/07 18:55:51.156,122894,143771,20263,100,38,316.95,49,1980,3201,1783450551.220928
2026/07/07 18:55:51.786,122894,143771,20263,100,38,322.25,49,1980,3201,1783450551.902453
2026/07/07 18:55:52.475,122894,143771,20263,100,38,322.06,49,1980,3201,1783450552.540188
2026/07/07 18:55:53.113,122894,143771,20263,100,38,322.26,49,1980,3201,1783450553.1787992
2026/07/07 18:55:53.753,122894,143771,20263,100,38,321.86,49,1980,3201,1783450553.8173828
2026/07/07 18:55:54.386,122894,143771,20263,100,38,323.93,49,1980,3201,1783450554.4518971
2026/07/07 18:55:55.023,122894,143771,20263,100,38,324.40,49,1980,3201,1783450555.1316261
2026/07/07 18:55:55.702,122894,143771,20263,100,38,323.39,49,1980,3201,1783450555.769058
2026/07/07 18:55:56.344,122894,143771,20263,100,38,325.17,49,1980,3201,1783450556.4126163
2026/07/07 18:55:56.981,122894,143771,20263,100,38,322.45,49,1980,3201,1783450557.0475123
2026/07/07 18:55:57.632,122894,143771,20263,100,38,323.11,49,1980,3201,1783450557.7060468
2026/07/07 18:55:58.273,122894,143771,20263,100,38,325.99,49,1980,3201,1783450558.3841887
2026/07/07 18:55:58.959,122894,143771,20263,100,38,326.92,49,1980,3201,1783450559.027939
2026/07/07 18:55:59.600,122894,143771,20263,100,38,315.03,49,1980,3201,1783450559.6668694
2026/07/07 18:56:00.239,122894,143771,20263,100,38,321.42,49,1980,3201,1783450560.3082197
2026/07/07 18:56:00.879,122894,143771,20263,100,38,321.19,49,1980,3201,1783450560.9428
2026/07/07 18:56:01.508,122894,143771,20263,100,38,322.33,49,1980,3201,1783450561.5786393
2026/07/07 18:56:02.146,122894,143771,20263,100,38,323.73,49,1980,3201,1783450562.2135375
2026/07/07 18:56:02.828,122894,143771,20263,100,38,325.03,49,1980,3201,1783450562.8929954
2026/07/07 18:56:03.459,122894,143771,20263,100,38,325.71,49,1980,3201,1783450563.523517
2026/07/07 18:56:04.090,122894,143771,20263,100,38,325.20,49,1980,3201,1783450564.1552188
2026/07/07 18:56:04.730,122894,143771,20263,100,38,325.86,49,1980,3201,1783450564.8067868
2026/07/07 18:56:05.376,122894,143771,20263,100,38,327.15,49,1980,3201,1783450565.443389
2026/07/07 18:56:06.079,122894,143771,20263,100,38,326.18,49,1980,3201,1783450566.148659
2026/07/07 18:56:06.716,122894,143771,20263,100,38,325.83,49,1980,3201,1783450566.782298
2026/07/07 18:56:07.359,122894,143771,20263,100,38,327.12,49,1980,3201,1783450567.4262729
2026/07/07 18:56:07.994,122894,143771,20263,100,38,317.39,49,1980,3201,1783450568.0669692
2026/07/07 18:56:08.638,122894,143771,20263,100,38,314.56,49,1980,3201,1783450568.7070684
2026/07/07 18:56:09.303,122894,143771,20263,100,38,321.34,49,1980,3201,1783450569.3671808
2026/07/07 18:56:09.938,122894,143771,20263,100,38,320.74,49,1980,3201,1783450570.008184
2026/07/07 18:56:10.574,122894,143771,20263,100,38,322.40,49,1980,3201,1783450570.639962
2026/07/07 18:56:11.205,122894,143771,20263,100,38,322.17,49,1980,3201,1783450571.2820134
2026/07/07 18:56:11.854,122894,143771,20263,100,38,321.60,49,1980,3201,1783450571.9200714
2026/07/07 18:56:12.519,122894,143771,20263,100,38,322.95,49,1980,3201,1783450572.5845807
2026/07/07 18:56:13.154,122894,143771,20263,100,38,324.44,49,1980,3201,1783450573.217197
2026/07/07 18:56:13.784,122894,143771,20263,100,38,325.49,49,1980,3201,1783450573.8494446
2026/07/07 18:56:14.422,122894,143771,20263,100,38,323.34,49,1980,3201,1783450574.4999285
2026/07/07 18:56:15.065,122894,143771,20263,100,38,321.98,49,1980,3201,1783450575.1308928
2026/07/07 18:56:15.733,122894,143771,20263,100,38,325.17,49,1980,3201,1783450575.807308
2026/07/07 18:56:16.374,122894,143771,20263,100,38,326.42,49,1980,3201,1783450576.440695
2026/07/07 18:56:17.016,122894,143771,20263,100,38,318.80,49,1980,3201,1783450577.0862865
2026/07/07 18:56:17.651,122894,143771,20263,100,38,314.50,49,1980,3201,1783450577.7259743
2026/07/07 18:56:18.294,122894,143771,20263,100,38,321.88,49,1980,3201,1783450578.3629088
2026/07/07 18:56:18.954,122894,143771,20263,100,38,321.91,49,1980,3201,1783450579.020445
2026/07/07 18:56:19.584,122894,143771,20263,100,38,321.30,49,1980,3201,1783450579.6480083
2026/07/07 18:56:20.214,122894,143771,20263,100,38,322.98,49,1980,3201,1783450580.2782395
2026/07/07 18:56:20.844,122894,143771,20263,100,38,323.19,49,1980,3201,1783450580.9176922
2026/07/07 18:56:21.491,122894,143771,20263,100,38,323.71,49,1980,3201,1783450581.5574167
2026/07/07 18:56:22.154,122894,143771,20263,100,38,323.88,49,1980,3201,1783450582.2212765
2026/07/07 18:56:22.793,122894,143771,20263,100,38,325.49,49,1980,3201,1783450582.861885
2026/07/07 18:56:23.428,122894,143771,20263,100,38,325.64,49,1980,3201,1783450583.4934692
2026/07/07 18:56:24.068,122894,143771,20263,100,38,325.56,49,1980,3201,1783450584.152064
2026/07/07 18:56:24.718,122894,143771,20263,100,38,327.90,49,1980,3201,1783450584.7823756
2026/07/07 18:56:25.375,122894,143771,20263,100,38,329.30,49,1980,3201,1783450585.44562
2026/07/07 18:56:26.010,122894,143771,20263,100,38,319.77,49,1980,3201,1783450586.0742445
2026/07/07 18:56:26.641,122894,143771,20263,100,38,323.23,49,1980,3201,1783450586.7066827
2026/07/07 18:56:27.271,122894,143771,20263,100,38,322.87,49,1980,3201,1783450587.3426802
2026/07/07 18:56:27.915,122894,143771,20263,100,38,322.27,49,1980,3201,1783450587.979788
2026/07/07 18:56:28.544,122894,143771,20263,100,38,322.11,49,1980,3201,1783450588.6552353
2026/07/07 18:56:29.223,122894,143771,20263,100,38,322.87,49,1980,3201,1783450589.2869377
2026/07/07 18:56:29.860,122894,143771,20263,100,38,324.05,49,1980,3201,1783450589.9248116
2026/07/07 18:56:30.489,122894,143771,20263,100,38,324.22,49,1980,3201,1783450590.5525684
2026/07/07 18:56:31.129,122894,143771,20263,100,38,324.45,49,1980,3201,1783450591.1969557
2026/07/07 18:56:31.760,122894,143771,20263,100,38,324.84,49,1980,3201,1783450591.869146
2026/07/07 18:56:32.445,122894,143771,20263,100,38,328.49,49,1980,3201,1783450592.515988
2026/07/07 18:56:33.087,122894,143771,20263,100,38,328.05,49,1980,3201,1783450593.1538162
2026/07/07 18:56:33.729,122894,143771,20263,100,38,327.02,49,1980,3201,1783450593.7985804
2026/07/07 18:56:34.365,122894,143771,20263,100,38,327.92,49,1980,3201,1783450594.4296844
2026/07/07 18:56:34.994,122894,143771,20263,67,37,227.05,50,1980,3201,1783450595.1119757
2026/07/07 18:56:35.680,122894,143771,20263,100,64,387.48,53,1980,3201,1783450595.7435865
2026/07/07 18:56:36.313,122894,143771,20263,100,65,514.15,54,1980,3201,1783450596.3788972
2026/07/07 18:56:36.946,122894,143771,20263,100,65,515.46,54,1980,3201,1783450597.0092943
2026/07/07 18:56:37.574,122894,143771,20263,100,65,520.70,54,1980,3201,1783450597.639403
2026/07/07 18:56:38.217,122894,143771,20263,100,65,524.66,55,1980,3201,1783450598.3301563
2026/07/07 18:56:38.899,122894,143771,20263,100,65,527.43,55,1980,3201,1783450598.9633126
2026/07/07 18:56:39.537,122894,143771,20263,100,66,530.81,55,1980,3201,1783450599.6072853
2026/07/07 18:56:40.171,122894,143771,20263,100,67,535.77,56,1980,3201,1783450600.2356114
2026/07/07 18:56:40.812,122894,143771,20263,100,66,542.84,56,1980,3201,1783450600.885592
2026/07/07 18:56:41.456,122894,143771,20263,100,67,546.91,56,1980,3201,1783450601.56931
2026/07/07 18:56:42.148,122894,143771,20263,100,67,549.54,57,1980,3201,1783450602.2160652
2026/07/07 18:56:42.788,122894,143771,20263,100,68,552.43,57,1980,3201,1783450602.8542597
2026/07/07 18:56:43.420,122894,143771,20263,100,69,558.82,57,1980,3201,1783450603.4889724
2026/07/07 18:56:44.054,122894,143771,20263,100,63,488.12,55,1980,3201,1783450604.1205428
2026/07/07 18:56:44.688,122894,143771,20263,100,64,464.02,56,1980,3201,1783450604.800991
2026/07/07 18:56:45.371,122894,143771,20263,100,65,516.61,56,1980,3201,1783450605.4353635
2026/07/07 18:56:46.013,122894,143771,20263,100,65,521.04,56,1980,3201,1783450606.0779014
2026/07/07 18:56:46.645,122894,143771,20263,100,65,524.79,56,1980,3201,1783450606.7092574
2026/07/07 18:56:47.278,122894,143771,20263,100,65,530.75,57,1980,3201,1783450607.345478
2026/07/07 18:56:47.919,122894,143771,20263,100,66,533.89,57,1980,3201,1783450608.040024
2026/07/07 18:56:48.611,122894,143771,20263,100,66,536.62,57,1980,3201,1783450608.675997
2026/07/07 18:56:49.255,122894,143771,20263,100,66,538.56,57,1980,3201,1783450609.3300083
2026/07/07 18:56:49.898,122894,143771,20263,100,66,543.30,58,1980,3201,1783450609.9623728
2026/07/07 18:56:50.540,122894,143771,20263,100,67,551.20,58,1980,3201,1783450610.609399
2026/07/07 18:56:51.178,122894,143771,20263,100,68,555.19,58,1980,3201,1783450611.2894228
2026/07/07 18:56:51.866,122894,143771,20263,100,69,560.82,58,1980,3201,1783450611.9394243
2026/07/07 18:56:52.513,122894,143771,20263,100,69,529.74,54,1980,3201,1783450612.5766616
2026/07/07 18:56:53.145,122894,143771,20263,100,64,478.44,57,1980,3201,1783450613.212678
2026/07/07 18:56:53.781,122894,143771,20263,100,65,519.25,57,1980,3201,1783450613.8475676
2026/07/07 18:56:54.422,122894,143771,20263,100,65,523.05,57,1980,3201,1783450614.5330458
2026/07/07 18:56:55.103,122894,143771,20263,100,65,528.14,58,1980,3201,1783450615.168948
2026/07/07 18:56:55.741,122894,143771,20263,100,65,530.17,58,1980,3201,1783450615.80512
2026/07/07 18:56:56.376,122894,143771,20263,100,66,534.30,58,1980,3201,1783450616.4421663
2026/07/07 18:56:57.010,122894,143771,20263,100,66,538.01,58,1980,3201,1783450617.075485
2026/07/07 18:56:57.648,122894,143771,20263,100,66,544.21,58,1980,3201,1783450617.7688375
2026/07/07 18:56:58.341,122894,143771,20263,100,67,545.42,59,1980,3201,1783450618.4064898
2026/07/07 18:56:58.985,122894,143771,20263,100,67,550.13,59,1980,3201,1783450619.052213
2026/07/07 18:56:59.618,122894,143771,20263,100,68,553.82,59,1980,3201,1783450619.6816168
2026/07/07 18:57:00.259,122894,143771,20263,100,68,557.29,59,1980,3201,1783450620.3322892
2026/07/07 18:57:00.900,122894,143771,20263,100,69,563.41,59,1980,3201,1783450621.0124936
2026/07/07 18:57:01.589,122894,143771,20263,9,4,498.73,57,1980,3201,1783450621.664771
2026/07/07 18:57:02.237,122894,143771,20263,100,65,462.60,58,1980,3201,1783450622.3024714
2026/07/07 18:57:02.870,122894,143771,20263,100,66,521.49,58,1980,3201,1783450622.936037
2026/07/07 18:57:03.509,122894,143771,20263,100,65,526.13,58,1980,3201,1783450623.5746946
2026/07/07 18:57:04.146,122894,143771,20263,100,66,530.58,58,1980,3201,1783450624.2586029
2026/07/07 18:57:04.831,122894,143771,20263,100,66,534.65,59,1980,3201,1783450624.895362
2026/07/07 18:57:05.465,122894,143771,20263,100,66,537.04,59,1980,3201,1783450625.5349996
2026/07/07 18:57:06.112,122894,143771,20263,100,64,511.90,58,1980,3201,1783450626.1773717
2026/07/07 18:57:06.747,122894,143771,20263,100,65,519.28,58,1980,3201,1783450626.8132358
2026/07/07 18:57:07.386,122894,143771,20263,100,66,526.77,58,1980,3201,1783450627.5166125
2026/07/07 18:57:08.085,122894,143771,20263,100,66,529.66,59,1980,3201,1783450628.152272
2026/07/07 18:57:08.729,122894,143771,20263,100,66,532.14,59,1980,3201,1783450628.796875
2026/07/07 18:57:09.369,122894,143771,20263,100,66,535.69,59,1980,3201,1783450629.43355
2026/07/07 18:57:10.010,122894,143771,20263,37,24,498.75,55,1980,3201,1783450630.0816727
2026/07/07 18:57:10.649,122894,143771,20263,100,64,472.08,58,1980,3201,1783450630.7624524
2026/07/07 18:57:11.336,122894,143771,20263,100,65,521.83,58,1980,3201,1783450631.409682
2026/07/07 18:57:11.984,122894,143771,20263,100,65,527.47,59,1980,3201,1783450632.049404
2026/07/07 18:57:12.623,122894,143771,20263,100,65,530.73,59,1980,3201,1783450632.687555
2026/07/07 18:57:13.257,122894,143771,20263,100,65,533.93,59,1980,3201,1783450633.3229394
2026/07/07 18:57:13.891,122894,143771,20263,100,66,536.74,59,1980,3201,1783450633.9999793
2026/07/07 18:57:14.570,122894,143771,20263,77,42,510.73,58,1980,3201,1783450634.639401
2026/07/07 18:57:15.212,122894,143771,20263,100,65,497.35,59,1980,3201,1783450635.277811
2026/07/07 18:57:15.853,122894,143771,20263,100,66,524.85,59,1980,3201,1783450635.9182916
2026/07/07 18:57:16.486,122894,143771,20263,100,65,529.45,59,1980,3201,1783450636.552364
2026/07/07 18:57:17.129,122894,143771,20263,100,65,533.90,59,1980,3201,1783450637.2528095
2026/07/07 18:57:17.828,122894,143771,20263,100,66,537.80,59,1980,3201,1783450637.8927543
2026/07/07 18:57:18.469,122894,143771,20263,100,66,541.79,59,1980,3201,1783450638.5381114
2026/07/07 18:57:19.107,122894,143771,20263,100,64,476.44,58,1980,3201,1783450639.173605
2026/07/07 18:57:19.755,122894,143771,20263,100,65,517.47,59,1980,3201,1783450639.825589
2026/07/07 18:57:20.392,122894,143771,20263,100,65,526.65,59,1980,3201,1783450640.50329
2026/07/07 18:57:21.075,122894,143771,20263,100,66,530.83,59,1980,3201,1783450641.1435907
2026/07/07 18:57:21.721,122894,143771,20263,100,65,531.75,59,1980,3201,1783450641.7858784
2026/07/07 18:57:22.352,122894,143771,20263,100,66,535.35,59,1980,3201,1783450642.415489
2026/07/07 18:57:22.982,122894,143771,20263,100,66,533.87,59,1980,3201,1783450643.0467858
2026/07/07 18:57:23.614,122894,143771,20263,100,65,508.65,59,1980,3201,1783450643.7286413
2026/07/07 18:57:24.301,122894,143771,20263,100,65,525.03,59,1980,3201,1783450644.3669302
2026/07/07 18:57:24.936,122894,143771,20263,100,65,527.75,59,1980,3201,1783450645.0014846
2026/07/07 18:57:25.577,122894,143771,20263,100,66,529.11,59,1980,3201,1783450645.6460485
2026/07/07 18:57:26.214,122894,143771,20263,100,66,535.00,59,1980,3201,1783450646.2820456
2026/07/07 18:57:26.864,122894,143771,20263,100,66,538.82,60,1980,3201,1783450646.9893506
2026/07/07 18:57:27.616,4,143771,143153,94,11,375.73,53,1980,3201,1783450647.6789484
