model,workload,config_id,hash,cls
lfm25,R_short_decode,0,cap8_chunk-1_pollpm_mem0.75,FLAT
lfm25,R_short_decode,1,cap8_chunk-1_pollpm_mem0.8,WIN
lfm25,R_short_decode,2,cap8_chunk-1_pollpm_mem0.85,WIN
lfm25,R_short_decode,3,cap8_chunk-1_pollpm_mem0.9,WIN
lfm25,R_short_decode,4,cap8_chunk-1_polfcfs_mem0.75,TRADE-OFF
lfm25,R_short_decode,5,cap8_chunk-1_polfcfs_mem0.8,WIN
lfm25,R_short_decode,6,cap8_chunk-1_polfcfs_mem0.85,WIN
lfm25,R_short_decode,7,cap8_chunk-1_polfcfs_mem0.9,WIN
lfm25,R_short_decode,8,cap8_chunk2048_pollpm_mem0.75,WIN
lfm25,R_short_decode,9,cap8_chunk2048_pollpm_mem0.8,WIN
lfm25,R_short_decode,10,cap8_chunk2048_pollpm_mem0.85,FLAT
lfm25,R_short_decode,11,cap8_chunk2048_pollpm_mem0.9,FLAT
lfm25,R_short_decode,12,cap8_chunk2048_polfcfs_mem0.75,FLAT
lfm25,R_short_decode,13,cap8_chunk2048_polfcfs_mem0.8,WIN
lfm25,R_short_decode,14,cap8_chunk2048_polfcfs_mem0.85,REGRESSION
lfm25,R_short_decode,15,cap8_chunk2048_polfcfs_mem0.9,FLAT
lfm25,R_short_decode,16,cap8_chunk8192_pollpm_mem0.75,WIN
lfm25,R_short_decode,17,cap8_chunk8192_pollpm_mem0.8,FLAT
lfm25,R_short_decode,18,cap8_chunk8192_pollpm_mem0.85,WIN
lfm25,R_short_decode,19,cap8_chunk8192_pollpm_mem0.9,WIN
lfm25,R_short_decode,20,cap8_chunk8192_polfcfs_mem0.75,WIN
lfm25,R_short_decode,21,cap8_chunk8192_polfcfs_mem0.8,WIN
lfm25,R_short_decode,22,cap8_chunk8192_polfcfs_mem0.85,WIN
lfm25,R_short_decode,23,cap8_chunk8192_polfcfs_mem0.9,FLAT
lfm25,R_short_decode,24,cap16_chunk-1_pollpm_mem0.75,FLAT
lfm25,R_short_decode,25,cap16_chunk-1_pollpm_mem0.8,WIN
lfm25,R_short_decode,26,cap16_chunk-1_pollpm_mem0.85,WIN
lfm25,R_short_decode,27,cap16_chunk-1_pollpm_mem0.9,WIN
lfm25,R_short_decode,28,cap16_chunk-1_polfcfs_mem0.75,REGRESSION
lfm25,R_short_decode,29,cap16_chunk-1_polfcfs_mem0.8,WIN
lfm25,R_short_decode,30,cap16_chunk-1_polfcfs_mem0.85,WIN
lfm25,R_short_decode,31,cap16_chunk-1_polfcfs_mem0.9,REGRESSION
lfm25,R_short_decode,32,cap16_chunk2048_pollpm_mem0.75,REGRESSION
lfm25,R_short_decode,33,cap16_chunk2048_pollpm_mem0.8,REGRESSION
lfm25,R_short_decode,34,cap16_chunk2048_pollpm_mem0.85,REGRESSION
lfm25,R_short_decode,35,cap16_chunk2048_pollpm_mem0.9,REGRESSION
lfm25,R_short_decode,36,cap16_chunk2048_polfcfs_mem0.75,WIN
lfm25,R_short_decode,37,cap16_chunk2048_polfcfs_mem0.8,WIN
lfm25,R_short_decode,38,cap16_chunk2048_polfcfs_mem0.85,REGRESSION
lfm25,R_short_decode,39,cap16_chunk2048_polfcfs_mem0.9,WIN
lfm25,R_short_decode,40,cap16_chunk8192_pollpm_mem0.75,WIN
lfm25,R_short_decode,41,cap16_chunk8192_pollpm_mem0.8,FLAT
lfm25,R_short_decode,42,cap16_chunk8192_pollpm_mem0.85,WIN
lfm25,R_short_decode,43,cap16_chunk8192_pollpm_mem0.9,REGRESSION
lfm25,R_short_decode,44,cap16_chunk8192_polfcfs_mem0.75,FLAT
lfm25,R_short_decode,45,cap16_chunk8192_polfcfs_mem0.8,REGRESSION
lfm25,R_short_decode,46,cap16_chunk8192_polfcfs_mem0.85,REGRESSION
lfm25,R_short_decode,47,cap16_chunk8192_polfcfs_mem0.9,REGRESSION
lfm25,R_short_decode,48,cap24_chunk-1_pollpm_mem0.75,WIN
lfm25,R_short_decode,49,cap24_chunk-1_pollpm_mem0.8,FLAT
lfm25,R_short_decode,50,cap24_chunk-1_pollpm_mem0.85,REGRESSION
lfm25,R_short_decode,51,cap24_chunk-1_pollpm_mem0.9,FLAT
lfm25,R_short_decode,52,cap24_chunk-1_polfcfs_mem0.75,FLAT
lfm25,R_short_decode,53,cap24_chunk-1_polfcfs_mem0.8,WIN
lfm25,R_short_decode,54,cap24_chunk-1_polfcfs_mem0.85,FLAT
lfm25,R_short_decode,55,cap24_chunk-1_polfcfs_mem0.9,FLAT
lfm25,R_short_decode,56,cap24_chunk2048_pollpm_mem0.75,REGRESSION
lfm25,R_short_decode,57,cap24_chunk2048_pollpm_mem0.8,FLAT
lfm25,R_short_decode,58,cap24_chunk2048_pollpm_mem0.85,WIN
lfm25,R_short_decode,59,cap24_chunk2048_pollpm_mem0.9,FLAT
lfm25,R_short_decode,60,cap24_chunk2048_polfcfs_mem0.75,WIN
lfm25,R_short_decode,61,cap24_chunk2048_polfcfs_mem0.8,WIN
lfm25,R_short_decode,62,cap24_chunk2048_polfcfs_mem0.85,REGRESSION
lfm25,R_short_decode,63,cap24_chunk2048_polfcfs_mem0.9,FLAT
lfm25,R_short_decode,64,cap24_chunk8192_pollpm_mem0.75,WIN
lfm25,R_short_decode,65,cap24_chunk8192_pollpm_mem0.8,WIN
lfm25,R_short_decode,66,cap24_chunk8192_pollpm_mem0.85,WIN
lfm25,R_short_decode,67,cap24_chunk8192_pollpm_mem0.9,FLAT
lfm25,R_short_decode,68,cap24_chunk8192_polfcfs_mem0.75,FLAT
lfm25,R_short_decode,69,cap24_chunk8192_polfcfs_mem0.8,REGRESSION
lfm25,R_short_decode,70,cap24_chunk8192_polfcfs_mem0.85,WIN
lfm25,R_short_decode,71,cap24_chunk8192_polfcfs_mem0.9,REGRESSION
lfm25,R_short_decode,72,cap32_chunk-1_pollpm_mem0.75,WIN
lfm25,R_short_decode,73,cap32_chunk-1_pollpm_mem0.8,REGRESSION
lfm25,R_short_decode,74,cap32_chunk-1_pollpm_mem0.85,FLAT
lfm25,R_short_decode,75,cap32_chunk-1_pollpm_mem0.9,FLAT
lfm25,R_short_decode,76,cap32_chunk-1_polfcfs_mem0.75,REGRESSION
lfm25,R_short_decode,77,cap32_chunk-1_polfcfs_mem0.8,WIN
lfm25,R_short_decode,78,cap32_chunk-1_polfcfs_mem0.85,WIN
lfm25,R_short_decode,79,cap32_chunk-1_polfcfs_mem0.9,WIN
lfm25,R_short_decode,80,cap32_chunk2048_pollpm_mem0.75,WIN
lfm25,R_short_decode,81,cap32_chunk2048_pollpm_mem0.8,WIN
lfm25,R_short_decode,82,cap32_chunk2048_pollpm_mem0.85,WIN
lfm25,R_short_decode,83,cap32_chunk2048_pollpm_mem0.9,REGRESSION
lfm25,R_short_decode,84,cap32_chunk2048_polfcfs_mem0.75,WIN
lfm25,R_short_decode,85,cap32_chunk2048_polfcfs_mem0.8,REGRESSION
lfm25,R_short_decode,86,cap32_chunk2048_polfcfs_mem0.85,REGRESSION
lfm25,R_short_decode,87,cap32_chunk2048_polfcfs_mem0.9,REGRESSION
lfm25,R_short_decode,88,cap32_chunk8192_pollpm_mem0.75,FLAT
lfm25,R_short_decode,89,cap32_chunk8192_pollpm_mem0.8,FLAT
lfm25,R_short_decode,90,cap32_chunk8192_pollpm_mem0.85,REGRESSION
lfm25,R_short_decode,91,cap32_chunk8192_pollpm_mem0.9,REGRESSION
lfm25,R_short_decode,92,cap32_chunk8192_polfcfs_mem0.75,WIN
lfm25,R_short_decode,93,cap32_chunk8192_polfcfs_mem0.8,WIN
lfm25,R_short_decode,94,cap32_chunk8192_polfcfs_mem0.85,FLAT
lfm25,R_short_decode,95,cap32_chunk8192_polfcfs_mem0.9,REGRESSION
lfm25,R_short_decode,96,cap48_chunk-1_pollpm_mem0.75,REGRESSION
lfm25,R_short_decode,97,cap48_chunk-1_pollpm_mem0.8,REGRESSION
lfm25,R_short_decode,98,cap48_chunk-1_pollpm_mem0.85,WIN
lfm25,R_short_decode,99,cap48_chunk-1_pollpm_mem0.9,WIN
lfm25,R_short_decode,100,cap48_chunk-1_polfcfs_mem0.75,FLAT
lfm25,R_short_decode,101,cap48_chunk-1_polfcfs_mem0.8,WIN
lfm25,R_short_decode,102,cap48_chunk-1_polfcfs_mem0.85,WIN
lfm25,R_short_decode,103,cap48_chunk-1_polfcfs_mem0.9,WIN
lfm25,R_short_decode,104,cap48_chunk2048_pollpm_mem0.75,FLAT
lfm25,R_short_decode,105,cap48_chunk2048_pollpm_mem0.8,FLAT
lfm25,R_short_decode,106,cap48_chunk2048_pollpm_mem0.85,REGRESSION
lfm25,R_short_decode,107,cap48_chunk2048_pollpm_mem0.9,TRADE-OFF
lfm25,R_short_decode,108,cap48_chunk2048_polfcfs_mem0.75,WIN
lfm25,R_short_decode,109,cap48_chunk2048_polfcfs_mem0.8,REGRESSION
lfm25,R_short_decode,110,cap48_chunk2048_polfcfs_mem0.85,REGRESSION
lfm25,R_short_decode,111,cap48_chunk2048_polfcfs_mem0.9,WIN
lfm25,R_short_decode,112,cap48_chunk8192_pollpm_mem0.75,WIN
lfm25,R_short_decode,113,cap48_chunk8192_pollpm_mem0.8,REGRESSION
lfm25,R_short_decode,114,cap48_chunk8192_pollpm_mem0.85,WIN
lfm25,R_short_decode,115,cap48_chunk8192_pollpm_mem0.9,FLAT
lfm25,R_short_decode,116,cap48_chunk8192_polfcfs_mem0.75,WIN
lfm25,R_short_decode,117,cap48_chunk8192_polfcfs_mem0.8,WIN
lfm25,R_short_decode,118,cap48_chunk8192_polfcfs_mem0.85,TRADE-OFF
lfm25,R_short_decode,119,cap48_chunk8192_polfcfs_mem0.9,REGRESSION
lfm25,R_short_decode,120,cap64_chunk-1_pollpm_mem0.75,WIN
lfm25,R_short_decode,121,cap64_chunk-1_pollpm_mem0.8,WIN
lfm25,R_short_decode,122,cap64_chunk-1_pollpm_mem0.85,WIN
lfm25,R_short_decode,123,cap64_chunk-1_pollpm_mem0.9,REGRESSION
lfm25,R_short_decode,124,cap64_chunk-1_polfcfs_mem0.75,WIN
lfm25,R_short_decode,125,cap64_chunk-1_polfcfs_mem0.8,WIN
lfm25,R_short_decode,126,cap64_chunk-1_polfcfs_mem0.85,WIN
lfm25,R_short_decode,127,cap64_chunk-1_polfcfs_mem0.9,WIN
lfm25,R_short_decode,128,cap64_chunk2048_pollpm_mem0.75,REGRESSION
lfm25,R_short_decode,129,cap64_chunk2048_pollpm_mem0.8,WIN
lfm25,R_short_decode,130,cap64_chunk2048_pollpm_mem0.85,WIN
lfm25,R_short_decode,131,cap64_chunk2048_pollpm_mem0.9,TRADE-OFF
lfm25,R_short_decode,132,cap64_chunk2048_polfcfs_mem0.75,WIN
lfm25,R_short_decode,133,cap64_chunk2048_polfcfs_mem0.8,FLAT
lfm25,R_short_decode,134,cap64_chunk2048_polfcfs_mem0.85,FLAT
lfm25,R_short_decode,135,cap64_chunk2048_polfcfs_mem0.9,WIN
lfm25,R_short_decode,136,cap64_chunk8192_pollpm_mem0.75,FLAT
lfm25,R_short_decode,137,cap64_chunk8192_pollpm_mem0.8,REGRESSION
lfm25,R_short_decode,138,cap64_chunk8192_pollpm_mem0.85,WIN
lfm25,R_short_decode,139,cap64_chunk8192_pollpm_mem0.9,WIN
lfm25,R_short_decode,140,cap64_chunk8192_polfcfs_mem0.75,WIN
lfm25,R_short_decode,141,cap64_chunk8192_polfcfs_mem0.8,REGRESSION
lfm25,R_short_decode,142,cap64_chunk8192_polfcfs_mem0.85,WIN
lfm25,R_short_decode,143,cap64_chunk8192_polfcfs_mem0.9,REGRESSION
lfm25,R_short_decode,144,cap96_chunk-1_pollpm_mem0.75,WIN
lfm25,R_short_decode,145,cap96_chunk-1_pollpm_mem0.8,WIN
lfm25,R_short_decode,146,cap96_chunk-1_pollpm_mem0.85,REGRESSION
lfm25,R_short_decode,147,cap96_chunk-1_pollpm_mem0.9,FLAT
lfm25,R_short_decode,148,cap96_chunk-1_polfcfs_mem0.75,FLAT
lfm25,R_short_decode,149,cap96_chunk-1_polfcfs_mem0.8,FLAT
lfm25,R_short_decode,150,cap96_chunk-1_polfcfs_mem0.85,FLAT
lfm25,R_short_decode,151,cap96_chunk-1_polfcfs_mem0.9,REGRESSION
lfm25,R_short_decode,152,cap96_chunk2048_pollpm_mem0.75,REGRESSION
lfm25,R_short_decode,153,cap96_chunk2048_pollpm_mem0.8,WIN
lfm25,R_short_decode,154,cap96_chunk2048_pollpm_mem0.85,WIN
lfm25,R_short_decode,155,cap96_chunk2048_pollpm_mem0.9,FLAT
lfm25,R_short_decode,156,cap96_chunk2048_polfcfs_mem0.75,REGRESSION
lfm25,R_short_decode,157,cap96_chunk2048_polfcfs_mem0.8,REGRESSION
lfm25,R_short_decode,158,cap96_chunk2048_polfcfs_mem0.85,FLAT
lfm25,R_short_decode,159,cap96_chunk2048_polfcfs_mem0.9,WIN
lfm25,R_short_decode,160,cap96_chunk8192_pollpm_mem0.75,FLAT
lfm25,R_short_decode,161,cap96_chunk8192_pollpm_mem0.8,FLAT
lfm25,R_short_decode,162,cap96_chunk8192_pollpm_mem0.85,FLAT
lfm25,R_short_decode,163,cap96_chunk8192_pollpm_mem0.9,WIN
lfm25,R_short_decode,164,cap96_chunk8192_polfcfs_mem0.75,REGRESSION
lfm25,R_short_decode,165,cap96_chunk8192_polfcfs_mem0.8,REGRESSION
lfm25,R_short_decode,166,cap96_chunk8192_polfcfs_mem0.85,FLAT
lfm25,R_short_decode,167,cap96_chunk8192_polfcfs_mem0.9,WIN
lfm25,R_short_decode,168,cap128_chunk-1_pollpm_mem0.75,FLAT
lfm25,R_short_decode,169,cap128_chunk-1_pollpm_mem0.8,REGRESSION
lfm25,R_short_decode,170,cap128_chunk-1_pollpm_mem0.85,FLAT
lfm25,R_short_decode,171,cap128_chunk-1_pollpm_mem0.9,WIN
lfm25,R_short_decode,172,cap128_chunk-1_polfcfs_mem0.75,REGRESSION
lfm25,R_short_decode,173,cap128_chunk-1_polfcfs_mem0.8,REGRESSION
lfm25,R_short_decode,174,cap128_chunk-1_polfcfs_mem0.85,FLAT
lfm25,R_short_decode,175,cap128_chunk-1_polfcfs_mem0.9,WIN
lfm25,R_short_decode,176,cap128_chunk2048_pollpm_mem0.75,REGRESSION
lfm25,R_short_decode,177,cap128_chunk2048_pollpm_mem0.8,FLAT
lfm25,R_short_decode,178,cap128_chunk2048_pollpm_mem0.85,WIN
lfm25,R_short_decode,179,cap128_chunk2048_pollpm_mem0.9,WIN
lfm25,R_short_decode,180,cap128_chunk2048_polfcfs_mem0.75,FLAT
lfm25,R_short_decode,181,cap128_chunk2048_polfcfs_mem0.8,WIN
lfm25,R_short_decode,182,cap128_chunk2048_polfcfs_mem0.85,FLAT
lfm25,R_short_decode,183,cap128_chunk2048_polfcfs_mem0.9,WIN
lfm25,R_short_decode,184,cap128_chunk8192_pollpm_mem0.75,REGRESSION
lfm25,R_short_decode,185,cap128_chunk8192_pollpm_mem0.8,REGRESSION
lfm25,R_short_decode,186,cap128_chunk8192_pollpm_mem0.85,FLAT
lfm25,R_short_decode,187,cap128_chunk8192_pollpm_mem0.9,WIN
lfm25,R_short_decode,188,cap128_chunk8192_polfcfs_mem0.75,WIN
lfm25,R_short_decode,189,cap128_chunk8192_polfcfs_mem0.8,WIN
lfm25,R_short_decode,190,cap128_chunk8192_polfcfs_mem0.85,REGRESSION
lfm25,R_short_decode,191,cap128_chunk8192_polfcfs_mem0.9,REGRESSION
lfm25,R_medium_balanced,0,cap8_chunk-1_pollpm_mem0.75,REGRESSION
lfm25,R_medium_balanced,1,cap8_chunk-1_pollpm_mem0.8,FLAT
lfm25,R_medium_balanced,2,cap8_chunk-1_pollpm_mem0.85,REGRESSION
lfm25,R_medium_balanced,3,cap8_chunk-1_pollpm_mem0.9,REGRESSION
lfm25,R_medium_balanced,4,cap8_chunk-1_polfcfs_mem0.75,FLAT
lfm25,R_medium_balanced,5,cap8_chunk-1_polfcfs_mem0.8,REGRESSION
lfm25,R_medium_balanced,6,cap8_chunk-1_polfcfs_mem0.85,FLAT
lfm25,R_medium_balanced,7,cap8_chunk-1_polfcfs_mem0.9,WIN
lfm25,R_medium_balanced,8,cap8_chunk2048_pollpm_mem0.75,REGRESSION
lfm25,R_medium_balanced,9,cap8_chunk2048_pollpm_mem0.8,REGRESSION
lfm25,R_medium_balanced,10,cap8_chunk2048_pollpm_mem0.85,FLAT
lfm25,R_medium_balanced,11,cap8_chunk2048_pollpm_mem0.9,REGRESSION
lfm25,R_medium_balanced,12,cap8_chunk2048_polfcfs_mem0.75,REGRESSION
lfm25,R_medium_balanced,13,cap8_chunk2048_polfcfs_mem0.8,REGRESSION
lfm25,R_medium_balanced,14,cap8_chunk2048_polfcfs_mem0.85,FLAT
lfm25,R_medium_balanced,15,cap8_chunk2048_polfcfs_mem0.9,REGRESSION
lfm25,R_medium_balanced,16,cap8_chunk8192_pollpm_mem0.75,FLAT
lfm25,R_medium_balanced,17,cap8_chunk8192_pollpm_mem0.8,REGRESSION
lfm25,R_medium_balanced,18,cap8_chunk8192_pollpm_mem0.85,REGRESSION
lfm25,R_medium_balanced,19,cap8_chunk8192_pollpm_mem0.9,REGRESSION
lfm25,R_medium_balanced,20,cap8_chunk8192_polfcfs_mem0.75,REGRESSION
lfm25,R_medium_balanced,21,cap8_chunk8192_polfcfs_mem0.8,REGRESSION
lfm25,R_medium_balanced,22,cap8_chunk8192_polfcfs_mem0.85,REGRESSION
lfm25,R_medium_balanced,23,cap8_chunk8192_polfcfs_mem0.9,FLAT
lfm25,R_medium_balanced,24,cap16_chunk-1_pollpm_mem0.75,REGRESSION
lfm25,R_medium_balanced,25,cap16_chunk-1_pollpm_mem0.8,REGRESSION
lfm25,R_medium_balanced,26,cap16_chunk-1_pollpm_mem0.85,REGRESSION
lfm25,R_medium_balanced,27,cap16_chunk-1_pollpm_mem0.9,REGRESSION
lfm25,R_medium_balanced,28,cap16_chunk-1_polfcfs_mem0.75,FLAT
lfm25,R_medium_balanced,29,cap16_chunk-1_polfcfs_mem0.8,FLAT
lfm25,R_medium_balanced,30,cap16_chunk-1_polfcfs_mem0.85,REGRESSION
lfm25,R_medium_balanced,31,cap16_chunk-1_polfcfs_mem0.9,FLAT
lfm25,R_medium_balanced,32,cap16_chunk2048_pollpm_mem0.75,REGRESSION
lfm25,R_medium_balanced,33,cap16_chunk2048_pollpm_mem0.8,REGRESSION
lfm25,R_medium_balanced,34,cap16_chunk2048_pollpm_mem0.85,REGRESSION
lfm25,R_medium_balanced,35,cap16_chunk2048_pollpm_mem0.9,REGRESSION
lfm25,R_medium_balanced,36,cap16_chunk2048_polfcfs_mem0.75,REGRESSION
lfm25,R_medium_balanced,37,cap16_chunk2048_polfcfs_mem0.8,REGRESSION
lfm25,R_medium_balanced,38,cap16_chunk2048_polfcfs_mem0.85,REGRESSION
lfm25,R_medium_balanced,39,cap16_chunk2048_polfcfs_mem0.9,REGRESSION
lfm25,R_medium_balanced,40,cap16_chunk8192_pollpm_mem0.75,WIN
lfm25,R_medium_balanced,41,cap16_chunk8192_pollpm_mem0.8,REGRESSION
lfm25,R_medium_balanced,42,cap16_chunk8192_pollpm_mem0.85,REGRESSION
lfm25,R_medium_balanced,43,cap16_chunk8192_pollpm_mem0.9,FLAT
lfm25,R_medium_balanced,44,cap16_chunk8192_polfcfs_mem0.75,FLAT
lfm25,R_medium_balanced,45,cap16_chunk8192_polfcfs_mem0.8,REGRESSION
lfm25,R_medium_balanced,46,cap16_chunk8192_polfcfs_mem0.85,FLAT
lfm25,R_medium_balanced,47,cap16_chunk8192_polfcfs_mem0.9,REGRESSION
lfm25,R_medium_balanced,48,cap24_chunk-1_pollpm_mem0.75,WIN
lfm25,R_medium_balanced,49,cap24_chunk-1_pollpm_mem0.8,FLAT
lfm25,R_medium_balanced,50,cap24_chunk-1_pollpm_mem0.85,FLAT
lfm25,R_medium_balanced,51,cap24_chunk-1_pollpm_mem0.9,REGRESSION
lfm25,R_medium_balanced,52,cap24_chunk-1_polfcfs_mem0.75,FLAT
lfm25,R_medium_balanced,53,cap24_chunk-1_polfcfs_mem0.8,REGRESSION
lfm25,R_medium_balanced,54,cap24_chunk-1_polfcfs_mem0.85,WIN
lfm25,R_medium_balanced,55,cap24_chunk-1_polfcfs_mem0.9,WIN
lfm25,R_medium_balanced,56,cap24_chunk2048_pollpm_mem0.75,REGRESSION
lfm25,R_medium_balanced,57,cap24_chunk2048_pollpm_mem0.8,REGRESSION
lfm25,R_medium_balanced,58,cap24_chunk2048_pollpm_mem0.85,REGRESSION
lfm25,R_medium_balanced,59,cap24_chunk2048_pollpm_mem0.9,FLAT
lfm25,R_medium_balanced,60,cap24_chunk2048_polfcfs_mem0.75,REGRESSION
lfm25,R_medium_balanced,61,cap24_chunk2048_polfcfs_mem0.8,REGRESSION
lfm25,R_medium_balanced,62,cap24_chunk2048_polfcfs_mem0.85,REGRESSION
lfm25,R_medium_balanced,63,cap24_chunk2048_polfcfs_mem0.9,REGRESSION
lfm25,R_medium_balanced,64,cap24_chunk8192_pollpm_mem0.75,FLAT
lfm25,R_medium_balanced,65,cap24_chunk8192_pollpm_mem0.8,WIN
lfm25,R_medium_balanced,66,cap24_chunk8192_pollpm_mem0.85,REGRESSION
lfm25,R_medium_balanced,67,cap24_chunk8192_pollpm_mem0.9,FLAT
lfm25,R_medium_balanced,68,cap24_chunk8192_polfcfs_mem0.75,REGRESSION
lfm25,R_medium_balanced,69,cap24_chunk8192_polfcfs_mem0.8,REGRESSION
lfm25,R_medium_balanced,70,cap24_chunk8192_polfcfs_mem0.85,FLAT
lfm25,R_medium_balanced,71,cap24_chunk8192_polfcfs_mem0.9,FLAT
lfm25,R_medium_balanced,72,cap32_chunk-1_pollpm_mem0.75,REGRESSION
lfm25,R_medium_balanced,73,cap32_chunk-1_pollpm_mem0.8,REGRESSION
lfm25,R_medium_balanced,74,cap32_chunk-1_pollpm_mem0.85,FLAT
lfm25,R_medium_balanced,75,cap32_chunk-1_pollpm_mem0.9,REGRESSION
lfm25,R_medium_balanced,76,cap32_chunk-1_polfcfs_mem0.75,REGRESSION
lfm25,R_medium_balanced,77,cap32_chunk-1_polfcfs_mem0.8,WIN
lfm25,R_medium_balanced,78,cap32_chunk-1_polfcfs_mem0.85,FLAT
lfm25,R_medium_balanced,79,cap32_chunk-1_polfcfs_mem0.9,FLAT
lfm25,R_medium_balanced,80,cap32_chunk2048_pollpm_mem0.75,REGRESSION
lfm25,R_medium_balanced,81,cap32_chunk2048_pollpm_mem0.8,REGRESSION
lfm25,R_medium_balanced,82,cap32_chunk2048_pollpm_mem0.85,REGRESSION
lfm25,R_medium_balanced,83,cap32_chunk2048_pollpm_mem0.9,REGRESSION
lfm25,R_medium_balanced,84,cap32_chunk2048_polfcfs_mem0.75,REGRESSION
lfm25,R_medium_balanced,85,cap32_chunk2048_polfcfs_mem0.8,REGRESSION
lfm25,R_medium_balanced,86,cap32_chunk2048_polfcfs_mem0.85,REGRESSION
lfm25,R_medium_balanced,87,cap32_chunk2048_polfcfs_mem0.9,REGRESSION
lfm25,R_medium_balanced,88,cap32_chunk8192_pollpm_mem0.75,REGRESSION
lfm25,R_medium_balanced,89,cap32_chunk8192_pollpm_mem0.8,REGRESSION
lfm25,R_medium_balanced,90,cap32_chunk8192_pollpm_mem0.85,REGRESSION
lfm25,R_medium_balanced,91,cap32_chunk8192_pollpm_mem0.9,REGRESSION
lfm25,R_medium_balanced,92,cap32_chunk8192_polfcfs_mem0.75,REGRESSION
lfm25,R_medium_balanced,93,cap32_chunk8192_polfcfs_mem0.8,REGRESSION
lfm25,R_medium_balanced,94,cap32_chunk8192_polfcfs_mem0.85,REGRESSION
lfm25,R_medium_balanced,95,cap32_chunk8192_polfcfs_mem0.9,REGRESSION
lfm25,R_medium_balanced,96,cap48_chunk-1_pollpm_mem0.75,REGRESSION
lfm25,R_medium_balanced,97,cap48_chunk-1_pollpm_mem0.8,REGRESSION
lfm25,R_medium_balanced,98,cap48_chunk-1_pollpm_mem0.85,WIN
lfm25,R_medium_balanced,99,cap48_chunk-1_pollpm_mem0.9,REGRESSION
lfm25,R_medium_balanced,100,cap48_chunk-1_polfcfs_mem0.75,REGRESSION
lfm25,R_medium_balanced,101,cap48_chunk-1_polfcfs_mem0.8,WIN
lfm25,R_medium_balanced,102,cap48_chunk-1_polfcfs_mem0.85,REGRESSION
lfm25,R_medium_balanced,103,cap48_chunk-1_polfcfs_mem0.9,FLAT
lfm25,R_medium_balanced,104,cap48_chunk2048_pollpm_mem0.75,REGRESSION
lfm25,R_medium_balanced,105,cap48_chunk2048_pollpm_mem0.8,REGRESSION
lfm25,R_medium_balanced,106,cap48_chunk2048_pollpm_mem0.85,REGRESSION
lfm25,R_medium_balanced,107,cap48_chunk2048_pollpm_mem0.9,REGRESSION
lfm25,R_medium_balanced,108,cap48_chunk2048_polfcfs_mem0.75,REGRESSION
lfm25,R_medium_balanced,109,cap48_chunk2048_polfcfs_mem0.8,REGRESSION
lfm25,R_medium_balanced,110,cap48_chunk2048_polfcfs_mem0.85,REGRESSION
lfm25,R_medium_balanced,111,cap48_chunk2048_polfcfs_mem0.9,REGRESSION
lfm25,R_medium_balanced,112,cap48_chunk8192_pollpm_mem0.75,WIN
lfm25,R_medium_balanced,113,cap48_chunk8192_pollpm_mem0.8,FLAT
lfm25,R_medium_balanced,114,cap48_chunk8192_pollpm_mem0.85,FLAT
lfm25,R_medium_balanced,115,cap48_chunk8192_pollpm_mem0.9,FLAT
lfm25,R_medium_balanced,116,cap48_chunk8192_polfcfs_mem0.75,REGRESSION
lfm25,R_medium_balanced,117,cap48_chunk8192_polfcfs_mem0.8,WIN
lfm25,R_medium_balanced,118,cap48_chunk8192_polfcfs_mem0.85,WIN
lfm25,R_medium_balanced,119,cap48_chunk8192_polfcfs_mem0.9,REGRESSION
lfm25,R_medium_balanced,120,cap64_chunk-1_pollpm_mem0.75,REGRESSION
lfm25,R_medium_balanced,121,cap64_chunk-1_pollpm_mem0.8,REGRESSION
lfm25,R_medium_balanced,122,cap64_chunk-1_pollpm_mem0.85,FLAT
lfm25,R_medium_balanced,123,cap64_chunk-1_pollpm_mem0.9,WIN
lfm25,R_medium_balanced,124,cap64_chunk-1_polfcfs_mem0.75,FLAT
lfm25,R_medium_balanced,125,cap64_chunk-1_polfcfs_mem0.8,REGRESSION
lfm25,R_medium_balanced,126,cap64_chunk-1_polfcfs_mem0.85,REGRESSION
lfm25,R_medium_balanced,127,cap64_chunk-1_polfcfs_mem0.9,REGRESSION
lfm25,R_medium_balanced,128,cap64_chunk2048_pollpm_mem0.75,REGRESSION
lfm25,R_medium_balanced,129,cap64_chunk2048_pollpm_mem0.8,REGRESSION
lfm25,R_medium_balanced,130,cap64_chunk2048_pollpm_mem0.85,REGRESSION
lfm25,R_medium_balanced,131,cap64_chunk2048_pollpm_mem0.9,REGRESSION
lfm25,R_medium_balanced,132,cap64_chunk2048_polfcfs_mem0.75,REGRESSION
lfm25,R_medium_balanced,133,cap64_chunk2048_polfcfs_mem0.8,REGRESSION
lfm25,R_medium_balanced,134,cap64_chunk2048_polfcfs_mem0.85,REGRESSION
lfm25,R_medium_balanced,135,cap64_chunk2048_polfcfs_mem0.9,REGRESSION
lfm25,R_medium_balanced,136,cap64_chunk8192_pollpm_mem0.75,WIN
lfm25,R_medium_balanced,137,cap64_chunk8192_pollpm_mem0.8,WIN
lfm25,R_medium_balanced,138,cap64_chunk8192_pollpm_mem0.85,REGRESSION
lfm25,R_medium_balanced,139,cap64_chunk8192_pollpm_mem0.9,REGRESSION
lfm25,R_medium_balanced,140,cap64_chunk8192_polfcfs_mem0.75,REGRESSION
lfm25,R_medium_balanced,141,cap64_chunk8192_polfcfs_mem0.8,FLAT
lfm25,R_medium_balanced,142,cap64_chunk8192_polfcfs_mem0.85,REGRESSION
lfm25,R_medium_balanced,143,cap64_chunk8192_polfcfs_mem0.9,REGRESSION
lfm25,R_medium_balanced,144,cap96_chunk-1_pollpm_mem0.75,FLAT
lfm25,R_medium_balanced,145,cap96_chunk-1_pollpm_mem0.8,REGRESSION
lfm25,R_medium_balanced,146,cap96_chunk-1_pollpm_mem0.85,REGRESSION
lfm25,R_medium_balanced,147,cap96_chunk-1_pollpm_mem0.9,FLAT
lfm25,R_medium_balanced,148,cap96_chunk-1_polfcfs_mem0.75,FLAT
lfm25,R_medium_balanced,149,cap96_chunk-1_polfcfs_mem0.8,FLAT
lfm25,R_medium_balanced,150,cap96_chunk-1_polfcfs_mem0.85,REGRESSION
lfm25,R_medium_balanced,151,cap96_chunk-1_polfcfs_mem0.9,REGRESSION
lfm25,R_medium_balanced,152,cap96_chunk2048_pollpm_mem0.75,REGRESSION
lfm25,R_medium_balanced,153,cap96_chunk2048_pollpm_mem0.8,REGRESSION
lfm25,R_medium_balanced,154,cap96_chunk2048_pollpm_mem0.85,REGRESSION
lfm25,R_medium_balanced,155,cap96_chunk2048_pollpm_mem0.9,REGRESSION
lfm25,R_medium_balanced,156,cap96_chunk2048_polfcfs_mem0.75,REGRESSION
lfm25,R_medium_balanced,157,cap96_chunk2048_polfcfs_mem0.8,REGRESSION
lfm25,R_medium_balanced,158,cap96_chunk2048_polfcfs_mem0.85,REGRESSION
lfm25,R_medium_balanced,159,cap96_chunk2048_polfcfs_mem0.9,REGRESSION
lfm25,R_medium_balanced,160,cap96_chunk8192_pollpm_mem0.75,REGRESSION
lfm25,R_medium_balanced,161,cap96_chunk8192_pollpm_mem0.8,FLAT
lfm25,R_medium_balanced,162,cap96_chunk8192_pollpm_mem0.85,WIN
lfm25,R_medium_balanced,163,cap96_chunk8192_pollpm_mem0.9,REGRESSION
lfm25,R_medium_balanced,164,cap96_chunk8192_polfcfs_mem0.75,FLAT
lfm25,R_medium_balanced,165,cap96_chunk8192_polfcfs_mem0.8,FLAT
lfm25,R_medium_balanced,166,cap96_chunk8192_polfcfs_mem0.85,FLAT
lfm25,R_medium_balanced,167,cap96_chunk8192_polfcfs_mem0.9,REGRESSION
lfm25,R_medium_balanced,168,cap128_chunk-1_pollpm_mem0.75,REGRESSION
lfm25,R_medium_balanced,169,cap128_chunk-1_pollpm_mem0.8,REGRESSION
lfm25,R_medium_balanced,170,cap128_chunk-1_pollpm_mem0.85,WIN
lfm25,R_medium_balanced,171,cap128_chunk-1_pollpm_mem0.9,REGRESSION
lfm25,R_medium_balanced,172,cap128_chunk-1_polfcfs_mem0.75,REGRESSION
lfm25,R_medium_balanced,173,cap128_chunk-1_polfcfs_mem0.8,FLAT
lfm25,R_medium_balanced,174,cap128_chunk-1_polfcfs_mem0.85,REGRESSION
lfm25,R_medium_balanced,175,cap128_chunk-1_polfcfs_mem0.9,FLAT
lfm25,R_medium_balanced,176,cap128_chunk2048_pollpm_mem0.75,REGRESSION
lfm25,R_medium_balanced,177,cap128_chunk2048_pollpm_mem0.8,REGRESSION
lfm25,R_medium_balanced,178,cap128_chunk2048_pollpm_mem0.85,REGRESSION
lfm25,R_medium_balanced,179,cap128_chunk2048_pollpm_mem0.9,REGRESSION
lfm25,R_medium_balanced,180,cap128_chunk2048_polfcfs_mem0.75,FLAT
lfm25,R_medium_balanced,181,cap128_chunk2048_polfcfs_mem0.8,REGRESSION
lfm25,R_medium_balanced,182,cap128_chunk2048_polfcfs_mem0.85,REGRESSION
lfm25,R_medium_balanced,183,cap128_chunk2048_polfcfs_mem0.9,REGRESSION
lfm25,R_medium_balanced,184,cap128_chunk8192_pollpm_mem0.75,FLAT
lfm25,R_medium_balanced,185,cap128_chunk8192_pollpm_mem0.8,FLAT
lfm25,R_medium_balanced,186,cap128_chunk8192_pollpm_mem0.85,REGRESSION
lfm25,R_medium_balanced,187,cap128_chunk8192_pollpm_mem0.9,FLAT
lfm25,R_medium_balanced,188,cap128_chunk8192_polfcfs_mem0.75,REGRESSION
lfm25,R_medium_balanced,189,cap128_chunk8192_polfcfs_mem0.8,REGRESSION
lfm25,R_medium_balanced,190,cap128_chunk8192_polfcfs_mem0.85,REGRESSION
lfm25,R_medium_balanced,191,cap128_chunk8192_polfcfs_mem0.9,REGRESSION
lfm25,R_long_prefill,0,cap8_chunk-1_pollpm_mem0.75,FLAT
lfm25,R_long_prefill,1,cap8_chunk-1_pollpm_mem0.8,FLAT
lfm25,R_long_prefill,2,cap8_chunk-1_pollpm_mem0.85,REGRESSION
lfm25,R_long_prefill,3,cap8_chunk-1_pollpm_mem0.9,FLAT
lfm25,R_long_prefill,4,cap8_chunk-1_polfcfs_mem0.75,REGRESSION
lfm25,R_long_prefill,5,cap8_chunk-1_polfcfs_mem0.8,FLAT
lfm25,R_long_prefill,6,cap8_chunk-1_polfcfs_mem0.85,REGRESSION
lfm25,R_long_prefill,7,cap8_chunk-1_polfcfs_mem0.9,FLAT
lfm25,R_long_prefill,8,cap8_chunk2048_pollpm_mem0.75,TRADE-OFF
lfm25,R_long_prefill,9,cap8_chunk2048_pollpm_mem0.8,TRADE-OFF
lfm25,R_long_prefill,10,cap8_chunk2048_pollpm_mem0.85,TRADE-OFF
lfm25,R_long_prefill,11,cap8_chunk2048_pollpm_mem0.9,TRADE-OFF
lfm25,R_long_prefill,12,cap8_chunk2048_polfcfs_mem0.75,TRADE-OFF
lfm25,R_long_prefill,13,cap8_chunk2048_polfcfs_mem0.8,TRADE-OFF
lfm25,R_long_prefill,14,cap8_chunk2048_polfcfs_mem0.85,TRADE-OFF
lfm25,R_long_prefill,15,cap8_chunk2048_polfcfs_mem0.9,TRADE-OFF
lfm25,R_long_prefill,16,cap8_chunk8192_pollpm_mem0.75,WIN
lfm25,R_long_prefill,17,cap8_chunk8192_pollpm_mem0.8,WIN
lfm25,R_long_prefill,18,cap8_chunk8192_pollpm_mem0.85,REGRESSION
lfm25,R_long_prefill,19,cap8_chunk8192_pollpm_mem0.9,TRADE-OFF
lfm25,R_long_prefill,20,cap8_chunk8192_polfcfs_mem0.75,WIN
lfm25,R_long_prefill,21,cap8_chunk8192_polfcfs_mem0.8,WIN
lfm25,R_long_prefill,22,cap8_chunk8192_polfcfs_mem0.85,WIN
lfm25,R_long_prefill,23,cap8_chunk8192_polfcfs_mem0.9,WIN
lfm25,R_long_prefill,24,cap16_chunk-1_pollpm_mem0.75,FLAT
lfm25,R_long_prefill,25,cap16_chunk-1_pollpm_mem0.8,FLAT
lfm25,R_long_prefill,26,cap16_chunk-1_pollpm_mem0.85,FLAT
lfm25,R_long_prefill,27,cap16_chunk-1_pollpm_mem0.9,FLAT
lfm25,R_long_prefill,28,cap16_chunk-1_polfcfs_mem0.75,FLAT
lfm25,R_long_prefill,29,cap16_chunk-1_polfcfs_mem0.8,REGRESSION
lfm25,R_long_prefill,30,cap16_chunk-1_polfcfs_mem0.85,FLAT
lfm25,R_long_prefill,31,cap16_chunk-1_polfcfs_mem0.9,REGRESSION
lfm25,R_long_prefill,32,cap16_chunk2048_pollpm_mem0.75,TRADE-OFF
lfm25,R_long_prefill,33,cap16_chunk2048_pollpm_mem0.8,TRADE-OFF
lfm25,R_long_prefill,34,cap16_chunk2048_pollpm_mem0.85,TRADE-OFF
lfm25,R_long_prefill,35,cap16_chunk2048_pollpm_mem0.9,TRADE-OFF
lfm25,R_long_prefill,36,cap16_chunk2048_polfcfs_mem0.75,TRADE-OFF
lfm25,R_long_prefill,37,cap16_chunk2048_polfcfs_mem0.8,TRADE-OFF
lfm25,R_long_prefill,38,cap16_chunk2048_polfcfs_mem0.85,WIN
lfm25,R_long_prefill,39,cap16_chunk2048_polfcfs_mem0.9,TRADE-OFF
lfm25,R_long_prefill,40,cap16_chunk8192_pollpm_mem0.75,WIN
lfm25,R_long_prefill,41,cap16_chunk8192_pollpm_mem0.8,REGRESSION
lfm25,R_long_prefill,42,cap16_chunk8192_pollpm_mem0.85,WIN
lfm25,R_long_prefill,43,cap16_chunk8192_pollpm_mem0.9,WIN
lfm25,R_long_prefill,44,cap16_chunk8192_polfcfs_mem0.75,WIN
lfm25,R_long_prefill,45,cap16_chunk8192_polfcfs_mem0.8,WIN
lfm25,R_long_prefill,46,cap16_chunk8192_polfcfs_mem0.85,WIN
lfm25,R_long_prefill,47,cap16_chunk8192_polfcfs_mem0.9,WIN
lfm25,R_long_prefill,48,cap24_chunk-1_pollpm_mem0.75,FLAT
lfm25,R_long_prefill,49,cap24_chunk-1_pollpm_mem0.8,REGRESSION
lfm25,R_long_prefill,50,cap24_chunk-1_pollpm_mem0.85,REGRESSION
lfm25,R_long_prefill,51,cap24_chunk-1_pollpm_mem0.9,REGRESSION
lfm25,R_long_prefill,52,cap24_chunk-1_polfcfs_mem0.75,REGRESSION
lfm25,R_long_prefill,53,cap24_chunk-1_polfcfs_mem0.8,REGRESSION
lfm25,R_long_prefill,54,cap24_chunk-1_polfcfs_mem0.85,REGRESSION
lfm25,R_long_prefill,55,cap24_chunk-1_polfcfs_mem0.9,REGRESSION
lfm25,R_long_prefill,56,cap24_chunk2048_pollpm_mem0.75,TRADE-OFF
lfm25,R_long_prefill,57,cap24_chunk2048_pollpm_mem0.8,TRADE-OFF
lfm25,R_long_prefill,58,cap24_chunk2048_pollpm_mem0.85,TRADE-OFF
lfm25,R_long_prefill,59,cap24_chunk2048_pollpm_mem0.9,WIN
lfm25,R_long_prefill,60,cap24_chunk2048_polfcfs_mem0.75,WIN
lfm25,R_long_prefill,61,cap24_chunk2048_polfcfs_mem0.8,TRADE-OFF
lfm25,R_long_prefill,62,cap24_chunk2048_polfcfs_mem0.85,TRADE-OFF
lfm25,R_long_prefill,63,cap24_chunk2048_polfcfs_mem0.9,TRADE-OFF
lfm25,R_long_prefill,64,cap24_chunk8192_pollpm_mem0.75,WIN
lfm25,R_long_prefill,65,cap24_chunk8192_pollpm_mem0.8,REGRESSION
lfm25,R_long_prefill,66,cap24_chunk8192_pollpm_mem0.85,REGRESSION
lfm25,R_long_prefill,67,cap24_chunk8192_pollpm_mem0.9,WIN
lfm25,R_long_prefill,68,cap24_chunk8192_polfcfs_mem0.75,WIN
lfm25,R_long_prefill,69,cap24_chunk8192_polfcfs_mem0.8,WIN
lfm25,R_long_prefill,70,cap24_chunk8192_polfcfs_mem0.85,WIN
lfm25,R_long_prefill,71,cap24_chunk8192_polfcfs_mem0.9,WIN
lfm25,R_long_prefill,72,cap32_chunk-1_pollpm_mem0.75,FLAT
lfm25,R_long_prefill,73,cap32_chunk-1_pollpm_mem0.8,REGRESSION
lfm25,R_long_prefill,74,cap32_chunk-1_pollpm_mem0.85,FLAT
lfm25,R_long_prefill,75,cap32_chunk-1_pollpm_mem0.9,REGRESSION
lfm25,R_long_prefill,76,cap32_chunk-1_polfcfs_mem0.75,FLAT
lfm25,R_long_prefill,77,cap32_chunk-1_polfcfs_mem0.8,FLAT
lfm25,R_long_prefill,78,cap32_chunk-1_polfcfs_mem0.85,REGRESSION
lfm25,R_long_prefill,79,cap32_chunk-1_polfcfs_mem0.9,REGRESSION
lfm25,R_long_prefill,80,cap32_chunk2048_pollpm_mem0.75,TRADE-OFF
lfm25,R_long_prefill,81,cap32_chunk2048_pollpm_mem0.8,TRADE-OFF
lfm25,R_long_prefill,82,cap32_chunk2048_pollpm_mem0.85,TRADE-OFF
lfm25,R_long_prefill,83,cap32_chunk2048_pollpm_mem0.9,TRADE-OFF
lfm25,R_long_prefill,84,cap32_chunk2048_polfcfs_mem0.75,WIN
lfm25,R_long_prefill,85,cap32_chunk2048_polfcfs_mem0.8,TRADE-OFF
lfm25,R_long_prefill,86,cap32_chunk2048_polfcfs_mem0.85,TRADE-OFF
lfm25,R_long_prefill,87,cap32_chunk2048_polfcfs_mem0.9,TRADE-OFF
lfm25,R_long_prefill,88,cap32_chunk8192_pollpm_mem0.75,REGRESSION
lfm25,R_long_prefill,89,cap32_chunk8192_pollpm_mem0.8,WIN
lfm25,R_long_prefill,90,cap32_chunk8192_pollpm_mem0.85,TRADE-OFF
lfm25,R_long_prefill,91,cap32_chunk8192_pollpm_mem0.9,WIN
lfm25,R_long_prefill,92,cap32_chunk8192_polfcfs_mem0.75,WIN
lfm25,R_long_prefill,93,cap32_chunk8192_polfcfs_mem0.8,WIN
lfm25,R_long_prefill,94,cap32_chunk8192_polfcfs_mem0.85,WIN
lfm25,R_long_prefill,95,cap32_chunk8192_polfcfs_mem0.9,WIN
lfm25,R_long_prefill,96,cap48_chunk-1_pollpm_mem0.75,REGRESSION
lfm25,R_long_prefill,97,cap48_chunk-1_pollpm_mem0.8,REGRESSION
lfm25,R_long_prefill,98,cap48_chunk-1_pollpm_mem0.85,REGRESSION
lfm25,R_long_prefill,99,cap48_chunk-1_pollpm_mem0.9,REGRESSION
lfm25,R_long_prefill,100,cap48_chunk-1_polfcfs_mem0.75,FLAT
lfm25,R_long_prefill,101,cap48_chunk-1_polfcfs_mem0.8,FLAT
lfm25,R_long_prefill,102,cap48_chunk-1_polfcfs_mem0.85,REGRESSION
lfm25,R_long_prefill,103,cap48_chunk-1_polfcfs_mem0.9,REGRESSION
lfm25,R_long_prefill,104,cap48_chunk2048_pollpm_mem0.75,TRADE-OFF
lfm25,R_long_prefill,105,cap48_chunk2048_pollpm_mem0.8,TRADE-OFF
lfm25,R_long_prefill,106,cap48_chunk2048_pollpm_mem0.85,TRADE-OFF
lfm25,R_long_prefill,107,cap48_chunk2048_pollpm_mem0.9,TRADE-OFF
lfm25,R_long_prefill,108,cap48_chunk2048_polfcfs_mem0.75,WIN
lfm25,R_long_prefill,109,cap48_chunk2048_polfcfs_mem0.8,TRADE-OFF
lfm25,R_long_prefill,110,cap48_chunk2048_polfcfs_mem0.85,TRADE-OFF
lfm25,R_long_prefill,111,cap48_chunk2048_polfcfs_mem0.9,TRADE-OFF
lfm25,R_long_prefill,112,cap48_chunk8192_pollpm_mem0.75,REGRESSION
lfm25,R_long_prefill,113,cap48_chunk8192_pollpm_mem0.8,WIN
lfm25,R_long_prefill,114,cap48_chunk8192_pollpm_mem0.85,REGRESSION
lfm25,R_long_prefill,115,cap48_chunk8192_pollpm_mem0.9,REGRESSION
lfm25,R_long_prefill,116,cap48_chunk8192_polfcfs_mem0.75,WIN
lfm25,R_long_prefill,117,cap48_chunk8192_polfcfs_mem0.8,WIN
lfm25,R_long_prefill,118,cap48_chunk8192_polfcfs_mem0.85,WIN
lfm25,R_long_prefill,119,cap48_chunk8192_polfcfs_mem0.9,WIN
lfm25,R_long_prefill,120,cap64_chunk-1_pollpm_mem0.75,FLAT
lfm25,R_long_prefill,121,cap64_chunk-1_pollpm_mem0.8,REGRESSION
lfm25,R_long_prefill,122,cap64_chunk-1_pollpm_mem0.85,REGRESSION
lfm25,R_long_prefill,123,cap64_chunk-1_pollpm_mem0.9,REGRESSION
lfm25,R_long_prefill,124,cap64_chunk-1_polfcfs_mem0.75,REGRESSION
lfm25,R_long_prefill,125,cap64_chunk-1_polfcfs_mem0.8,FLAT
lfm25,R_long_prefill,126,cap64_chunk-1_polfcfs_mem0.85,FLAT
lfm25,R_long_prefill,127,cap64_chunk-1_polfcfs_mem0.9,FLAT
lfm25,R_long_prefill,128,cap64_chunk2048_pollpm_mem0.75,TRADE-OFF
lfm25,R_long_prefill,129,cap64_chunk2048_pollpm_mem0.8,TRADE-OFF
lfm25,R_long_prefill,130,cap64_chunk2048_pollpm_mem0.85,TRADE-OFF
lfm25,R_long_prefill,131,cap64_chunk2048_pollpm_mem0.9,TRADE-OFF
lfm25,R_long_prefill,132,cap64_chunk2048_polfcfs_mem0.75,TRADE-OFF
lfm25,R_long_prefill,133,cap64_chunk2048_polfcfs_mem0.8,WIN
lfm25,R_long_prefill,134,cap64_chunk2048_polfcfs_mem0.85,TRADE-OFF
lfm25,R_long_prefill,135,cap64_chunk2048_polfcfs_mem0.9,TRADE-OFF
lfm25,R_long_prefill,136,cap64_chunk8192_pollpm_mem0.75,WIN
lfm25,R_long_prefill,137,cap64_chunk8192_pollpm_mem0.8,WIN
lfm25,R_long_prefill,138,cap64_chunk8192_pollpm_mem0.85,REGRESSION
lfm25,R_long_prefill,139,cap64_chunk8192_pollpm_mem0.9,REGRESSION
lfm25,R_long_prefill,140,cap64_chunk8192_polfcfs_mem0.75,WIN
lfm25,R_long_prefill,141,cap64_chunk8192_polfcfs_mem0.8,WIN
lfm25,R_long_prefill,142,cap64_chunk8192_polfcfs_mem0.85,WIN
lfm25,R_long_prefill,143,cap64_chunk8192_polfcfs_mem0.9,WIN
lfm25,R_long_prefill,144,cap96_chunk-1_pollpm_mem0.75,REGRESSION
lfm25,R_long_prefill,145,cap96_chunk-1_pollpm_mem0.8,WIN
lfm25,R_long_prefill,146,cap96_chunk-1_pollpm_mem0.85,REGRESSION
lfm25,R_long_prefill,147,cap96_chunk-1_pollpm_mem0.9,REGRESSION
lfm25,R_long_prefill,148,cap96_chunk-1_polfcfs_mem0.75,REGRESSION
lfm25,R_long_prefill,149,cap96_chunk-1_polfcfs_mem0.8,REGRESSION
lfm25,R_long_prefill,150,cap96_chunk-1_polfcfs_mem0.85,TRADE-OFF
lfm25,R_long_prefill,151,cap96_chunk-1_polfcfs_mem0.9,FLAT
lfm25,R_long_prefill,152,cap96_chunk2048_pollpm_mem0.75,TRADE-OFF
lfm25,R_long_prefill,153,cap96_chunk2048_pollpm_mem0.8,TRADE-OFF
lfm25,R_long_prefill,154,cap96_chunk2048_pollpm_mem0.85,TRADE-OFF
lfm25,R_long_prefill,155,cap96_chunk2048_pollpm_mem0.9,TRADE-OFF
lfm25,R_long_prefill,156,cap96_chunk2048_polfcfs_mem0.75,TRADE-OFF
lfm25,R_long_prefill,157,cap96_chunk2048_polfcfs_mem0.8,TRADE-OFF
lfm25,R_long_prefill,158,cap96_chunk2048_polfcfs_mem0.85,TRADE-OFF
lfm25,R_long_prefill,159,cap96_chunk2048_polfcfs_mem0.9,TRADE-OFF
lfm25,R_long_prefill,160,cap96_chunk8192_pollpm_mem0.75,WIN
lfm25,R_long_prefill,161,cap96_chunk8192_pollpm_mem0.8,WIN
lfm25,R_long_prefill,162,cap96_chunk8192_pollpm_mem0.85,TRADE-OFF
lfm25,R_long_prefill,163,cap96_chunk8192_pollpm_mem0.9,REGRESSION
lfm25,R_long_prefill,164,cap96_chunk8192_polfcfs_mem0.75,TRADE-OFF
lfm25,R_long_prefill,165,cap96_chunk8192_polfcfs_mem0.8,WIN
lfm25,R_long_prefill,166,cap96_chunk8192_polfcfs_mem0.85,WIN
lfm25,R_long_prefill,167,cap96_chunk8192_polfcfs_mem0.9,WIN
lfm25,R_long_prefill,168,cap128_chunk-1_pollpm_mem0.75,REGRESSION
lfm25,R_long_prefill,169,cap128_chunk-1_pollpm_mem0.8,REGRESSION
lfm25,R_long_prefill,170,cap128_chunk-1_pollpm_mem0.85,FLAT
lfm25,R_long_prefill,171,cap128_chunk-1_pollpm_mem0.9,FLAT
lfm25,R_long_prefill,172,cap128_chunk-1_polfcfs_mem0.75,REGRESSION
lfm25,R_long_prefill,173,cap128_chunk-1_polfcfs_mem0.8,REGRESSION
lfm25,R_long_prefill,174,cap128_chunk-1_polfcfs_mem0.85,FLAT
lfm25,R_long_prefill,175,cap128_chunk-1_polfcfs_mem0.9,REGRESSION
lfm25,R_long_prefill,176,cap128_chunk2048_pollpm_mem0.75,TRADE-OFF
lfm25,R_long_prefill,177,cap128_chunk2048_pollpm_mem0.8,TRADE-OFF
lfm25,R_long_prefill,178,cap128_chunk2048_pollpm_mem0.85,TRADE-OFF
lfm25,R_long_prefill,179,cap128_chunk2048_pollpm_mem0.9,TRADE-OFF
lfm25,R_long_prefill,180,cap128_chunk2048_polfcfs_mem0.75,WIN
lfm25,R_long_prefill,181,cap128_chunk2048_polfcfs_mem0.8,TRADE-OFF
lfm25,R_long_prefill,182,cap128_chunk2048_polfcfs_mem0.85,TRADE-OFF
lfm25,R_long_prefill,183,cap128_chunk2048_polfcfs_mem0.9,TRADE-OFF
lfm25,R_long_prefill,184,cap128_chunk8192_pollpm_mem0.75,WIN
lfm25,R_long_prefill,185,cap128_chunk8192_pollpm_mem0.8,WIN
lfm25,R_long_prefill,186,cap128_chunk8192_pollpm_mem0.85,TRADE-OFF
lfm25,R_long_prefill,187,cap128_chunk8192_pollpm_mem0.9,REGRESSION
lfm25,R_long_prefill,188,cap128_chunk8192_polfcfs_mem0.75,WIN
lfm25,R_long_prefill,189,cap128_chunk8192_polfcfs_mem0.8,WIN
lfm25,R_long_prefill,190,cap128_chunk8192_polfcfs_mem0.85,WIN
lfm25,R_long_prefill,191,cap128_chunk8192_polfcfs_mem0.9,WIN
lfm25,R_concurrent_decode,0,cap8_chunk-1_pollpm_mem0.75,TRADE-OFF
lfm25,R_concurrent_decode,1,cap8_chunk-1_pollpm_mem0.8,TRADE-OFF
lfm25,R_concurrent_decode,2,cap8_chunk-1_pollpm_mem0.85,TRADE-OFF
lfm25,R_concurrent_decode,3,cap8_chunk-1_pollpm_mem0.9,TRADE-OFF
lfm25,R_concurrent_decode,4,cap8_chunk-1_polfcfs_mem0.75,TRADE-OFF
lfm25,R_concurrent_decode,5,cap8_chunk-1_polfcfs_mem0.8,TRADE-OFF
lfm25,R_concurrent_decode,6,cap8_chunk-1_polfcfs_mem0.85,TRADE-OFF
lfm25,R_concurrent_decode,7,cap8_chunk-1_polfcfs_mem0.9,TRADE-OFF
lfm25,R_concurrent_decode,8,cap8_chunk2048_pollpm_mem0.75,TRADE-OFF
lfm25,R_concurrent_decode,9,cap8_chunk2048_pollpm_mem0.8,TRADE-OFF
lfm25,R_concurrent_decode,10,cap8_chunk2048_pollpm_mem0.85,TRADE-OFF
lfm25,R_concurrent_decode,11,cap8_chunk2048_pollpm_mem0.9,TRADE-OFF
lfm25,R_concurrent_decode,12,cap8_chunk2048_polfcfs_mem0.75,TRADE-OFF
lfm25,R_concurrent_decode,13,cap8_chunk2048_polfcfs_mem0.8,TRADE-OFF
lfm25,R_concurrent_decode,14,cap8_chunk2048_polfcfs_mem0.85,TRADE-OFF
lfm25,R_concurrent_decode,15,cap8_chunk2048_polfcfs_mem0.9,TRADE-OFF
lfm25,R_concurrent_decode,16,cap8_chunk8192_pollpm_mem0.75,TRADE-OFF
lfm25,R_concurrent_decode,17,cap8_chunk8192_pollpm_mem0.8,TRADE-OFF
lfm25,R_concurrent_decode,18,cap8_chunk8192_pollpm_mem0.85,TRADE-OFF
lfm25,R_concurrent_decode,19,cap8_chunk8192_pollpm_mem0.9,TRADE-OFF
lfm25,R_concurrent_decode,20,cap8_chunk8192_polfcfs_mem0.75,TRADE-OFF
lfm25,R_concurrent_decode,21,cap8_chunk8192_polfcfs_mem0.8,TRADE-OFF
lfm25,R_concurrent_decode,22,cap8_chunk8192_polfcfs_mem0.85,TRADE-OFF
lfm25,R_concurrent_decode,23,cap8_chunk8192_polfcfs_mem0.9,TRADE-OFF
lfm25,R_concurrent_decode,24,cap16_chunk-1_pollpm_mem0.75,TRADE-OFF
lfm25,R_concurrent_decode,25,cap16_chunk-1_pollpm_mem0.8,TRADE-OFF
lfm25,R_concurrent_decode,26,cap16_chunk-1_pollpm_mem0.85,TRADE-OFF
lfm25,R_concurrent_decode,27,cap16_chunk-1_pollpm_mem0.9,TRADE-OFF
lfm25,R_concurrent_decode,28,cap16_chunk-1_polfcfs_mem0.75,TRADE-OFF
lfm25,R_concurrent_decode,29,cap16_chunk-1_polfcfs_mem0.8,TRADE-OFF
lfm25,R_concurrent_decode,30,cap16_chunk-1_polfcfs_mem0.85,TRADE-OFF
lfm25,R_concurrent_decode,31,cap16_chunk-1_polfcfs_mem0.9,TRADE-OFF
lfm25,R_concurrent_decode,32,cap16_chunk2048_pollpm_mem0.75,TRADE-OFF
lfm25,R_concurrent_decode,33,cap16_chunk2048_pollpm_mem0.8,TRADE-OFF
lfm25,R_concurrent_decode,34,cap16_chunk2048_pollpm_mem0.85,TRADE-OFF
lfm25,R_concurrent_decode,35,cap16_chunk2048_pollpm_mem0.9,TRADE-OFF
lfm25,R_concurrent_decode,36,cap16_chunk2048_polfcfs_mem0.75,TRADE-OFF
lfm25,R_concurrent_decode,37,cap16_chunk2048_polfcfs_mem0.8,TRADE-OFF
lfm25,R_concurrent_decode,38,cap16_chunk2048_polfcfs_mem0.85,TRADE-OFF
lfm25,R_concurrent_decode,39,cap16_chunk2048_polfcfs_mem0.9,TRADE-OFF
lfm25,R_concurrent_decode,40,cap16_chunk8192_pollpm_mem0.75,TRADE-OFF
lfm25,R_concurrent_decode,41,cap16_chunk8192_pollpm_mem0.8,TRADE-OFF
lfm25,R_concurrent_decode,42,cap16_chunk8192_pollpm_mem0.85,TRADE-OFF
lfm25,R_concurrent_decode,43,cap16_chunk8192_pollpm_mem0.9,TRADE-OFF
lfm25,R_concurrent_decode,44,cap16_chunk8192_polfcfs_mem0.75,TRADE-OFF
lfm25,R_concurrent_decode,45,cap16_chunk8192_polfcfs_mem0.8,TRADE-OFF
lfm25,R_concurrent_decode,46,cap16_chunk8192_polfcfs_mem0.85,TRADE-OFF
lfm25,R_concurrent_decode,47,cap16_chunk8192_polfcfs_mem0.9,TRADE-OFF
lfm25,R_concurrent_decode,48,cap24_chunk-1_pollpm_mem0.75,TRADE-OFF
lfm25,R_concurrent_decode,49,cap24_chunk-1_pollpm_mem0.8,TRADE-OFF
lfm25,R_concurrent_decode,50,cap24_chunk-1_pollpm_mem0.85,TRADE-OFF
lfm25,R_concurrent_decode,51,cap24_chunk-1_pollpm_mem0.9,TRADE-OFF
lfm25,R_concurrent_decode,52,cap24_chunk-1_polfcfs_mem0.75,TRADE-OFF
lfm25,R_concurrent_decode,53,cap24_chunk-1_polfcfs_mem0.8,TRADE-OFF
lfm25,R_concurrent_decode,54,cap24_chunk-1_polfcfs_mem0.85,TRADE-OFF
lfm25,R_concurrent_decode,55,cap24_chunk-1_polfcfs_mem0.9,TRADE-OFF
lfm25,R_concurrent_decode,56,cap24_chunk2048_pollpm_mem0.75,TRADE-OFF
lfm25,R_concurrent_decode,57,cap24_chunk2048_pollpm_mem0.8,REGRESSION
lfm25,R_concurrent_decode,58,cap24_chunk2048_pollpm_mem0.85,REGRESSION
lfm25,R_concurrent_decode,59,cap24_chunk2048_pollpm_mem0.9,REGRESSION
lfm25,R_concurrent_decode,60,cap24_chunk2048_polfcfs_mem0.75,TRADE-OFF
lfm25,R_concurrent_decode,61,cap24_chunk2048_polfcfs_mem0.8,REGRESSION
lfm25,R_concurrent_decode,62,cap24_chunk2048_polfcfs_mem0.85,TRADE-OFF
lfm25,R_concurrent_decode,63,cap24_chunk2048_polfcfs_mem0.9,TRADE-OFF
lfm25,R_concurrent_decode,64,cap24_chunk8192_pollpm_mem0.75,TRADE-OFF
lfm25,R_concurrent_decode,65,cap24_chunk8192_pollpm_mem0.8,TRADE-OFF
lfm25,R_concurrent_decode,66,cap24_chunk8192_pollpm_mem0.85,TRADE-OFF
lfm25,R_concurrent_decode,67,cap24_chunk8192_pollpm_mem0.9,TRADE-OFF
lfm25,R_concurrent_decode,68,cap24_chunk8192_polfcfs_mem0.75,TRADE-OFF
lfm25,R_concurrent_decode,69,cap24_chunk8192_polfcfs_mem0.8,TRADE-OFF
lfm25,R_concurrent_decode,70,cap24_chunk8192_polfcfs_mem0.85,TRADE-OFF
lfm25,R_concurrent_decode,71,cap24_chunk8192_polfcfs_mem0.9,TRADE-OFF
lfm25,R_concurrent_decode,72,cap32_chunk-1_pollpm_mem0.75,FLAT
lfm25,R_concurrent_decode,73,cap32_chunk-1_pollpm_mem0.8,REGRESSION
lfm25,R_concurrent_decode,74,cap32_chunk-1_pollpm_mem0.85,FLAT
lfm25,R_concurrent_decode,75,cap32_chunk-1_pollpm_mem0.9,REGRESSION
lfm25,R_concurrent_decode,76,cap32_chunk-1_polfcfs_mem0.75,FLAT
lfm25,R_concurrent_decode,77,cap32_chunk-1_polfcfs_mem0.8,REGRESSION
lfm25,R_concurrent_decode,78,cap32_chunk-1_polfcfs_mem0.85,TRADE-OFF
lfm25,R_concurrent_decode,79,cap32_chunk-1_polfcfs_mem0.9,FLAT
lfm25,R_concurrent_decode,80,cap32_chunk2048_pollpm_mem0.75,REGRESSION
lfm25,R_concurrent_decode,81,cap32_chunk2048_pollpm_mem0.8,REGRESSION
lfm25,R_concurrent_decode,82,cap32_chunk2048_pollpm_mem0.85,REGRESSION
lfm25,R_concurrent_decode,83,cap32_chunk2048_pollpm_mem0.9,REGRESSION
lfm25,R_concurrent_decode,84,cap32_chunk2048_polfcfs_mem0.75,REGRESSION
lfm25,R_concurrent_decode,85,cap32_chunk2048_polfcfs_mem0.8,REGRESSION
lfm25,R_concurrent_decode,86,cap32_chunk2048_polfcfs_mem0.85,REGRESSION
lfm25,R_concurrent_decode,87,cap32_chunk2048_polfcfs_mem0.9,REGRESSION
lfm25,R_concurrent_decode,88,cap32_chunk8192_pollpm_mem0.75,FLAT
lfm25,R_concurrent_decode,89,cap32_chunk8192_pollpm_mem0.8,REGRESSION
lfm25,R_concurrent_decode,90,cap32_chunk8192_pollpm_mem0.85,REGRESSION
lfm25,R_concurrent_decode,91,cap32_chunk8192_pollpm_mem0.9,FLAT
lfm25,R_concurrent_decode,92,cap32_chunk8192_polfcfs_mem0.75,REGRESSION
lfm25,R_concurrent_decode,93,cap32_chunk8192_polfcfs_mem0.8,REGRESSION
lfm25,R_concurrent_decode,94,cap32_chunk8192_polfcfs_mem0.85,FLAT
lfm25,R_concurrent_decode,95,cap32_chunk8192_polfcfs_mem0.9,FLAT
lfm25,R_concurrent_decode,96,cap48_chunk-1_pollpm_mem0.75,FLAT
lfm25,R_concurrent_decode,97,cap48_chunk-1_pollpm_mem0.8,FLAT
lfm25,R_concurrent_decode,98,cap48_chunk-1_pollpm_mem0.85,REGRESSION
lfm25,R_concurrent_decode,99,cap48_chunk-1_pollpm_mem0.9,REGRESSION
lfm25,R_concurrent_decode,100,cap48_chunk-1_polfcfs_mem0.75,WIN
lfm25,R_concurrent_decode,101,cap48_chunk-1_polfcfs_mem0.8,FLAT
lfm25,R_concurrent_decode,102,cap48_chunk-1_polfcfs_mem0.85,FLAT
lfm25,R_concurrent_decode,103,cap48_chunk-1_polfcfs_mem0.9,WIN
lfm25,R_concurrent_decode,104,cap48_chunk2048_pollpm_mem0.75,REGRESSION
lfm25,R_concurrent_decode,105,cap48_chunk2048_pollpm_mem0.8,REGRESSION
lfm25,R_concurrent_decode,106,cap48_chunk2048_pollpm_mem0.85,REGRESSION
lfm25,R_concurrent_decode,107,cap48_chunk2048_pollpm_mem0.9,REGRESSION
lfm25,R_concurrent_decode,108,cap48_chunk2048_polfcfs_mem0.75,REGRESSION
lfm25,R_concurrent_decode,109,cap48_chunk2048_polfcfs_mem0.8,REGRESSION
lfm25,R_concurrent_decode,110,cap48_chunk2048_polfcfs_mem0.85,REGRESSION
lfm25,R_concurrent_decode,111,cap48_chunk2048_polfcfs_mem0.9,REGRESSION
lfm25,R_concurrent_decode,112,cap48_chunk8192_pollpm_mem0.75,REGRESSION
lfm25,R_concurrent_decode,113,cap48_chunk8192_pollpm_mem0.8,REGRESSION
lfm25,R_concurrent_decode,114,cap48_chunk8192_pollpm_mem0.85,WIN
lfm25,R_concurrent_decode,115,cap48_chunk8192_pollpm_mem0.9,FLAT
lfm25,R_concurrent_decode,116,cap48_chunk8192_polfcfs_mem0.75,REGRESSION
lfm25,R_concurrent_decode,117,cap48_chunk8192_polfcfs_mem0.8,FLAT
lfm25,R_concurrent_decode,118,cap48_chunk8192_polfcfs_mem0.85,FLAT
lfm25,R_concurrent_decode,119,cap48_chunk8192_polfcfs_mem0.9,REGRESSION
lfm25,R_concurrent_decode,120,cap64_chunk-1_pollpm_mem0.75,REGRESSION
lfm25,R_concurrent_decode,121,cap64_chunk-1_pollpm_mem0.8,REGRESSION
lfm25,R_concurrent_decode,122,cap64_chunk-1_pollpm_mem0.85,REGRESSION
lfm25,R_concurrent_decode,123,cap64_chunk-1_pollpm_mem0.9,REGRESSION
lfm25,R_concurrent_decode,124,cap64_chunk-1_polfcfs_mem0.75,REGRESSION
lfm25,R_concurrent_decode,125,cap64_chunk-1_polfcfs_mem0.8,WIN
lfm25,R_concurrent_decode,126,cap64_chunk-1_polfcfs_mem0.85,FLAT
lfm25,R_concurrent_decode,127,cap64_chunk-1_polfcfs_mem0.9,WIN
lfm25,R_concurrent_decode,128,cap64_chunk2048_pollpm_mem0.75,REGRESSION
lfm25,R_concurrent_decode,129,cap64_chunk2048_pollpm_mem0.8,REGRESSION
lfm25,R_concurrent_decode,130,cap64_chunk2048_pollpm_mem0.85,REGRESSION
lfm25,R_concurrent_decode,131,cap64_chunk2048_pollpm_mem0.9,REGRESSION
lfm25,R_concurrent_decode,132,cap64_chunk2048_polfcfs_mem0.75,REGRESSION
lfm25,R_concurrent_decode,133,cap64_chunk2048_polfcfs_mem0.8,REGRESSION
lfm25,R_concurrent_decode,134,cap64_chunk2048_polfcfs_mem0.85,REGRESSION
lfm25,R_concurrent_decode,135,cap64_chunk2048_polfcfs_mem0.9,REGRESSION
lfm25,R_concurrent_decode,136,cap64_chunk8192_pollpm_mem0.75,REGRESSION
lfm25,R_concurrent_decode,137,cap64_chunk8192_pollpm_mem0.8,REGRESSION
lfm25,R_concurrent_decode,138,cap64_chunk8192_pollpm_mem0.85,FLAT
lfm25,R_concurrent_decode,139,cap64_chunk8192_pollpm_mem0.9,REGRESSION
lfm25,R_concurrent_decode,140,cap64_chunk8192_polfcfs_mem0.75,WIN
lfm25,R_concurrent_decode,141,cap64_chunk8192_polfcfs_mem0.8,WIN
lfm25,R_concurrent_decode,142,cap64_chunk8192_polfcfs_mem0.85,WIN
lfm25,R_concurrent_decode,143,cap64_chunk8192_polfcfs_mem0.9,WIN
lfm25,R_concurrent_decode,144,cap96_chunk-1_pollpm_mem0.75,FLAT
lfm25,R_concurrent_decode,145,cap96_chunk-1_pollpm_mem0.8,REGRESSION
lfm25,R_concurrent_decode,146,cap96_chunk-1_pollpm_mem0.85,REGRESSION
lfm25,R_concurrent_decode,147,cap96_chunk-1_pollpm_mem0.9,FLAT
lfm25,R_concurrent_decode,148,cap96_chunk-1_polfcfs_mem0.75,REGRESSION
lfm25,R_concurrent_decode,149,cap96_chunk-1_polfcfs_mem0.8,WIN
lfm25,R_concurrent_decode,150,cap96_chunk-1_polfcfs_mem0.85,FLAT
lfm25,R_concurrent_decode,151,cap96_chunk-1_polfcfs_mem0.9,FLAT
lfm25,R_concurrent_decode,152,cap96_chunk2048_pollpm_mem0.75,REGRESSION
lfm25,R_concurrent_decode,153,cap96_chunk2048_pollpm_mem0.8,REGRESSION
lfm25,R_concurrent_decode,154,cap96_chunk2048_pollpm_mem0.85,REGRESSION
lfm25,R_concurrent_decode,155,cap96_chunk2048_pollpm_mem0.9,REGRESSION
lfm25,R_concurrent_decode,156,cap96_chunk2048_polfcfs_mem0.75,REGRESSION
lfm25,R_concurrent_decode,157,cap96_chunk2048_polfcfs_mem0.8,REGRESSION
lfm25,R_concurrent_decode,158,cap96_chunk2048_polfcfs_mem0.85,REGRESSION
lfm25,R_concurrent_decode,159,cap96_chunk2048_polfcfs_mem0.9,REGRESSION
lfm25,R_concurrent_decode,160,cap96_chunk8192_pollpm_mem0.75,WIN
lfm25,R_concurrent_decode,161,cap96_chunk8192_pollpm_mem0.8,FLAT
lfm25,R_concurrent_decode,162,cap96_chunk8192_pollpm_mem0.85,REGRESSION
lfm25,R_concurrent_decode,163,cap96_chunk8192_pollpm_mem0.9,FLAT
lfm25,R_concurrent_decode,164,cap96_chunk8192_polfcfs_mem0.75,REGRESSION
lfm25,R_concurrent_decode,165,cap96_chunk8192_polfcfs_mem0.8,REGRESSION
lfm25,R_concurrent_decode,166,cap96_chunk8192_polfcfs_mem0.85,FLAT
lfm25,R_concurrent_decode,167,cap96_chunk8192_polfcfs_mem0.9,FLAT
lfm25,R_concurrent_decode,168,cap128_chunk-1_pollpm_mem0.75,REGRESSION
lfm25,R_concurrent_decode,169,cap128_chunk-1_pollpm_mem0.8,FLAT
lfm25,R_concurrent_decode,170,cap128_chunk-1_pollpm_mem0.85,REGRESSION
lfm25,R_concurrent_decode,171,cap128_chunk-1_pollpm_mem0.9,FLAT
lfm25,R_concurrent_decode,172,cap128_chunk-1_polfcfs_mem0.75,WIN
lfm25,R_concurrent_decode,173,cap128_chunk-1_polfcfs_mem0.8,REGRESSION
lfm25,R_concurrent_decode,174,cap128_chunk-1_polfcfs_mem0.85,REGRESSION
lfm25,R_concurrent_decode,175,cap128_chunk-1_polfcfs_mem0.9,REGRESSION
lfm25,R_concurrent_decode,176,cap128_chunk2048_pollpm_mem0.75,REGRESSION
lfm25,R_concurrent_decode,177,cap128_chunk2048_pollpm_mem0.8,REGRESSION
lfm25,R_concurrent_decode,178,cap128_chunk2048_pollpm_mem0.85,REGRESSION
lfm25,R_concurrent_decode,179,cap128_chunk2048_pollpm_mem0.9,REGRESSION
lfm25,R_concurrent_decode,180,cap128_chunk2048_polfcfs_mem0.75,REGRESSION
lfm25,R_concurrent_decode,181,cap128_chunk2048_polfcfs_mem0.8,REGRESSION
lfm25,R_concurrent_decode,182,cap128_chunk2048_polfcfs_mem0.85,REGRESSION
lfm25,R_concurrent_decode,183,cap128_chunk2048_polfcfs_mem0.9,REGRESSION
lfm25,R_concurrent_decode,184,cap128_chunk8192_pollpm_mem0.75,FLAT
lfm25,R_concurrent_decode,185,cap128_chunk8192_pollpm_mem0.8,FLAT
lfm25,R_concurrent_decode,186,cap128_chunk8192_pollpm_mem0.85,REGRESSION
lfm25,R_concurrent_decode,187,cap128_chunk8192_pollpm_mem0.9,WIN
lfm25,R_concurrent_decode,188,cap128_chunk8192_polfcfs_mem0.75,REGRESSION
lfm25,R_concurrent_decode,189,cap128_chunk8192_polfcfs_mem0.8,REGRESSION
lfm25,R_concurrent_decode,190,cap128_chunk8192_polfcfs_mem0.85,WIN
lfm25,R_concurrent_decode,191,cap128_chunk8192_polfcfs_mem0.9,REGRESSION
lfm25,shared_prefix,0,cap8_chunk-1_pollpm_mem0.75,TRADE-OFF
lfm25,shared_prefix,1,cap8_chunk-1_pollpm_mem0.8,TRADE-OFF
lfm25,shared_prefix,2,cap8_chunk-1_pollpm_mem0.85,TRADE-OFF
lfm25,shared_prefix,3,cap8_chunk-1_pollpm_mem0.9,TRADE-OFF
lfm25,shared_prefix,4,cap8_chunk-1_polfcfs_mem0.75,TRADE-OFF
lfm25,shared_prefix,5,cap8_chunk-1_polfcfs_mem0.8,TRADE-OFF
lfm25,shared_prefix,6,cap8_chunk-1_polfcfs_mem0.85,TRADE-OFF
lfm25,shared_prefix,7,cap8_chunk-1_polfcfs_mem0.9,TRADE-OFF
lfm25,shared_prefix,8,cap8_chunk2048_pollpm_mem0.75,TRADE-OFF
lfm25,shared_prefix,9,cap8_chunk2048_pollpm_mem0.8,TRADE-OFF
lfm25,shared_prefix,10,cap8_chunk2048_pollpm_mem0.85,TRADE-OFF
lfm25,shared_prefix,11,cap8_chunk2048_pollpm_mem0.9,TRADE-OFF
lfm25,shared_prefix,12,cap8_chunk2048_polfcfs_mem0.75,TRADE-OFF
lfm25,shared_prefix,13,cap8_chunk2048_polfcfs_mem0.8,TRADE-OFF
lfm25,shared_prefix,14,cap8_chunk2048_polfcfs_mem0.85,TRADE-OFF
lfm25,shared_prefix,15,cap8_chunk2048_polfcfs_mem0.9,TRADE-OFF
lfm25,shared_prefix,16,cap8_chunk8192_pollpm_mem0.75,TRADE-OFF
lfm25,shared_prefix,17,cap8_chunk8192_pollpm_mem0.8,TRADE-OFF
lfm25,shared_prefix,18,cap8_chunk8192_pollpm_mem0.85,TRADE-OFF
lfm25,shared_prefix,19,cap8_chunk8192_pollpm_mem0.9,TRADE-OFF
lfm25,shared_prefix,20,cap8_chunk8192_polfcfs_mem0.75,TRADE-OFF
lfm25,shared_prefix,21,cap8_chunk8192_polfcfs_mem0.8,TRADE-OFF
lfm25,shared_prefix,22,cap8_chunk8192_polfcfs_mem0.85,TRADE-OFF
lfm25,shared_prefix,23,cap8_chunk8192_polfcfs_mem0.9,TRADE-OFF
lfm25,shared_prefix,24,cap16_chunk-1_pollpm_mem0.75,TRADE-OFF
lfm25,shared_prefix,25,cap16_chunk-1_pollpm_mem0.8,TRADE-OFF
lfm25,shared_prefix,26,cap16_chunk-1_pollpm_mem0.85,TRADE-OFF
lfm25,shared_prefix,27,cap16_chunk-1_pollpm_mem0.9,TRADE-OFF
lfm25,shared_prefix,28,cap16_chunk-1_polfcfs_mem0.75,TRADE-OFF
lfm25,shared_prefix,29,cap16_chunk-1_polfcfs_mem0.8,TRADE-OFF
lfm25,shared_prefix,30,cap16_chunk-1_polfcfs_mem0.85,TRADE-OFF
lfm25,shared_prefix,31,cap16_chunk-1_polfcfs_mem0.9,TRADE-OFF
lfm25,shared_prefix,32,cap16_chunk2048_pollpm_mem0.75,TRADE-OFF
lfm25,shared_prefix,33,cap16_chunk2048_pollpm_mem0.8,TRADE-OFF
lfm25,shared_prefix,34,cap16_chunk2048_pollpm_mem0.85,TRADE-OFF
lfm25,shared_prefix,35,cap16_chunk2048_pollpm_mem0.9,TRADE-OFF
lfm25,shared_prefix,36,cap16_chunk2048_polfcfs_mem0.75,TRADE-OFF
lfm25,shared_prefix,37,cap16_chunk2048_polfcfs_mem0.8,TRADE-OFF
lfm25,shared_prefix,38,cap16_chunk2048_polfcfs_mem0.85,TRADE-OFF
lfm25,shared_prefix,39,cap16_chunk2048_polfcfs_mem0.9,TRADE-OFF
lfm25,shared_prefix,40,cap16_chunk8192_pollpm_mem0.75,TRADE-OFF
lfm25,shared_prefix,41,cap16_chunk8192_pollpm_mem0.8,TRADE-OFF
lfm25,shared_prefix,42,cap16_chunk8192_pollpm_mem0.85,TRADE-OFF
lfm25,shared_prefix,43,cap16_chunk8192_pollpm_mem0.9,TRADE-OFF
lfm25,shared_prefix,44,cap16_chunk8192_polfcfs_mem0.75,TRADE-OFF
lfm25,shared_prefix,45,cap16_chunk8192_polfcfs_mem0.8,TRADE-OFF
lfm25,shared_prefix,46,cap16_chunk8192_polfcfs_mem0.85,TRADE-OFF
lfm25,shared_prefix,47,cap16_chunk8192_polfcfs_mem0.9,TRADE-OFF
lfm25,shared_prefix,48,cap24_chunk-1_pollpm_mem0.75,TRADE-OFF
lfm25,shared_prefix,49,cap24_chunk-1_pollpm_mem0.8,TRADE-OFF
lfm25,shared_prefix,50,cap24_chunk-1_pollpm_mem0.85,TRADE-OFF
lfm25,shared_prefix,51,cap24_chunk-1_pollpm_mem0.9,TRADE-OFF
lfm25,shared_prefix,52,cap24_chunk-1_polfcfs_mem0.75,TRADE-OFF
lfm25,shared_prefix,53,cap24_chunk-1_polfcfs_mem0.8,TRADE-OFF
lfm25,shared_prefix,54,cap24_chunk-1_polfcfs_mem0.85,TRADE-OFF
lfm25,shared_prefix,55,cap24_chunk-1_polfcfs_mem0.9,TRADE-OFF
lfm25,shared_prefix,56,cap24_chunk2048_pollpm_mem0.75,WIN
lfm25,shared_prefix,57,cap24_chunk2048_pollpm_mem0.8,WIN
lfm25,shared_prefix,58,cap24_chunk2048_pollpm_mem0.85,WIN
lfm25,shared_prefix,59,cap24_chunk2048_pollpm_mem0.9,WIN
lfm25,shared_prefix,60,cap24_chunk2048_polfcfs_mem0.75,WIN
lfm25,shared_prefix,61,cap24_chunk2048_polfcfs_mem0.8,WIN
lfm25,shared_prefix,62,cap24_chunk2048_polfcfs_mem0.85,WIN
lfm25,shared_prefix,63,cap24_chunk2048_polfcfs_mem0.9,WIN
lfm25,shared_prefix,64,cap24_chunk8192_pollpm_mem0.75,WIN
lfm25,shared_prefix,65,cap24_chunk8192_pollpm_mem0.8,WIN
lfm25,shared_prefix,66,cap24_chunk8192_pollpm_mem0.85,WIN
lfm25,shared_prefix,67,cap24_chunk8192_pollpm_mem0.9,WIN
lfm25,shared_prefix,68,cap24_chunk8192_polfcfs_mem0.75,WIN
lfm25,shared_prefix,69,cap24_chunk8192_polfcfs_mem0.8,WIN
lfm25,shared_prefix,70,cap24_chunk8192_polfcfs_mem0.85,WIN
lfm25,shared_prefix,71,cap24_chunk8192_polfcfs_mem0.9,WIN
lfm25,shared_prefix,72,cap32_chunk-1_pollpm_mem0.75,FLAT
lfm25,shared_prefix,73,cap32_chunk-1_pollpm_mem0.8,FLAT
lfm25,shared_prefix,74,cap32_chunk-1_pollpm_mem0.85,FLAT
lfm25,shared_prefix,75,cap32_chunk-1_pollpm_mem0.9,FLAT
lfm25,shared_prefix,76,cap32_chunk-1_polfcfs_mem0.75,WIN
lfm25,shared_prefix,77,cap32_chunk-1_polfcfs_mem0.8,WIN
lfm25,shared_prefix,78,cap32_chunk-1_polfcfs_mem0.85,WIN
lfm25,shared_prefix,79,cap32_chunk-1_polfcfs_mem0.9,WIN
lfm25,shared_prefix,80,cap32_chunk2048_pollpm_mem0.75,WIN
lfm25,shared_prefix,81,cap32_chunk2048_pollpm_mem0.8,WIN
lfm25,shared_prefix,82,cap32_chunk2048_pollpm_mem0.85,WIN
lfm25,shared_prefix,83,cap32_chunk2048_pollpm_mem0.9,WIN
lfm25,shared_prefix,84,cap32_chunk2048_polfcfs_mem0.75,WIN
lfm25,shared_prefix,85,cap32_chunk2048_polfcfs_mem0.8,WIN
lfm25,shared_prefix,86,cap32_chunk2048_polfcfs_mem0.85,WIN
lfm25,shared_prefix,87,cap32_chunk2048_polfcfs_mem0.9,WIN
lfm25,shared_prefix,88,cap32_chunk8192_pollpm_mem0.75,WIN
lfm25,shared_prefix,89,cap32_chunk8192_pollpm_mem0.8,WIN
lfm25,shared_prefix,90,cap32_chunk8192_pollpm_mem0.85,WIN
lfm25,shared_prefix,91,cap32_chunk8192_pollpm_mem0.9,WIN
lfm25,shared_prefix,92,cap32_chunk8192_polfcfs_mem0.75,WIN
lfm25,shared_prefix,93,cap32_chunk8192_polfcfs_mem0.8,WIN
lfm25,shared_prefix,94,cap32_chunk8192_polfcfs_mem0.85,WIN
lfm25,shared_prefix,95,cap32_chunk8192_polfcfs_mem0.9,WIN
lfm25,shared_prefix,96,cap48_chunk-1_pollpm_mem0.75,TRADE-OFF
lfm25,shared_prefix,97,cap48_chunk-1_pollpm_mem0.8,TRADE-OFF
lfm25,shared_prefix,98,cap48_chunk-1_pollpm_mem0.85,TRADE-OFF
lfm25,shared_prefix,99,cap48_chunk-1_pollpm_mem0.9,TRADE-OFF
lfm25,shared_prefix,100,cap48_chunk-1_polfcfs_mem0.75,TRADE-OFF
lfm25,shared_prefix,101,cap48_chunk-1_polfcfs_mem0.8,TRADE-OFF
lfm25,shared_prefix,102,cap48_chunk-1_polfcfs_mem0.85,TRADE-OFF
lfm25,shared_prefix,103,cap48_chunk-1_polfcfs_mem0.9,TRADE-OFF
lfm25,shared_prefix,104,cap48_chunk2048_pollpm_mem0.75,WIN
lfm25,shared_prefix,105,cap48_chunk2048_pollpm_mem0.8,WIN
lfm25,shared_prefix,106,cap48_chunk2048_pollpm_mem0.85,WIN
lfm25,shared_prefix,107,cap48_chunk2048_pollpm_mem0.9,WIN
lfm25,shared_prefix,108,cap48_chunk2048_polfcfs_mem0.75,WIN
lfm25,shared_prefix,109,cap48_chunk2048_polfcfs_mem0.8,WIN
lfm25,shared_prefix,110,cap48_chunk2048_polfcfs_mem0.85,WIN
lfm25,shared_prefix,111,cap48_chunk2048_polfcfs_mem0.9,WIN
lfm25,shared_prefix,112,cap48_chunk8192_pollpm_mem0.75,WIN
lfm25,shared_prefix,113,cap48_chunk8192_pollpm_mem0.8,WIN
lfm25,shared_prefix,114,cap48_chunk8192_pollpm_mem0.85,WIN
lfm25,shared_prefix,115,cap48_chunk8192_pollpm_mem0.9,WIN
lfm25,shared_prefix,116,cap48_chunk8192_polfcfs_mem0.75,WIN
lfm25,shared_prefix,117,cap48_chunk8192_polfcfs_mem0.8,WIN
lfm25,shared_prefix,118,cap48_chunk8192_polfcfs_mem0.85,TRADE-OFF
lfm25,shared_prefix,119,cap48_chunk8192_polfcfs_mem0.9,WIN
lfm25,shared_prefix,120,cap64_chunk-1_pollpm_mem0.75,TRADE-OFF
lfm25,shared_prefix,121,cap64_chunk-1_pollpm_mem0.8,TRADE-OFF
lfm25,shared_prefix,122,cap64_chunk-1_pollpm_mem0.85,TRADE-OFF
lfm25,shared_prefix,123,cap64_chunk-1_pollpm_mem0.9,TRADE-OFF
lfm25,shared_prefix,124,cap64_chunk-1_polfcfs_mem0.75,TRADE-OFF
lfm25,shared_prefix,125,cap64_chunk-1_polfcfs_mem0.8,TRADE-OFF
lfm25,shared_prefix,126,cap64_chunk-1_polfcfs_mem0.85,TRADE-OFF
lfm25,shared_prefix,127,cap64_chunk-1_polfcfs_mem0.9,TRADE-OFF
lfm25,shared_prefix,128,cap64_chunk2048_pollpm_mem0.75,TRADE-OFF
lfm25,shared_prefix,129,cap64_chunk2048_pollpm_mem0.8,TRADE-OFF
lfm25,shared_prefix,130,cap64_chunk2048_pollpm_mem0.85,TRADE-OFF
lfm25,shared_prefix,131,cap64_chunk2048_pollpm_mem0.9,TRADE-OFF
lfm25,shared_prefix,132,cap64_chunk2048_polfcfs_mem0.75,TRADE-OFF
lfm25,shared_prefix,133,cap64_chunk2048_polfcfs_mem0.8,TRADE-OFF
lfm25,shared_prefix,134,cap64_chunk2048_polfcfs_mem0.85,TRADE-OFF
lfm25,shared_prefix,135,cap64_chunk2048_polfcfs_mem0.9,TRADE-OFF
lfm25,shared_prefix,136,cap64_chunk8192_pollpm_mem0.75,TRADE-OFF
lfm25,shared_prefix,137,cap64_chunk8192_pollpm_mem0.8,TRADE-OFF
lfm25,shared_prefix,138,cap64_chunk8192_pollpm_mem0.85,TRADE-OFF
lfm25,shared_prefix,139,cap64_chunk8192_pollpm_mem0.9,TRADE-OFF
lfm25,shared_prefix,140,cap64_chunk8192_polfcfs_mem0.75,TRADE-OFF
lfm25,shared_prefix,141,cap64_chunk8192_polfcfs_mem0.8,TRADE-OFF
lfm25,shared_prefix,142,cap64_chunk8192_polfcfs_mem0.85,TRADE-OFF
lfm25,shared_prefix,143,cap64_chunk8192_polfcfs_mem0.9,TRADE-OFF
lfm25,shared_prefix,144,cap96_chunk-1_pollpm_mem0.75,TRADE-OFF
lfm25,shared_prefix,145,cap96_chunk-1_pollpm_mem0.8,TRADE-OFF
lfm25,shared_prefix,146,cap96_chunk-1_pollpm_mem0.85,TRADE-OFF
lfm25,shared_prefix,147,cap96_chunk-1_pollpm_mem0.9,TRADE-OFF
lfm25,shared_prefix,148,cap96_chunk-1_polfcfs_mem0.75,TRADE-OFF
lfm25,shared_prefix,149,cap96_chunk-1_polfcfs_mem0.8,TRADE-OFF
lfm25,shared_prefix,150,cap96_chunk-1_polfcfs_mem0.85,TRADE-OFF
lfm25,shared_prefix,151,cap96_chunk-1_polfcfs_mem0.9,TRADE-OFF
lfm25,shared_prefix,152,cap96_chunk2048_pollpm_mem0.75,TRADE-OFF
lfm25,shared_prefix,153,cap96_chunk2048_pollpm_mem0.8,TRADE-OFF
lfm25,shared_prefix,154,cap96_chunk2048_pollpm_mem0.85,TRADE-OFF
lfm25,shared_prefix,155,cap96_chunk2048_pollpm_mem0.9,TRADE-OFF
lfm25,shared_prefix,156,cap96_chunk2048_polfcfs_mem0.75,TRADE-OFF
lfm25,shared_prefix,157,cap96_chunk2048_polfcfs_mem0.8,TRADE-OFF
lfm25,shared_prefix,158,cap96_chunk2048_polfcfs_mem0.85,TRADE-OFF
lfm25,shared_prefix,159,cap96_chunk2048_polfcfs_mem0.9,TRADE-OFF
lfm25,shared_prefix,160,cap96_chunk8192_pollpm_mem0.75,TRADE-OFF
lfm25,shared_prefix,161,cap96_chunk8192_pollpm_mem0.8,TRADE-OFF
lfm25,shared_prefix,162,cap96_chunk8192_pollpm_mem0.85,TRADE-OFF
lfm25,shared_prefix,163,cap96_chunk8192_pollpm_mem0.9,TRADE-OFF
lfm25,shared_prefix,164,cap96_chunk8192_polfcfs_mem0.75,TRADE-OFF
lfm25,shared_prefix,165,cap96_chunk8192_polfcfs_mem0.8,TRADE-OFF
lfm25,shared_prefix,166,cap96_chunk8192_polfcfs_mem0.85,TRADE-OFF
lfm25,shared_prefix,167,cap96_chunk8192_polfcfs_mem0.9,TRADE-OFF
lfm25,shared_prefix,168,cap128_chunk-1_pollpm_mem0.75,TRADE-OFF
lfm25,shared_prefix,169,cap128_chunk-1_pollpm_mem0.8,TRADE-OFF
lfm25,shared_prefix,170,cap128_chunk-1_pollpm_mem0.85,TRADE-OFF
lfm25,shared_prefix,171,cap128_chunk-1_pollpm_mem0.9,TRADE-OFF
lfm25,shared_prefix,172,cap128_chunk-1_polfcfs_mem0.75,TRADE-OFF
lfm25,shared_prefix,173,cap128_chunk-1_polfcfs_mem0.8,TRADE-OFF
lfm25,shared_prefix,174,cap128_chunk-1_polfcfs_mem0.85,TRADE-OFF
lfm25,shared_prefix,175,cap128_chunk-1_polfcfs_mem0.9,TRADE-OFF
lfm25,shared_prefix,176,cap128_chunk2048_pollpm_mem0.75,TRADE-OFF
lfm25,shared_prefix,177,cap128_chunk2048_pollpm_mem0.8,TRADE-OFF
lfm25,shared_prefix,178,cap128_chunk2048_pollpm_mem0.85,TRADE-OFF
lfm25,shared_prefix,179,cap128_chunk2048_pollpm_mem0.9,TRADE-OFF
lfm25,shared_prefix,180,cap128_chunk2048_polfcfs_mem0.75,TRADE-OFF
lfm25,shared_prefix,181,cap128_chunk2048_polfcfs_mem0.8,TRADE-OFF
lfm25,shared_prefix,182,cap128_chunk2048_polfcfs_mem0.85,TRADE-OFF
lfm25,shared_prefix,183,cap128_chunk2048_polfcfs_mem0.9,TRADE-OFF
lfm25,shared_prefix,184,cap128_chunk8192_pollpm_mem0.75,TRADE-OFF
lfm25,shared_prefix,185,cap128_chunk8192_pollpm_mem0.8,TRADE-OFF
lfm25,shared_prefix,186,cap128_chunk8192_pollpm_mem0.85,TRADE-OFF
lfm25,shared_prefix,187,cap128_chunk8192_pollpm_mem0.9,TRADE-OFF
lfm25,shared_prefix,188,cap128_chunk8192_polfcfs_mem0.75,TRADE-OFF
lfm25,shared_prefix,189,cap128_chunk8192_polfcfs_mem0.8,TRADE-OFF
lfm25,shared_prefix,190,cap128_chunk8192_polfcfs_mem0.85,TRADE-OFF
lfm25,shared_prefix,191,cap128_chunk8192_polfcfs_mem0.9,TRADE-OFF
lfm25,tool_agent,0,cap8_chunk-1_pollpm_mem0.75,TRADE-OFF
lfm25,tool_agent,1,cap8_chunk-1_pollpm_mem0.8,TRADE-OFF
lfm25,tool_agent,2,cap8_chunk-1_pollpm_mem0.85,TRADE-OFF
lfm25,tool_agent,3,cap8_chunk-1_pollpm_mem0.9,TRADE-OFF
lfm25,tool_agent,4,cap8_chunk-1_polfcfs_mem0.75,TRADE-OFF
lfm25,tool_agent,5,cap8_chunk-1_polfcfs_mem0.8,TRADE-OFF
lfm25,tool_agent,6,cap8_chunk-1_polfcfs_mem0.85,TRADE-OFF
lfm25,tool_agent,7,cap8_chunk-1_polfcfs_mem0.9,TRADE-OFF
lfm25,tool_agent,8,cap8_chunk2048_pollpm_mem0.75,TRADE-OFF
lfm25,tool_agent,9,cap8_chunk2048_pollpm_mem0.8,TRADE-OFF
lfm25,tool_agent,10,cap8_chunk2048_pollpm_mem0.85,TRADE-OFF
lfm25,tool_agent,11,cap8_chunk2048_pollpm_mem0.9,TRADE-OFF
lfm25,tool_agent,12,cap8_chunk2048_polfcfs_mem0.75,TRADE-OFF
lfm25,tool_agent,13,cap8_chunk2048_polfcfs_mem0.8,TRADE-OFF
lfm25,tool_agent,14,cap8_chunk2048_polfcfs_mem0.85,TRADE-OFF
lfm25,tool_agent,15,cap8_chunk2048_polfcfs_mem0.9,TRADE-OFF
lfm25,tool_agent,16,cap8_chunk8192_pollpm_mem0.75,TRADE-OFF
lfm25,tool_agent,17,cap8_chunk8192_pollpm_mem0.8,TRADE-OFF
lfm25,tool_agent,18,cap8_chunk8192_pollpm_mem0.85,TRADE-OFF
lfm25,tool_agent,19,cap8_chunk8192_pollpm_mem0.9,TRADE-OFF
lfm25,tool_agent,20,cap8_chunk8192_polfcfs_mem0.75,TRADE-OFF
lfm25,tool_agent,21,cap8_chunk8192_polfcfs_mem0.8,TRADE-OFF
lfm25,tool_agent,22,cap8_chunk8192_polfcfs_mem0.85,TRADE-OFF
lfm25,tool_agent,23,cap8_chunk8192_polfcfs_mem0.9,TRADE-OFF
lfm25,tool_agent,24,cap16_chunk-1_pollpm_mem0.75,WIN
lfm25,tool_agent,25,cap16_chunk-1_pollpm_mem0.8,WIN
lfm25,tool_agent,26,cap16_chunk-1_pollpm_mem0.85,WIN
lfm25,tool_agent,27,cap16_chunk-1_pollpm_mem0.9,TRADE-OFF
lfm25,tool_agent,28,cap16_chunk-1_polfcfs_mem0.75,WIN
lfm25,tool_agent,29,cap16_chunk-1_polfcfs_mem0.8,WIN
lfm25,tool_agent,30,cap16_chunk-1_polfcfs_mem0.85,WIN
lfm25,tool_agent,31,cap16_chunk-1_polfcfs_mem0.9,WIN
lfm25,tool_agent,32,cap16_chunk2048_pollpm_mem0.75,REGRESSION
lfm25,tool_agent,33,cap16_chunk2048_pollpm_mem0.8,REGRESSION
lfm25,tool_agent,34,cap16_chunk2048_pollpm_mem0.85,REGRESSION
lfm25,tool_agent,35,cap16_chunk2048_pollpm_mem0.9,REGRESSION
lfm25,tool_agent,36,cap16_chunk2048_polfcfs_mem0.75,REGRESSION
lfm25,tool_agent,37,cap16_chunk2048_polfcfs_mem0.8,REGRESSION
lfm25,tool_agent,38,cap16_chunk2048_polfcfs_mem0.85,REGRESSION
lfm25,tool_agent,39,cap16_chunk2048_polfcfs_mem0.9,REGRESSION
lfm25,tool_agent,40,cap16_chunk8192_pollpm_mem0.75,TRADE-OFF
lfm25,tool_agent,41,cap16_chunk8192_pollpm_mem0.8,TRADE-OFF
lfm25,tool_agent,42,cap16_chunk8192_pollpm_mem0.85,TRADE-OFF
lfm25,tool_agent,43,cap16_chunk8192_pollpm_mem0.9,TRADE-OFF
lfm25,tool_agent,44,cap16_chunk8192_polfcfs_mem0.75,WIN
lfm25,tool_agent,45,cap16_chunk8192_polfcfs_mem0.8,WIN
lfm25,tool_agent,46,cap16_chunk8192_polfcfs_mem0.85,WIN
lfm25,tool_agent,47,cap16_chunk8192_polfcfs_mem0.9,WIN
lfm25,tool_agent,48,cap24_chunk-1_pollpm_mem0.75,WIN
lfm25,tool_agent,49,cap24_chunk-1_pollpm_mem0.8,WIN
lfm25,tool_agent,50,cap24_chunk-1_pollpm_mem0.85,TRADE-OFF
lfm25,tool_agent,51,cap24_chunk-1_pollpm_mem0.9,WIN
lfm25,tool_agent,52,cap24_chunk-1_polfcfs_mem0.75,WIN
lfm25,tool_agent,53,cap24_chunk-1_polfcfs_mem0.8,TRADE-OFF
lfm25,tool_agent,54,cap24_chunk-1_polfcfs_mem0.85,WIN
lfm25,tool_agent,55,cap24_chunk-1_polfcfs_mem0.9,WIN
lfm25,tool_agent,56,cap24_chunk2048_pollpm_mem0.75,REGRESSION
lfm25,tool_agent,57,cap24_chunk2048_pollpm_mem0.8,REGRESSION
lfm25,tool_agent,58,cap24_chunk2048_pollpm_mem0.85,REGRESSION
lfm25,tool_agent,59,cap24_chunk2048_pollpm_mem0.9,REGRESSION
lfm25,tool_agent,60,cap24_chunk2048_polfcfs_mem0.75,REGRESSION
lfm25,tool_agent,61,cap24_chunk2048_polfcfs_mem0.8,REGRESSION
lfm25,tool_agent,62,cap24_chunk2048_polfcfs_mem0.85,REGRESSION
lfm25,tool_agent,63,cap24_chunk2048_polfcfs_mem0.9,REGRESSION
lfm25,tool_agent,64,cap24_chunk8192_pollpm_mem0.75,REGRESSION
lfm25,tool_agent,65,cap24_chunk8192_pollpm_mem0.8,WIN
lfm25,tool_agent,66,cap24_chunk8192_pollpm_mem0.85,REGRESSION
lfm25,tool_agent,67,cap24_chunk8192_pollpm_mem0.9,WIN
lfm25,tool_agent,68,cap24_chunk8192_polfcfs_mem0.75,WIN
lfm25,tool_agent,69,cap24_chunk8192_polfcfs_mem0.8,WIN
lfm25,tool_agent,70,cap24_chunk8192_polfcfs_mem0.85,WIN
lfm25,tool_agent,71,cap24_chunk8192_polfcfs_mem0.9,WIN
lfm25,tool_agent,72,cap32_chunk-1_pollpm_mem0.75,WIN
lfm25,tool_agent,73,cap32_chunk-1_pollpm_mem0.8,WIN
lfm25,tool_agent,74,cap32_chunk-1_pollpm_mem0.85,FLAT
lfm25,tool_agent,75,cap32_chunk-1_pollpm_mem0.9,WIN
lfm25,tool_agent,76,cap32_chunk-1_polfcfs_mem0.75,WIN
lfm25,tool_agent,77,cap32_chunk-1_polfcfs_mem0.8,WIN
lfm25,tool_agent,78,cap32_chunk-1_polfcfs_mem0.85,WIN
lfm25,tool_agent,79,cap32_chunk-1_polfcfs_mem0.9,WIN
lfm25,tool_agent,80,cap32_chunk2048_pollpm_mem0.75,REGRESSION
lfm25,tool_agent,81,cap32_chunk2048_pollpm_mem0.8,REGRESSION
lfm25,tool_agent,82,cap32_chunk2048_pollpm_mem0.85,REGRESSION
lfm25,tool_agent,83,cap32_chunk2048_pollpm_mem0.9,REGRESSION
lfm25,tool_agent,84,cap32_chunk2048_polfcfs_mem0.75,REGRESSION
lfm25,tool_agent,85,cap32_chunk2048_polfcfs_mem0.8,REGRESSION
lfm25,tool_agent,86,cap32_chunk2048_polfcfs_mem0.85,REGRESSION
lfm25,tool_agent,87,cap32_chunk2048_polfcfs_mem0.9,REGRESSION
lfm25,tool_agent,88,cap32_chunk8192_pollpm_mem0.75,REGRESSION
lfm25,tool_agent,89,cap32_chunk8192_pollpm_mem0.8,REGRESSION
lfm25,tool_agent,90,cap32_chunk8192_pollpm_mem0.85,TRADE-OFF
lfm25,tool_agent,91,cap32_chunk8192_pollpm_mem0.9,TRADE-OFF
lfm25,tool_agent,92,cap32_chunk8192_polfcfs_mem0.75,WIN
lfm25,tool_agent,93,cap32_chunk8192_polfcfs_mem0.8,WIN
lfm25,tool_agent,94,cap32_chunk8192_polfcfs_mem0.85,WIN
lfm25,tool_agent,95,cap32_chunk8192_polfcfs_mem0.9,TRADE-OFF
lfm25,tool_agent,96,cap48_chunk-1_pollpm_mem0.75,WIN
lfm25,tool_agent,97,cap48_chunk-1_pollpm_mem0.8,TRADE-OFF
lfm25,tool_agent,98,cap48_chunk-1_pollpm_mem0.85,WIN
lfm25,tool_agent,99,cap48_chunk-1_pollpm_mem0.9,WIN
lfm25,tool_agent,100,cap48_chunk-1_polfcfs_mem0.75,WIN
lfm25,tool_agent,101,cap48_chunk-1_polfcfs_mem0.8,WIN
lfm25,tool_agent,102,cap48_chunk-1_polfcfs_mem0.85,WIN
lfm25,tool_agent,103,cap48_chunk-1_polfcfs_mem0.9,WIN
lfm25,tool_agent,104,cap48_chunk2048_pollpm_mem0.75,REGRESSION
lfm25,tool_agent,105,cap48_chunk2048_pollpm_mem0.8,REGRESSION
lfm25,tool_agent,106,cap48_chunk2048_pollpm_mem0.85,REGRESSION
lfm25,tool_agent,107,cap48_chunk2048_pollpm_mem0.9,REGRESSION
lfm25,tool_agent,108,cap48_chunk2048_polfcfs_mem0.75,REGRESSION
lfm25,tool_agent,109,cap48_chunk2048_polfcfs_mem0.8,REGRESSION
lfm25,tool_agent,110,cap48_chunk2048_polfcfs_mem0.85,REGRESSION
lfm25,tool_agent,111,cap48_chunk2048_polfcfs_mem0.9,REGRESSION
lfm25,tool_agent,112,cap48_chunk8192_pollpm_mem0.75,TRADE-OFF
lfm25,tool_agent,113,cap48_chunk8192_pollpm_mem0.8,REGRESSION
lfm25,tool_agent,114,cap48_chunk8192_pollpm_mem0.85,TRADE-OFF
lfm25,tool_agent,115,cap48_chunk8192_pollpm_mem0.9,TRADE-OFF
lfm25,tool_agent,116,cap48_chunk8192_polfcfs_mem0.75,WIN
lfm25,tool_agent,117,cap48_chunk8192_polfcfs_mem0.8,WIN
lfm25,tool_agent,118,cap48_chunk8192_polfcfs_mem0.85,WIN
lfm25,tool_agent,119,cap48_chunk8192_polfcfs_mem0.9,WIN
lfm25,tool_agent,120,cap64_chunk-1_pollpm_mem0.75,WIN
lfm25,tool_agent,121,cap64_chunk-1_pollpm_mem0.8,WIN
lfm25,tool_agent,122,cap64_chunk-1_pollpm_mem0.85,WIN
lfm25,tool_agent,123,cap64_chunk-1_pollpm_mem0.9,WIN
lfm25,tool_agent,124,cap64_chunk-1_polfcfs_mem0.75,WIN
lfm25,tool_agent,125,cap64_chunk-1_polfcfs_mem0.8,WIN
lfm25,tool_agent,126,cap64_chunk-1_polfcfs_mem0.85,WIN
lfm25,tool_agent,127,cap64_chunk-1_polfcfs_mem0.9,TRADE-OFF
lfm25,tool_agent,128,cap64_chunk2048_pollpm_mem0.75,REGRESSION
lfm25,tool_agent,129,cap64_chunk2048_pollpm_mem0.8,REGRESSION
lfm25,tool_agent,130,cap64_chunk2048_pollpm_mem0.85,REGRESSION
lfm25,tool_agent,131,cap64_chunk2048_pollpm_mem0.9,REGRESSION
lfm25,tool_agent,132,cap64_chunk2048_polfcfs_mem0.75,REGRESSION
lfm25,tool_agent,133,cap64_chunk2048_polfcfs_mem0.8,REGRESSION
lfm25,tool_agent,134,cap64_chunk2048_polfcfs_mem0.85,REGRESSION
lfm25,tool_agent,135,cap64_chunk2048_polfcfs_mem0.9,REGRESSION
lfm25,tool_agent,136,cap64_chunk8192_pollpm_mem0.75,REGRESSION
lfm25,tool_agent,137,cap64_chunk8192_pollpm_mem0.8,REGRESSION
lfm25,tool_agent,138,cap64_chunk8192_pollpm_mem0.85,TRADE-OFF
lfm25,tool_agent,139,cap64_chunk8192_pollpm_mem0.9,REGRESSION
lfm25,tool_agent,140,cap64_chunk8192_polfcfs_mem0.75,WIN
lfm25,tool_agent,141,cap64_chunk8192_polfcfs_mem0.8,WIN
lfm25,tool_agent,142,cap64_chunk8192_polfcfs_mem0.85,WIN
lfm25,tool_agent,143,cap64_chunk8192_polfcfs_mem0.9,WIN
lfm25,tool_agent,144,cap96_chunk-1_pollpm_mem0.75,WIN
lfm25,tool_agent,145,cap96_chunk-1_pollpm_mem0.8,WIN
lfm25,tool_agent,146,cap96_chunk-1_pollpm_mem0.85,WIN
lfm25,tool_agent,147,cap96_chunk-1_pollpm_mem0.9,WIN
lfm25,tool_agent,148,cap96_chunk-1_polfcfs_mem0.75,WIN
lfm25,tool_agent,149,cap96_chunk-1_polfcfs_mem0.8,WIN
lfm25,tool_agent,150,cap96_chunk-1_polfcfs_mem0.85,WIN
lfm25,tool_agent,151,cap96_chunk-1_polfcfs_mem0.9,WIN
lfm25,tool_agent,152,cap96_chunk2048_pollpm_mem0.75,REGRESSION
lfm25,tool_agent,153,cap96_chunk2048_pollpm_mem0.8,REGRESSION
lfm25,tool_agent,154,cap96_chunk2048_pollpm_mem0.85,REGRESSION
lfm25,tool_agent,155,cap96_chunk2048_pollpm_mem0.9,REGRESSION
lfm25,tool_agent,156,cap96_chunk2048_polfcfs_mem0.75,REGRESSION
lfm25,tool_agent,157,cap96_chunk2048_polfcfs_mem0.8,REGRESSION
lfm25,tool_agent,158,cap96_chunk2048_polfcfs_mem0.85,TRADE-OFF
lfm25,tool_agent,159,cap96_chunk2048_polfcfs_mem0.9,REGRESSION
lfm25,tool_agent,160,cap96_chunk8192_pollpm_mem0.75,REGRESSION
lfm25,tool_agent,161,cap96_chunk8192_pollpm_mem0.8,WIN
lfm25,tool_agent,162,cap96_chunk8192_pollpm_mem0.85,REGRESSION
lfm25,tool_agent,163,cap96_chunk8192_pollpm_mem0.9,REGRESSION
lfm25,tool_agent,164,cap96_chunk8192_polfcfs_mem0.75,WIN
lfm25,tool_agent,165,cap96_chunk8192_polfcfs_mem0.8,WIN
lfm25,tool_agent,166,cap96_chunk8192_polfcfs_mem0.85,WIN
lfm25,tool_agent,167,cap96_chunk8192_polfcfs_mem0.9,WIN
lfm25,tool_agent,168,cap128_chunk-1_pollpm_mem0.75,WIN
lfm25,tool_agent,169,cap128_chunk-1_pollpm_mem0.8,WIN
lfm25,tool_agent,170,cap128_chunk-1_pollpm_mem0.85,WIN
lfm25,tool_agent,171,cap128_chunk-1_pollpm_mem0.9,WIN
lfm25,tool_agent,172,cap128_chunk-1_polfcfs_mem0.75,WIN
lfm25,tool_agent,173,cap128_chunk-1_polfcfs_mem0.8,WIN
lfm25,tool_agent,174,cap128_chunk-1_polfcfs_mem0.85,WIN
lfm25,tool_agent,175,cap128_chunk-1_polfcfs_mem0.9,WIN
lfm25,tool_agent,176,cap128_chunk2048_pollpm_mem0.75,REGRESSION
lfm25,tool_agent,177,cap128_chunk2048_pollpm_mem0.8,REGRESSION
lfm25,tool_agent,178,cap128_chunk2048_pollpm_mem0.85,REGRESSION
lfm25,tool_agent,179,cap128_chunk2048_pollpm_mem0.9,REGRESSION
lfm25,tool_agent,180,cap128_chunk2048_polfcfs_mem0.75,REGRESSION
lfm25,tool_agent,181,cap128_chunk2048_polfcfs_mem0.8,REGRESSION
lfm25,tool_agent,182,cap128_chunk2048_polfcfs_mem0.85,REGRESSION
lfm25,tool_agent,183,cap128_chunk2048_polfcfs_mem0.9,REGRESSION
lfm25,tool_agent,184,cap128_chunk8192_pollpm_mem0.75,TRADE-OFF
lfm25,tool_agent,185,cap128_chunk8192_pollpm_mem0.8,REGRESSION
lfm25,tool_agent,186,cap128_chunk8192_pollpm_mem0.85,TRADE-OFF
lfm25,tool_agent,187,cap128_chunk8192_pollpm_mem0.9,REGRESSION
lfm25,tool_agent,188,cap128_chunk8192_polfcfs_mem0.75,WIN
lfm25,tool_agent,189,cap128_chunk8192_polfcfs_mem0.8,WIN
lfm25,tool_agent,190,cap128_chunk8192_polfcfs_mem0.85,WIN
lfm25,tool_agent,191,cap128_chunk8192_polfcfs_mem0.9,WIN
