model,regime,configuration,repeat,req_per_s,output_tok_per_s,num_ok,num_total,completion_rate,ttft_mean,ttft_p50,ttft_p95,ttft_p99,tpot_mean,tpot_p50,tpot_p95,tpot_p99,e2e_mean,e2e_p50,e2e_p95,e2e_p99
qwen,C64_O512,baseline,1,7.406,3791.75,64,64,1.0,2212.695,2211.693,4336.693,4342.695,8.272,8.276,8.33,8.337,6442.524,6441.196,8592.381,8603.733
qwen,C128_O256,baseline,1,14.841,3799.264,128,128,1.0,3246.432,3250.547,6425.497,6433.92,8.145,8.14,8.195,8.205,5323.841,5336.15,8500.158,8510.191
qwen,C128_O256,baseline,2,14.847,3800.706,128,128,1.0,3202.854,3211.651,6337.352,6347.276,8.124,8.15,8.178,8.187,5276.926,5291.008,8417.776,8431.481
qwen,C64_O512,baseline,2,7.412,3794.716,64,64,1.0,2206.448,2206.204,4330.762,4335.631,8.269,8.276,8.327,8.329,6435.326,6435.238,8585.203,8591.714
qwen,C128_O256,baseline,3,14.856,3803.097,128,128,1.0,3327.163,3248.317,6417.603,6424.202,8.041,8.139,8.188,8.202,5322.445,5331.117,8493.782,8502.921
qwen,C64_O512,baseline,3,7.409,3793.58,64,64,1.0,2205.453,2204.802,4332.7,4336.018,8.274,8.278,8.327,8.332,6436.447,6437.138,8586.023,8592.302
qwen,C64_O512,baseline,4,7.402,3789.787,64,64,1.0,2214.205,2215.097,4342.222,4343.355,8.271,8.279,8.326,8.329,6444.175,6445.449,8593.807,8600.467
qwen,C128_O256,baseline,4,14.544,3723.345,128,128,1.0,3335.578,3341.778,6601.107,6609.058,8.311,8.162,8.824,8.832,5455.144,5508.963,8677.745,8685.041
qwen,C128_O256,baseline,5,14.803,3789.469,128,128,1.0,3262.218,3272.487,6448.62,6458.061,8.168,8.173,8.213,8.23,5345.695,5359.759,8523.378,8531.478
qwen,C64_O512,baseline,5,7.406,3791.733,64,64,1.0,2186.619,2170.207,4338.334,4343.414,8.254,8.258,8.328,8.329,6408.119,6392.986,8589.58,8598.071
qwen,C64_O512,cap_only,1,11.71,5995.646,64,64,1.0,109.24,106.518,147.293,149.035,10.363,10.359,10.387,10.475,5410.157,5414.022,5451.084,5456.174
qwen,C128_O256,cap_only,1,36.782,9416.245,128,128,1.0,135.375,135.269,165.699,173.635,12.691,12.708,12.957,13.109,3376.744,3375.725,3455.783,3467.307
qwen,C128_O256,cap_only,2,35.828,9172.001,128,128,1.0,149.955,143.912,205.612,243.466,12.867,12.979,13.1,13.341,3433.194,3450.735,3531.942,3550.107
qwen,C64_O512,cap_only,2,11.218,5743.504,64,64,1.0,424.449,423.519,458.11,462.654,10.221,10.224,10.251,10.255,5506.163,5501.644,5599.515,5621.261
qwen,C128_O256,cap_only,3,36.745,9406.603,128,128,1.0,142.071,141.269,177.533,183.767,12.685,12.646,12.971,13.106,3381.869,3381.511,3454.921,3468.223
qwen,C64_O512,cap_only,3,11.649,5964.418,64,64,1.0,114.441,113.803,148.955,152.916,10.417,10.416,10.437,10.55,5442.122,5443.332,5480.874,5483.452
qwen,C64_O512,cap_only,4,11.703,5991.855,64,64,1.0,111.547,109.064,147.549,149.671,10.37,10.367,10.392,10.48,5414.404,5415.523,5452.412,5456.258
qwen,C128_O256,cap_only,4,36.148,9253.865,128,128,1.0,127.241,128.431,154.808,159.83,12.961,12.97,13.212,13.327,3437.662,3441.055,3520.046,3529.745
qwen,C64_O512,cap_only,5,11.693,5986.59,64,64,1.0,116.701,115.267,151.997,155.183,10.372,10.367,10.399,10.491,5420.9,5419.769,5459.721,5464.17
qwen,C128_O256,cap_only,5,37.06,9487.267,128,128,1.0,118.228,118.1,144.885,152.605,12.673,12.677,12.906,12.978,3355.199,3356.149,3427.278,3436.26
qwen,C64_O512,full_high_concurrency,1,11.689,5984.932,64,64,1.0,127.224,126.228,160.481,167.296,10.356,10.353,10.379,10.516,5423.374,5423.557,5461.386,5467.728
qwen,C128_O256,full_high_concurrency,1,36.737,9404.602,128,128,1.0,137.739,136.938,165.052,171.871,12.698,12.708,12.974,13.074,3382.238,3380.907,3457.585,3470.419
qwen,C64_O512,full_high_concurrency,2,11.708,5994.507,64,64,1.0,113.79,111.988,147.9,149.511,10.363,10.36,10.386,10.511,5413.689,5411.232,5453.595,5457.147
qwen,C128_O256,full_high_concurrency,2,36.289,9289.863,128,128,1.0,163.892,158.122,217.505,225.476,12.777,12.864,13.133,13.226,3427.205,3428.694,3506.385,3517.476
qwen,C128_O256,full_high_concurrency,3,33.412,8553.5,128,128,1.0,481.324,481.818,511.767,520.25,12.748,12.763,12.993,13.067,3730.693,3737.008,3803.157,3813.65
qwen,C64_O512,full_high_concurrency,3,11.58,5928.986,64,64,1.0,121.802,118.47,193.382,207.72,10.371,10.367,10.395,10.523,5426.139,5421.716,5515.165,5523.039
qwen,C64_O512,full_high_concurrency,4,11.704,5992.318,64,64,1.0,113.368,111.852,148.295,152.796,10.37,10.367,10.398,10.487,5416.838,5415.736,5454.627,5464.913
qwen,C128_O256,full_high_concurrency,4,36.792,9418.685,128,128,1.0,135.178,136.132,161.51,166.382,12.698,12.705,12.955,13.099,3378.247,3379.1,3454.96,3468.377
qwen,C64_O512,full_high_concurrency,5,11.71,5995.6,64,64,1.0,114.662,114.662,148.991,150.062,10.362,10.359,10.386,10.516,5414.961,5413.807,5453.44,5462.008
qwen,C128_O256,full_high_concurrency,5,36.821,9426.24,128,128,1.0,136.296,136.973,166.818,173.507,12.674,12.678,12.963,13.106,3373.612,3376.941,3450.412,3466.752
lfm25,C128_O256,baseline,1,23.775,6086.347,128,128,1.0,2072.911,2046.639,4124.983,4145.266,4.854,4.821,5.048,5.07,3310.477,3303.449,5333.542,5352.984
lfm25,C64_O512,baseline,1,12.399,6348.516,64,64,1.0,1471.086,1471.746,2632.026,2639.69,4.731,4.731,4.888,4.891,3824.318,3822.7,5127.979,5139.797
lfm25,C64_O512,baseline,2,12.347,6321.825,64,64,1.0,1367.131,1363.077,2651.627,2656.763,4.836,4.891,4.911,4.911,3841.224,3836.449,5158.682,5166.356
lfm25,C128_O256,baseline,2,23.848,6105.1,128,128,1.0,2061.903,2025.309,4110.292,4129.655,4.851,4.807,5.054,5.067,3295.441,3285.409,5316.321,5337.661
lfm25,C128_O256,baseline,3,23.85,6105.546,128,128,1.0,2060.807,2031.174,4108.934,4125.764,4.852,4.804,5.062,5.064,3298.823,3289.599,5317.945,5333.464
lfm25,C64_O512,baseline,3,12.338,6316.809,64,64,1.0,1353.922,1336.526,2649.526,2660.985,4.834,4.851,4.903,4.907,3824.695,3808.967,5154.227,5167.955
lfm25,C64_O512,baseline,4,12.367,6332.002,64,64,1.0,1371.075,1368.595,2662.636,2673.105,4.836,4.835,4.852,4.955,3846.228,3843.42,5139.473,5148.308
lfm25,C128_O256,baseline,4,23.91,6120.848,128,128,1.0,2053.252,2013.206,4101.509,4117.818,4.848,4.821,5.051,5.067,3286.041,3272.984,5302.991,5321.531
lfm25,C128_O256,baseline,5,23.872,6111.247,128,128,1.0,2062.878,2024.455,4116.052,4134.732,4.846,4.825,5.07,5.083,3295.991,3285.031,5317.66,5336.562
lfm25,C64_O512,baseline,5,12.299,6297.322,64,64,1.0,1390.679,1389.22,2674.244,2679.687,4.838,4.86,4.882,4.949,3866.62,3867.103,5167.342,5173.823
lfm25,C64_O512,cap_only,1,17.391,8904.334,64,64,1.0,168.591,169.506,202.112,204.018,6.723,6.696,6.881,7.004,3610.26,3611.236,3662.536,3671.28
lfm25,C128_O256,cap_only,1,50.438,12912.102,128,128,1.0,399.246,407.282,453.336,456.89,7.988,8.045,8.153,9.402,2379.3,2384.767,2420.102,2430.041
lfm25,C128_O256,cap_only,2,53.474,13689.433,128,128,1.0,297.053,313.11,353.514,360.476,7.791,7.66,8.624,8.893,2290.01,2290.324,2368.542,2381.898
lfm25,C64_O512,cap_only,2,17.308,8861.772,64,64,1.0,179.933,180.156,211.842,214.494,6.726,6.72,6.836,7.019,3624.281,3627.648,3671.196,3674.621
lfm25,C64_O512,cap_only,3,17.382,8899.753,64,64,1.0,178.559,182.633,204.317,207.272,6.707,6.704,6.785,6.987,3613.426,3612.011,3661.983,3668.467
lfm25,C128_O256,cap_only,3,54.102,13850.127,128,128,1.0,280.004,299.647,336.408,341.008,7.755,7.647,8.543,8.745,2264.24,2263.419,2339.881,2350.284
lfm25,C128_O256,cap_only,4,53.979,13818.733,128,128,1.0,281.279,298.342,335.848,344.05,7.778,7.645,8.527,8.917,2271.095,2272.088,2343.262,2361.336
lfm25,C64_O512,cap_only,4,17.266,8840.023,64,64,1.0,118.178,129.576,153.057,156.325,6.78,6.736,7.049,7.074,3591.1,3582.644,3679.566,3700.471
lfm25,C64_O512,cap_only,5,17.408,8912.884,64,64,1.0,159.552,161.53,189.828,194.011,6.726,6.708,6.854,6.925,3604.485,3605.853,3649.508,3671.942
lfm25,C128_O256,cap_only,5,53.552,13709.19,128,128,1.0,295.352,310.376,355.038,361.857,7.797,7.668,8.623,8.889,2289.547,2292.184,2361.941,2375.797
lfm25,C128_O256,full_high_concurrency,1,49.332,12628.918,128,128,1.0,267.681,217.279,471.654,478.499,8.688,8.945,9.621,9.773,2489.455,2488.513,2563.124,2577.757
lfm25,C64_O512,full_high_concurrency,1,16.366,8379.385,64,64,1.0,429.494,451.344,483.77,485.557,6.622,6.596,6.743,6.768,3768.284,3842.674,3877.324,3880.616
lfm25,C128_O256,full_high_concurrency,2,52.985,13564.081,128,128,1.0,177.466,175.037,226.269,234.487,8.218,8.273,8.751,8.983,2278.473,2312.205,2387.568,2394.781
lfm25,C64_O512,full_high_concurrency,2,17.509,8964.578,64,64,1.0,134.678,142.857,167.839,169.534,6.747,6.747,6.918,7.0,3590.003,3593.323,3635.788,3648.746
lfm25,C128_O256,full_high_concurrency,3,53.505,13697.285,128,128,1.0,201.66,198.241,291.224,296.659,8.173,8.167,8.831,8.996,2291.599,2289.273,2367.204,2380.333
lfm25,C64_O512,full_high_concurrency,3,17.456,8937.522,64,64,1.0,144.121,148.452,181.803,185.619,6.747,6.755,6.936,7.023,3599.148,3600.125,3648.718,3660.505
lfm25,C64_O512,full_high_concurrency,4,17.51,8965.194,64,64,1.0,137.133,142.558,172.435,174.232,6.731,6.717,6.897,6.946,3583.001,3583.797,3625.488,3652.462
lfm25,C128_O256,full_high_concurrency,4,53.047,13580.016,128,128,1.0,210.144,207.01,298.807,305.365,8.219,8.24,8.843,9.014,2311.897,2314.156,2386.023,2397.537
lfm25,C64_O512,full_high_concurrency,5,17.336,8876.156,64,64,1.0,129.557,133.847,161.229,164.456,6.828,6.811,6.986,7.064,3625.886,3629.535,3672.253,3676.671
lfm25,C128_O256,full_high_concurrency,5,51.475,13177.698,128,128,1.0,290.672,288.596,371.665,377.29,8.193,8.221,8.818,9.362,2385.503,2386.329,2460.775,2473.319
